title,description,category,priority,days_until_due,due_date
Implement analytics export for admin dashboard,"New requirement from sales: payments service needs payment capability. No rush, whenever you get a chance.",Feature Development,LOW,51,2026-10-03
Research mobile options for React frontend,Team needs a recommendation on payment approach for billing module.,Research,MEDIUM,11,2026-08-24
Add regression tests for notification service,"The upload flow has no automated tests, causing repeat regressions. No rush, whenever you get a chance.",Testing,LOW,24,2026-09-06
Investigate user profile performance issue in payments service,"Team needs a recommendation on SSO approach for mobile app. Customer-facing outage, top priority.",Research,URGENT,-2,2026-08-11
Configure autoscaling for admin dashboard,search service deploys are manual and error-prone; automate with CI/CD.,DevOps/Infrastructure,MEDIUM,9,2026-08-22
Add support for user profile in auth service,"Design has finalized mockups for the upload feature in notification service. No rush, whenever you get a chance.",Feature Development,LOW,56,2026-10-08
Increase test coverage on notification service,Coverage on admin dashboard is below target; add tests before release.,Testing,MEDIUM,8,2026-08-21
Document reporting setup process,"API consumers are confused about reporting engine usage, needs docs. No rush, whenever you get a chance.",Documentation,LOW,52,2026-10-04
Write architecture doc for notification service,"New engineers need clearer docs on how user service works. Needed before end of sprint, please prioritize.",Documentation,HIGH,5,2026-08-18
Increase test coverage on backend API,"Coverage on backend API is below target; add tests before release. Someday/maybe, not time sensitive.",Testing,LOW,31,2026-09-13
Add session filtering to checkout flow dashboard,Design has finalized mockups for the payment feature in auth service.,Feature Development,MEDIUM,13,2026-08-26
Prepare slides for payments service review,Need to align stakeholders on billing module before next sprint.,Meeting/Admin,MEDIUM,14,2026-08-27
Fix exposed session endpoint in checkout flow,"Pen test found an exposed reporting in the notification service API. Nice to have, low priority.",Security,LOW,46,2026-09-28
Schedule sprint planning for backend API,"Need to align stakeholders on auth service before next sprint. Needed before end of sprint, please prioritize.",Meeting/Admin,HIGH,4,2026-08-17
Patch authentication vulnerability in user service,"Compliance requires rotating billing used by billing module this month. Needed before end of sprint, please prioritize.",Security,HIGH,1,2026-08-14
Implement dark mode for billing module,Design has finalized mockups for the SSO feature in auth service. Important for the client demo next week.,Feature Development,HIGH,4,2026-08-17
Create onboarding guide for reporting engine,"API consumers are confused about billing module usage, needs docs. No rush, whenever you get a chance.",Documentation,LOW,54,2026-10-06
Create wireframes for search flow,Need updated mockups for billing module before dev starts. Can be picked up next quarter.,Design,LOW,45,2026-09-27
Resolve login failure for session users,"Regression introduced by last sprint's changes to backend API; needs a hotfix. Needed before end of sprint, please prioritize.",Bug Fix,HIGH,1,2026-08-14
Implement dark mode for React frontend,New requirement from sales: auth service needs search capability.,Feature Development,MEDIUM,11,2026-08-24
Document chat setup process,"The payment process isn't documented anywhere; write a guide. Nice to have, low priority.",Documentation,LOW,59,2026-10-11
Design icon set for auth service,"Current billing UI feels dated, redesign requested by stakeholders.",Design,MEDIUM,6,2026-08-19
Write unit tests for backend API module,QA wants automated E2E coverage for chat before launch.,Testing,MEDIUM,3,2026-08-16
Implement dark mode for backend API,"New requirement from sales: backend API needs checkout capability. No rush, whenever you get a chance.",Feature Development,LOW,46,2026-09-28
Increase test coverage on search service,"Coverage on payments service is below target; add tests before release. Someday/maybe, not time sensitive.",Testing,LOW,29,2026-09-11
Set up retro for React frontend team,Need to align stakeholders on user service before next sprint.,Meeting/Admin,MEDIUM,9,2026-08-22
Schedule sprint planning for auth service,Book time with backend API team to discuss checkout plan.,Meeting/Admin,MEDIUM,8,2026-08-21
Add payment filtering to notification service dashboard,Customer requested search functionality for user service. Important for the client demo next week.,Feature Development,HIGH,2,2026-08-15
Create SSO integration with billing module,"Product wants mobile support added to the auth service module this quarter. No rush, whenever you get a chance.",Feature Development,LOW,19,2026-09-01
Add integration tests for authentication flow,"The payment flow has no automated tests, causing repeat regressions. Nice to have, low priority.",Testing,LOW,38,2026-09-20
Resolve data corruption in search service,"Regression introduced by last sprint's changes to reporting engine; needs a hotfix. Someday/maybe, not time sensitive.",Bug Fix,LOW,23,2026-09-05
Increase test coverage on backend API,"QA wants automated E2E coverage for analytics before launch. Urgent request from the CEO, needs to ship today.",Testing,URGENT,-2,2026-08-11
Fix race condition in billing module module,"Stack trace shows a mobile exception thrown from the billing module handler. Critical: production is down, all hands on this now.",Bug Fix,URGENT,-2,2026-08-11
Patch export vulnerability in notification service,"Pen test found an exposed checkout in the checkout flow API. Needed before end of sprint, please prioritize.",Security,HIGH,1,2026-08-14
Patch authentication vulnerability in auth service,Compliance requires rotating upload used by billing module this month. Important for the client demo next week.,Security,HIGH,2,2026-08-15
Migrate user service to new cluster,auth service deploys are manual and error-prone; automate with CI/CD. Important for the client demo next week.,DevOps/Infrastructure,HIGH,1,2026-08-14
Fix race condition in checkout flow module,Users report checkout fails intermittently after the latest deploy to billing module. Important for the client demo next week.,Bug Fix,HIGH,2,2026-08-15
Set up CI/CD pipeline for notification service,Need to migrate payments service off legacy infrastructure this quarter.,DevOps/Infrastructure,MEDIUM,11,2026-08-24
Design UI mockups for billing module,"Current session UI feels dated, redesign requested by stakeholders. Critical: production is down, all hands on this now.",Design,URGENT,0,2026-08-13
Implement analytics export for billing module,New requirement from sales: admin dashboard needs user profile capability.,Feature Development,MEDIUM,14,2026-08-27
Migrate auth service to new cluster,Need to migrate search service off legacy infrastructure this quarter. This is high priority for the upcoming release.,DevOps/Infrastructure,HIGH,1,2026-08-14
Investigate mobile performance issue in backend API,Unclear why payments service is slow under SSO; needs investigation.,Research,MEDIUM,7,2026-08-20
Create onboarding guide for reporting engine,"The chat process isn't documented anywhere; write a guide. Critical: production is down, all hands on this now.",Documentation,URGENT,-2,2026-08-11
Provision new chat environment,Need to migrate backend API off legacy infrastructure this quarter. This is high priority for the upcoming release.,DevOps/Infrastructure,HIGH,3,2026-08-16
Add integration tests for export flow,"The SSO flow has no automated tests, causing repeat regressions. Someday/maybe, not time sensitive.",Testing,LOW,53,2026-10-05
Update README for payments service service,"New engineers need clearer docs on how user service works. Urgent request from the CEO, needs to ship today.",Documentation,URGENT,1,2026-08-14
Increase test coverage on reporting engine,"Coverage on backend API is below target; add tests before release. Nice to have, low priority.",Testing,LOW,26,2026-09-08
Coordinate user profile kickoff meeting,Need to align stakeholders on auth service before next sprint. Important for the client demo next week.,Meeting/Admin,HIGH,3,2026-08-16
Build new auth service onboarding flow,Customer requested export functionality for billing module. This is high priority for the upcoming release.,Feature Development,HIGH,1,2026-08-14
Create wireframes for upload flow,Need updated mockups for checkout flow before dev starts.,Design,MEDIUM,14,2026-08-27
Set up monitoring for billing module service,checkout flow deploys are manual and error-prone; automate with CI/CD. This is high priority for the upcoming release.,DevOps/Infrastructure,HIGH,4,2026-08-17
Fix incorrect reporting calculation in user service,Users report export fails intermittently after the latest deploy to mobile app.,Bug Fix,MEDIUM,13,2026-08-26
Implement dark mode for admin dashboard,"Design has finalized mockups for the export feature in user service. Needed before end of sprint, please prioritize.",Feature Development,HIGH,3,2026-08-16
Refactor legacy user service code,"Remove dead authentication code left over from the old auth service implementation. Nice to have, low priority.",Maintenance,LOW,53,2026-10-05
Audit billing module for security issues,"Security scan flagged a user profile vulnerability in admin dashboard. Needed before end of sprint, please prioritize.",Security,HIGH,5,2026-08-18
Set up monitoring for search service service,Ops wants alerting configured for billing module before it handles more traffic.,DevOps/Infrastructure,MEDIUM,14,2026-08-27
Write API docs for billing module endpoints,"API consumers are confused about checkout flow usage, needs docs. This is high priority for the upcoming release.",Documentation,HIGH,3,2026-08-16
Add integration tests for search flow,Coverage on search service is below target; add tests before release.,Testing,MEDIUM,4,2026-08-17
Set up retro for auth service team,Book time with reporting engine team to discuss payment plan.,Meeting/Admin,MEDIUM,10,2026-08-23
Evaluate search libraries for auth service,"Explore whether mobile is viable for the React frontend rewrite. Nice to have, low priority.",Research,LOW,25,2026-09-07
Update billing module to latest framework version,React frontend dependencies are several versions behind and need upgrading.,Maintenance,MEDIUM,10,2026-08-23
Clean up unused SSO in search service,"Remove dead OAuth token code left over from the old reporting engine implementation. Someday/maybe, not time sensitive.",Maintenance,LOW,49,2026-10-01
Prepare slides for search service review,Prepare status update for user profile to share with leadership. Can be picked up next quarter.,Meeting/Admin,LOW,47,2026-09-29
Prepare slides for search service review,Need to align stakeholders on admin dashboard before next sprint. Important for the client demo next week.,Meeting/Admin,HIGH,3,2026-08-16
Upgrade payments service dependencies,reporting engine dependencies are several versions behind and need upgrading. This is high priority for the upcoming release.,Maintenance,HIGH,1,2026-08-14
Spike on reporting feasibility for billing module,Unclear why backend API is slow under authentication; needs investigation. Important for the client demo next week.,Research,HIGH,4,2026-08-17
Patch OAuth token vulnerability in checkout flow,Pen test found an exposed billing in the backend API API. Can be picked up next quarter.,Security,LOW,38,2026-09-20
Evaluate billing libraries for notification service,"Unclear why search service is slow under authentication; needs investigation. Urgent request from the CEO, needs to ship today.",Research,URGENT,1,2026-08-14
Create onboarding guide for payments service,"API consumers are confused about backend API usage, needs docs. No rush, whenever you get a chance.",Documentation,LOW,19,2026-09-01
Evaluate OAuth token libraries for search service,Team needs a recommendation on mobile approach for admin dashboard.,Research,MEDIUM,6,2026-08-19
Coordinate reporting kickoff meeting,Prepare status update for SSO to share with leadership. This is high priority for the upcoming release.,Meeting/Admin,HIGH,4,2026-08-17
Fix crash when reporting on notification service,Users report SSO fails intermittently after the latest deploy to auth service. This is blocking the release and needs to be fixed ASAP.,Bug Fix,URGENT,-1,2026-08-12
Write unit tests for payments service module,Coverage on search service is below target; add tests before release.,Testing,MEDIUM,12,2026-08-25
Write E2E tests for analytics checkout,"The search flow has no automated tests, causing repeat regressions.",Testing,MEDIUM,14,2026-08-27
Add user profile filtering to React frontend dashboard,Product wants session support added to the admin dashboard module this quarter.,Feature Development,MEDIUM,9,2026-08-22
Evaluate checkout libraries for checkout flow,"Explore whether OAuth token is viable for the auth service rewrite. Needed before end of sprint, please prioritize.",Research,HIGH,3,2026-08-16
Patch SSO vulnerability in checkout flow,Security scan flagged a reporting vulnerability in billing module.,Security,MEDIUM,8,2026-08-21
Add support for export in mobile app,"Product wants OAuth token support added to the user service module this quarter. No rush, whenever you get a chance.",Feature Development,LOW,41,2026-09-23
Set up monitoring for payments service service,Need to migrate reporting engine off legacy infrastructure this quarter.,DevOps/Infrastructure,MEDIUM,13,2026-08-26
Design icon set for user service,Create a design spec for the new admin dashboard experience. This is high priority for the upcoming release.,Design,HIGH,1,2026-08-14
Design icon set for search service,Create a design spec for the new auth service experience.,Design,MEDIUM,3,2026-08-16
Coordinate search kickoff meeting,"Need to align stakeholders on admin dashboard before next sprint. Needed before end of sprint, please prioritize.",Meeting/Admin,HIGH,3,2026-08-16
Upgrade notification service dependencies,reporting engine dependencies are several versions behind and need upgrading.,Maintenance,MEDIUM,11,2026-08-24
Write E2E tests for export checkout,"The billing flow has no automated tests, causing repeat regressions. Critical: production is down, all hands on this now.",Testing,URGENT,1,2026-08-14
Increase test coverage on checkout flow,"The billing flow has no automated tests, causing repeat regressions.",Testing,MEDIUM,9,2026-08-22
Clean up unused reporting in reporting engine,"Tech debt in admin dashboard is slowing down feature work, needs refactor. This is high priority for the upcoming release.",Maintenance,HIGH,2,2026-08-15
Set up CI/CD pipeline for billing module,Ops wants alerting configured for notification service before it handles more traffic. Important for the client demo next week.,DevOps/Infrastructure,HIGH,3,2026-08-16
Audit notification service for security issues,Pen test found an exposed payment in the mobile app API. This is high priority for the upcoming release.,Security,HIGH,5,2026-08-18
Document mobile setup process,"API consumers are confused about reporting engine usage, needs docs. Someday/maybe, not time sensitive.",Documentation,LOW,20,2026-09-02
Address null pointer exception in search service,QA found this reproducible on payments service under reporting load. Can be picked up next quarter.,Bug Fix,LOW,44,2026-09-26
Implement authentication export for search service,Product wants upload support added to the auth service module this quarter.,Feature Development,MEDIUM,5,2026-08-18
Write architecture doc for React frontend,"New engineers need clearer docs on how billing module works. Nice to have, low priority.",Documentation,LOW,47,2026-09-29
Spike on session feasibility for search service,Unclear why checkout flow is slow under OAuth token; needs investigation. Can be picked up next quarter.,Research,LOW,50,2026-10-02
Patch upload vulnerability in reporting engine,Security scan flagged a SSO vulnerability in notification service.,Security,MEDIUM,7,2026-08-20
Add payment filtering to payments service dashboard,Product wants search support added to the backend API module this quarter.,Feature Development,MEDIUM,14,2026-08-27
Fix exposed user profile endpoint in backend API,Security scan flagged a user profile vulnerability in reporting engine. Important for the client demo next week.,Security,HIGH,1,2026-08-14
Increase test coverage on auth service,QA wants automated E2E coverage for export before launch.,Testing,MEDIUM,11,2026-08-24
Add integration tests for session flow,Coverage on backend API is below target; add tests before release. Important for the client demo next week.,Testing,HIGH,5,2026-08-18
Audit React frontend for security issues,Pen test found an exposed analytics in the admin dashboard API.,Security,MEDIUM,7,2026-08-20
Update React frontend to latest framework version,Remove dead mobile code left over from the old user service implementation. Can be picked up next quarter.,Maintenance,LOW,15,2026-08-28
Add export filtering to checkout flow dashboard,"Product wants SSO support added to the auth service module this quarter. No rush, whenever you get a chance.",Feature Development,LOW,25,2026-09-07
Set up retro for admin dashboard team,Need to align stakeholders on user service before next sprint.,Meeting/Admin,MEDIUM,10,2026-08-23
Create reporting integration with user service,"Design has finalized mockups for the reporting feature in auth service. Critical: production is down, all hands on this now.",Feature Development,URGENT,0,2026-08-13
Spike on user profile feasibility for auth service,Unclear why billing module is slow under OAuth token; needs investigation. This is blocking the release and needs to be fixed ASAP.,Research,URGENT,0,2026-08-13
Redesign user service settings page,Create a design spec for the new backend API experience.,Design,MEDIUM,11,2026-08-24
Set up retro for notification service team,"Book time with checkout flow team to discuss reporting plan. Someday/maybe, not time sensitive.",Meeting/Admin,LOW,17,2026-08-30
Increase test coverage on payments service,"The billing flow has no automated tests, causing repeat regressions.",Testing,MEDIUM,3,2026-08-16
Rotate analytics credentials for payments service,Pen test found an exposed chat in the backend API API.,Security,MEDIUM,4,2026-08-17
Write unit tests for React frontend module,QA wants automated E2E coverage for OAuth token before launch.,Testing,MEDIUM,14,2026-08-27
Redesign search service settings page,"Current payment UI feels dated, redesign requested by stakeholders.",Design,MEDIUM,9,2026-08-22
Add regression tests for reporting engine,Coverage on React frontend is below target; add tests before release. Important for the client demo next week.,Testing,HIGH,3,2026-08-16
Clean up unused OAuth token in backend API,"Tech debt in admin dashboard is slowing down feature work, needs refactor. Someday/maybe, not time sensitive.",Maintenance,LOW,23,2026-09-05
Set up retro for mobile app team,Book time with billing module team to discuss SSO plan.,Meeting/Admin,MEDIUM,8,2026-08-21
Add integration tests for upload flow,"Coverage on user service is below target; add tests before release. Customer-facing outage, top priority.",Testing,URGENT,1,2026-08-14
Evaluate billing libraries for backend API,Team needs a recommendation on chat approach for checkout flow. This is high priority for the upcoming release.,Research,HIGH,4,2026-08-17
Add support for session in search service,Product wants analytics support added to the payments service module this quarter.,Feature Development,MEDIUM,13,2026-08-26
Write API docs for admin dashboard endpoints,The upload process isn't documented anywhere; write a guide.,Documentation,MEDIUM,4,2026-08-17
Provision new authentication environment,"Ops wants alerting configured for search service before it handles more traffic. No rush, whenever you get a chance.",DevOps/Infrastructure,LOW,53,2026-10-05
Add export filtering to auth service dashboard,Design has finalized mockups for the payment feature in reporting engine. This is blocking the release and needs to be fixed ASAP.,Feature Development,URGENT,-2,2026-08-11
Prepare slides for admin dashboard review,Need to align stakeholders on mobile app before next sprint. Can be picked up next quarter.,Meeting/Admin,LOW,36,2026-09-18
Set up monitoring for notification service service,Ops wants alerting configured for checkout flow before it handles more traffic.,DevOps/Infrastructure,MEDIUM,5,2026-08-18
Update README for checkout flow service,"The upload process isn't documented anywhere; write a guide. Needed before end of sprint, please prioritize.",Documentation,HIGH,2,2026-08-15
Write E2E tests for export checkout,"The user profile flow has no automated tests, causing repeat regressions. Customer-facing outage, top priority.",Testing,URGENT,0,2026-08-13
Refactor legacy search service code,"Tech debt in admin dashboard is slowing down feature work, needs refactor.",Maintenance,MEDIUM,9,2026-08-22
Design icon set for admin dashboard,"Need updated mockups for search service before dev starts. Customer-facing outage, top priority.",Design,URGENT,0,2026-08-13
Audit admin dashboard for security issues,Security scan flagged a OAuth token vulnerability in auth service.,Security,MEDIUM,3,2026-08-16
Patch session vulnerability in checkout flow,"Compliance requires rotating billing used by admin dashboard this month. Nice to have, low priority.",Security,LOW,52,2026-10-04
Migrate notification service to new cluster,"Ops wants alerting configured for auth service before it handles more traffic. Nice to have, low priority.",DevOps/Infrastructure,LOW,54,2026-10-06
Implement dark mode for backend API,"Design has finalized mockups for the SSO feature in search service. Urgent request from the CEO, needs to ship today.",Feature Development,URGENT,-1,2026-08-12
Build new reporting engine onboarding flow,"Customer requested search functionality for notification service. Needed before end of sprint, please prioritize.",Feature Development,HIGH,3,2026-08-16
Clean up unused OAuth token in payments service,"Tech debt in search service is slowing down feature work, needs refactor. Can be picked up next quarter.",Maintenance,LOW,35,2026-09-17
Create checkout integration with payments service,"New requirement from sales: auth service needs OAuth token capability. Someday/maybe, not time sensitive.",Feature Development,LOW,49,2026-10-01
Set up CI/CD pipeline for user service,billing module deploys are manual and error-prone; automate with CI/CD. Important for the client demo next week.,DevOps/Infrastructure,HIGH,3,2026-08-16
Fix exposed OAuth token endpoint in auth service,Pen test found an exposed checkout in the auth service API. This is high priority for the upcoming release.,Security,HIGH,5,2026-08-18
Clean up unused session in checkout flow,React frontend dependencies are several versions behind and need upgrading.,Maintenance,MEDIUM,10,2026-08-23
Design icon set for payments service,"Need updated mockups for admin dashboard before dev starts. No rush, whenever you get a chance.",Design,LOW,20,2026-09-02
Add regression tests for user service,"The reporting flow has no automated tests, causing repeat regressions. Someday/maybe, not time sensitive.",Testing,LOW,51,2026-10-03
Create onboarding guide for React frontend,The upload process isn't documented anywhere; write a guide. Can be picked up next quarter.,Documentation,LOW,16,2026-08-29
Migrate search service to new cluster,"mobile app deploys are manual and error-prone; automate with CI/CD. Urgent request from the CEO, needs to ship today.",DevOps/Infrastructure,URGENT,0,2026-08-13
Resolve data corruption in notification service,"Users report OAuth token fails intermittently after the latest deploy to search service. Critical: production is down, all hands on this now.",Bug Fix,URGENT,-2,2026-08-11
Fix broken payment button on payments service page,Stack trace shows a checkout exception thrown from the billing module handler. This is high priority for the upcoming release.,Bug Fix,HIGH,2,2026-08-15
Migrate checkout flow to new cluster,payments service deploys are manual and error-prone; automate with CI/CD. Can be picked up next quarter.,DevOps/Infrastructure,LOW,25,2026-09-07
Implement dark mode for backend API,"New requirement from sales: mobile app needs mobile capability. Nice to have, low priority.",Feature Development,LOW,51,2026-10-03
Set up CI/CD pipeline for admin dashboard,reporting engine deploys are manual and error-prone; automate with CI/CD.,DevOps/Infrastructure,MEDIUM,4,2026-08-17
Create billing integration with mobile app,"Product wants billing support added to the billing module module this quarter. Needed before end of sprint, please prioritize.",Feature Development,HIGH,1,2026-08-14
Clean up unused billing in auth service,"search service dependencies are several versions behind and need upgrading. Someday/maybe, not time sensitive.",Maintenance,LOW,57,2026-10-09
Create analytics integration with search service,Product wants session support added to the React frontend module this quarter. This is high priority for the upcoming release.,Feature Development,HIGH,1,2026-08-14
Document upload setup process,"API consumers are confused about reporting engine usage, needs docs. Needed before end of sprint, please prioritize.",Documentation,HIGH,5,2026-08-18
Design icon set for checkout flow,"Current checkout UI feels dated, redesign requested by stakeholders. This is a P0 blocker for the launch tomorrow.",Design,URGENT,-1,2026-08-12
Spike on session feasibility for notification service,Unclear why search service is slow under reporting; needs investigation.,Research,MEDIUM,14,2026-08-27
Build new mobile app onboarding flow,Design has finalized mockups for the reporting feature in payments service.,Feature Development,MEDIUM,10,2026-08-23
Implement OAuth token export for React frontend,Product wants authentication support added to the React frontend module this quarter. Can be picked up next quarter.,Feature Development,LOW,22,2026-09-04
Upgrade billing module dependencies,Remove dead reporting code left over from the old auth service implementation. Important for the client demo next week.,Maintenance,HIGH,4,2026-08-17
Address null pointer exception in admin dashboard,Regression introduced by last sprint's changes to checkout flow; needs a hotfix.,Bug Fix,MEDIUM,5,2026-08-18
Prepare slides for React frontend review,Prepare status update for OAuth token to share with leadership.,Meeting/Admin,MEDIUM,7,2026-08-20
Rotate SSO credentials for user service,Compliance requires rotating SSO used by checkout flow this month.,Security,MEDIUM,13,2026-08-26
Upgrade auth service dependencies,"Remove dead user profile code left over from the old backend API implementation. Needed before end of sprint, please prioritize.",Maintenance,HIGH,3,2026-08-16
Configure autoscaling for payments service,auth service deploys are manual and error-prone; automate with CI/CD.,DevOps/Infrastructure,MEDIUM,5,2026-08-18
Resolve login failure for analytics users,Stack trace shows a authentication exception thrown from the user service handler.,Bug Fix,MEDIUM,5,2026-08-18
Configure autoscaling for mobile app,"Ops wants alerting configured for React frontend before it handles more traffic. Nice to have, low priority.",DevOps/Infrastructure,LOW,24,2026-09-06
Patch export vulnerability in React frontend,Pen test found an exposed billing in the auth service API.,Security,MEDIUM,12,2026-08-25
Set up retro for notification service team,Book time with mobile app team to discuss checkout plan.,Meeting/Admin,MEDIUM,7,2026-08-20
Fix exposed chat endpoint in auth service,Pen test found an exposed mobile in the notification service API.,Security,MEDIUM,12,2026-08-25
Fix crash when payment on admin dashboard,Stack trace shows a SSO exception thrown from the payments service handler. Can be picked up next quarter.,Bug Fix,LOW,34,2026-09-16
Implement billing export for reporting engine,Customer requested search functionality for payments service.,Feature Development,MEDIUM,14,2026-08-27
Add regression tests for auth service,"The checkout flow has no automated tests, causing repeat regressions. No rush, whenever you get a chance.",Testing,LOW,41,2026-09-23
Fix race condition in React frontend module,Regression introduced by last sprint's changes to user service; needs a hotfix.,Bug Fix,MEDIUM,14,2026-08-27
Investigate checkout performance issue in user service,"Team needs a recommendation on reporting approach for payments service. Someday/maybe, not time sensitive.",Research,LOW,58,2026-10-10
Set up CI/CD pipeline for React frontend,checkout flow deploys are manual and error-prone; automate with CI/CD.,DevOps/Infrastructure,MEDIUM,4,2026-08-17
Investigate analytics performance issue in mobile app,Team needs a recommendation on reporting approach for payments service. This is blocking the release and needs to be fixed ASAP.,Research,URGENT,-1,2026-08-12
Configure autoscaling for auth service,React frontend deploys are manual and error-prone; automate with CI/CD. This is high priority for the upcoming release.,DevOps/Infrastructure,HIGH,2,2026-08-15
Rotate SSO credentials for auth service,Security scan flagged a search vulnerability in auth service.,Security,MEDIUM,12,2026-08-25
Fix exposed export endpoint in checkout flow,"Compliance requires rotating export used by checkout flow this month. Needed before end of sprint, please prioritize.",Security,HIGH,3,2026-08-16
Create onboarding guide for search service,"The export process isn't documented anywhere; write a guide. No rush, whenever you get a chance.",Documentation,LOW,36,2026-09-18
Upgrade search service dependencies,"Tech debt in backend API is slowing down feature work, needs refactor.",Maintenance,MEDIUM,7,2026-08-20
Implement dark mode for React frontend,Customer requested billing functionality for checkout flow.,Feature Development,MEDIUM,14,2026-08-27
Fix race condition in checkout flow module,Stack trace shows a reporting exception thrown from the checkout flow handler.,Bug Fix,MEDIUM,5,2026-08-18
Fix race condition in mobile app module,Users report chat fails intermittently after the latest deploy to auth service. This is high priority for the upcoming release.,Bug Fix,HIGH,4,2026-08-17
Prepare slides for mobile app review,"Prepare status update for authentication to share with leadership. No rush, whenever you get a chance.",Meeting/Admin,LOW,54,2026-10-06
Set up CI/CD pipeline for React frontend,"Ops wants alerting configured for user service before it handles more traffic. Needed before end of sprint, please prioritize.",DevOps/Infrastructure,HIGH,5,2026-08-18
Document checkout setup process,"API consumers are confused about mobile app usage, needs docs. Needed before end of sprint, please prioritize.",Documentation,HIGH,4,2026-08-17
Write architecture doc for React frontend,The chat process isn't documented anywhere; write a guide.,Documentation,MEDIUM,8,2026-08-21
Write architecture doc for auth service,"API consumers are confused about billing module usage, needs docs.",Documentation,MEDIUM,8,2026-08-21
Create wireframes for payment flow,"Current payment UI feels dated, redesign requested by stakeholders. Nice to have, low priority.",Design,LOW,18,2026-08-31
Design UI mockups for billing module,"Create a design spec for the new billing module experience. Urgent request from the CEO, needs to ship today.",Design,URGENT,-1,2026-08-12
Fix exposed search endpoint in payments service,"Security scan flagged a OAuth token vulnerability in reporting engine. Nice to have, low priority.",Security,LOW,60,2026-10-12
Schedule sprint planning for mobile app,Book time with notification service team to discuss analytics plan. Can be picked up next quarter.,Meeting/Admin,LOW,42,2026-09-24
Add regression tests for admin dashboard,"The session flow has no automated tests, causing repeat regressions.",Testing,MEDIUM,12,2026-08-25
Set up retro for admin dashboard team,Prepare status update for chat to share with leadership.,Meeting/Admin,MEDIUM,5,2026-08-18
Add regression tests for admin dashboard,"Coverage on search service is below target; add tests before release. No rush, whenever you get a chance.",Testing,LOW,59,2026-10-11
Upgrade React frontend dependencies,"search service dependencies are several versions behind and need upgrading. Nice to have, low priority.",Maintenance,LOW,41,2026-09-23
Add OAuth token filtering to search service dashboard,Design has finalized mockups for the session feature in backend API.,Feature Development,MEDIUM,9,2026-08-22
Clean up unused payment in user service,notification service dependencies are several versions behind and need upgrading. This is blocking the release and needs to be fixed ASAP.,Maintenance,URGENT,0,2026-08-13
Update README for admin dashboard service,"The analytics process isn't documented anywhere; write a guide. Someday/maybe, not time sensitive.",Documentation,LOW,42,2026-09-24
Patch session vulnerability in React frontend,"Security scan flagged a user profile vulnerability in notification service. Someday/maybe, not time sensitive.",Security,LOW,21,2026-09-03
Create wireframes for user profile flow,Need updated mockups for user service before dev starts.,Design,MEDIUM,12,2026-08-25
Schedule sprint planning for search service,Book time with backend API team to discuss chat plan.,Meeting/Admin,MEDIUM,12,2026-08-25
Add integration tests for user profile flow,Coverage on mobile app is below target; add tests before release. Important for the client demo next week.,Testing,HIGH,2,2026-08-15
Add support for reporting in React frontend,"Product wants authentication support added to the search service module this quarter. Customer-facing outage, top priority.",Feature Development,URGENT,0,2026-08-13
Design UI mockups for React frontend,"Current payment UI feels dated, redesign requested by stakeholders.",Design,MEDIUM,4,2026-08-17
Audit backend API for security issues,"Pen test found an exposed chat in the mobile app API. Nice to have, low priority.",Security,LOW,57,2026-10-09
Set up retro for payments service team,"Need to align stakeholders on reporting engine before next sprint. Someday/maybe, not time sensitive.",Meeting/Admin,LOW,16,2026-08-29
Create wireframes for mobile flow,Need updated mockups for admin dashboard before dev starts.,Design,MEDIUM,11,2026-08-24
Coordinate mobile kickoff meeting,"Need to align stakeholders on mobile app before next sprint. No rush, whenever you get a chance.",Meeting/Admin,LOW,55,2026-10-07
Configure autoscaling for mobile app,"Need to migrate user service off legacy infrastructure this quarter. Someday/maybe, not time sensitive.",DevOps/Infrastructure,LOW,35,2026-09-17
Create onboarding guide for search service,The session process isn't documented anywhere; write a guide. This is high priority for the upcoming release.,Documentation,HIGH,4,2026-08-17
Create upload integration with payments service,"Design has finalized mockups for the reporting feature in React frontend. Urgent request from the CEO, needs to ship today.",Feature Development,URGENT,0,2026-08-13
Set up retro for reporting engine team,"Prepare status update for reporting to share with leadership. Urgent request from the CEO, needs to ship today.",Meeting/Admin,URGENT,1,2026-08-14
Design UI mockups for auth service,Create a design spec for the new mobile app experience.,Design,MEDIUM,14,2026-08-27
Write API docs for checkout flow endpoints,"API consumers are confused about search service usage, needs docs. This is blocking the release and needs to be fixed ASAP.",Documentation,URGENT,-1,2026-08-12
Configure autoscaling for checkout flow,payments service deploys are manual and error-prone; automate with CI/CD.,DevOps/Infrastructure,MEDIUM,8,2026-08-21
Set up monitoring for React frontend service,Ops wants alerting configured for billing module before it handles more traffic.,DevOps/Infrastructure,MEDIUM,8,2026-08-21
Create wireframes for checkout flow,Create a design spec for the new search service experience.,Design,MEDIUM,11,2026-08-24
Build new admin dashboard onboarding flow,Customer requested payment functionality for checkout flow. Important for the client demo next week.,Feature Development,HIGH,2,2026-08-15
Add OAuth token filtering to React frontend dashboard,Customer requested search functionality for reporting engine.,Feature Development,MEDIUM,4,2026-08-17
Configure autoscaling for React frontend,"Ops wants alerting configured for admin dashboard before it handles more traffic. Nice to have, low priority.",DevOps/Infrastructure,LOW,59,2026-10-11
Document chat setup process,New engineers need clearer docs on how payments service works. Important for the client demo next week.,Documentation,HIGH,1,2026-08-14
Provision new upload environment,Need to migrate billing module off legacy infrastructure this quarter. This is high priority for the upcoming release.,DevOps/Infrastructure,HIGH,1,2026-08-14
Design icon set for reporting engine,"Current chat UI feels dated, redesign requested by stakeholders. No rush, whenever you get a chance.",Design,LOW,22,2026-09-04
Set up CI/CD pipeline for search service,"Ops wants alerting configured for mobile app before it handles more traffic. Needed before end of sprint, please prioritize.",DevOps/Infrastructure,HIGH,5,2026-08-18
Update README for billing module service,New engineers need clearer docs on how React frontend works.,Documentation,MEDIUM,7,2026-08-20
Update README for reporting engine service,"New engineers need clearer docs on how billing module works. No rush, whenever you get a chance.",Documentation,LOW,30,2026-09-12
Add regression tests for payments service,QA wants automated E2E coverage for user profile before launch.,Testing,MEDIUM,11,2026-08-24
Write architecture doc for payments service,New engineers need clearer docs on how checkout flow works. Can be picked up next quarter.,Documentation,LOW,50,2026-10-02
Fix crash when checkout on backend API,"Regression introduced by last sprint's changes to notification service; needs a hotfix. Someday/maybe, not time sensitive.",Bug Fix,LOW,53,2026-10-05
Fix race condition in auth service module,Regression introduced by last sprint's changes to admin dashboard; needs a hotfix.,Bug Fix,MEDIUM,13,2026-08-26
Investigate billing performance issue in React frontend,Explore whether mobile is viable for the payments service rewrite.,Research,MEDIUM,10,2026-08-23
Prepare slides for checkout flow review,Need to align stakeholders on reporting engine before next sprint. Important for the client demo next week.,Meeting/Admin,HIGH,4,2026-08-17
Document chat setup process,New engineers need clearer docs on how notification service works.,Documentation,MEDIUM,7,2026-08-20
Prepare slides for React frontend review,"Need to align stakeholders on user service before next sprint. Someday/maybe, not time sensitive.",Meeting/Admin,LOW,29,2026-09-11
Document session setup process,"API consumers are confused about notification service usage, needs docs. Someday/maybe, not time sensitive.",Documentation,LOW,46,2026-09-28
Set up retro for admin dashboard team,"Prepare status update for mobile to share with leadership. Someday/maybe, not time sensitive.",Meeting/Admin,LOW,29,2026-09-11
Add regression tests for backend API,Coverage on search service is below target; add tests before release.,Testing,MEDIUM,13,2026-08-26
Coordinate chat kickoff meeting,Need to align stakeholders on payments service before next sprint. Can be picked up next quarter.,Meeting/Admin,LOW,39,2026-09-21
Set up CI/CD pipeline for backend API,Ops wants alerting configured for notification service before it handles more traffic.,DevOps/Infrastructure,MEDIUM,7,2026-08-20
Create chat integration with search service,Design has finalized mockups for the OAuth token feature in checkout flow.,Feature Development,MEDIUM,4,2026-08-17
Write API docs for mobile app endpoints,"The chat process isn't documented anywhere; write a guide. Nice to have, low priority.",Documentation,LOW,52,2026-10-04
Update backend API to latest framework version,"payments service dependencies are several versions behind and need upgrading. Someday/maybe, not time sensitive.",Maintenance,LOW,47,2026-09-29
Prepare slides for billing module review,Need to align stakeholders on checkout flow before next sprint. Important for the client demo next week.,Meeting/Admin,HIGH,5,2026-08-18
Redesign billing module settings page,Create a design spec for the new reporting engine experience.,Design,MEDIUM,10,2026-08-23
Fix broken reporting button on auth service page,"Users report authentication fails intermittently after the latest deploy to checkout flow. Needed before end of sprint, please prioritize.",Bug Fix,HIGH,1,2026-08-14
Fix exposed user profile endpoint in auth service,"Compliance requires rotating upload used by notification service this month. Someday/maybe, not time sensitive.",Security,LOW,24,2026-09-06
Update auth service to latest framework version,"checkout flow dependencies are several versions behind and need upgrading. No rush, whenever you get a chance.",Maintenance,LOW,26,2026-09-08
Fix race condition in user service module,"Stack trace shows a authentication exception thrown from the reporting engine handler. Needed before end of sprint, please prioritize.",Bug Fix,HIGH,5,2026-08-18
Schedule sprint planning for payments service,"Book time with billing module team to discuss payment plan. Needed before end of sprint, please prioritize.",Meeting/Admin,HIGH,4,2026-08-17
Update payments service to latest framework version,"Tech debt in billing module is slowing down feature work, needs refactor. Important for the client demo next week.",Maintenance,HIGH,3,2026-08-16
Fix exposed payment endpoint in notification service,Pen test found an exposed chat in the admin dashboard API. Important for the client demo next week.,Security,HIGH,3,2026-08-16
Write E2E tests for reporting checkout,"The chat flow has no automated tests, causing repeat regressions. This is high priority for the upcoming release.",Testing,HIGH,5,2026-08-18
Update user service to latest framework version,"Tech debt in payments service is slowing down feature work, needs refactor. Important for the client demo next week.",Maintenance,HIGH,1,2026-08-14
Set up monitoring for admin dashboard service,"Ops wants alerting configured for notification service before it handles more traffic. Needed before end of sprint, please prioritize.",DevOps/Infrastructure,HIGH,3,2026-08-16
Clean up unused search in React frontend,Remove dead analytics code left over from the old checkout flow implementation. This is high priority for the upcoming release.,Maintenance,HIGH,5,2026-08-18
Add integration tests for mobile flow,"The reporting flow has no automated tests, causing repeat regressions.",Testing,MEDIUM,13,2026-08-26
Write API docs for payments service endpoints,The export process isn't documented anywhere; write a guide.,Documentation,MEDIUM,6,2026-08-19
Redesign auth service settings page,Need updated mockups for React frontend before dev starts.,Design,MEDIUM,6,2026-08-19
Upgrade payments service dependencies,"Tech debt in payments service is slowing down feature work, needs refactor. No rush, whenever you get a chance.",Maintenance,LOW,39,2026-09-21
Prepare slides for reporting engine review,Prepare status update for session to share with leadership. This is a P0 blocker for the launch tomorrow.,Meeting/Admin,URGENT,-2,2026-08-11
Configure autoscaling for auth service,"Ops wants alerting configured for search service before it handles more traffic. Nice to have, low priority.",DevOps/Infrastructure,LOW,46,2026-09-28
Coordinate payment kickoff meeting,Prepare status update for search to share with leadership.,Meeting/Admin,MEDIUM,7,2026-08-20
Write API docs for mobile app endpoints,"The upload process isn't documented anywhere; write a guide. Nice to have, low priority.",Documentation,LOW,53,2026-10-05
Spike on chat feasibility for mobile app,"Team needs a recommendation on authentication approach for auth service. Critical: production is down, all hands on this now.",Research,URGENT,1,2026-08-14
Migrate admin dashboard to new cluster,Need to migrate search service off legacy infrastructure this quarter. Can be picked up next quarter.,DevOps/Infrastructure,LOW,33,2026-09-15
Patch user profile vulnerability in auth service,Pen test found an exposed analytics in the notification service API. This is blocking the release and needs to be fixed ASAP.,Security,URGENT,1,2026-08-14
Create wireframes for authentication flow,"Create a design spec for the new reporting engine experience. No rush, whenever you get a chance.",Design,LOW,54,2026-10-06
Redesign notification service settings page,"Need updated mockups for search service before dev starts. Needed before end of sprint, please prioritize.",Design,HIGH,5,2026-08-18
Set up monitoring for billing module service,"Need to migrate billing module off legacy infrastructure this quarter. Nice to have, low priority.",DevOps/Infrastructure,LOW,29,2026-09-11
Patch chat vulnerability in search service,Compliance requires rotating analytics used by mobile app this month. This is a P0 blocker for the launch tomorrow.,Security,URGENT,-2,2026-08-11
Fix incorrect upload calculation in billing module,"Stack trace shows a search exception thrown from the mobile app handler. Someday/maybe, not time sensitive.",Bug Fix,LOW,21,2026-09-03
Add regression tests for React frontend,QA wants automated E2E coverage for billing before launch.,Testing,MEDIUM,11,2026-08-24
Spike on upload feasibility for backend API,"Explore whether billing is viable for the auth service rewrite. No rush, whenever you get a chance.",Research,LOW,39,2026-09-21
Design UI mockups for notification service,Create a design spec for the new backend API experience.,Design,MEDIUM,14,2026-08-27
Add support for mobile in React frontend,Customer requested mobile functionality for admin dashboard.,Feature Development,MEDIUM,5,2026-08-18
Investigate session performance issue in user service,Unclear why user service is slow under OAuth token; needs investigation.,Research,MEDIUM,13,2026-08-26
Refactor legacy mobile app code,billing module dependencies are several versions behind and need upgrading.,Maintenance,MEDIUM,5,2026-08-18
Write unit tests for backend API module,"The billing flow has no automated tests, causing repeat regressions. Someday/maybe, not time sensitive.",Testing,LOW,48,2026-09-30
Evaluate payment libraries for search service,"Unclear why admin dashboard is slow under search; needs investigation. Needed before end of sprint, please prioritize.",Research,HIGH,1,2026-08-14
Resolve data corruption in backend API,Stack trace shows a payment exception thrown from the React frontend handler. This is blocking the release and needs to be fixed ASAP.,Bug Fix,URGENT,1,2026-08-14
Patch payment vulnerability in reporting engine,Security scan flagged a authentication vulnerability in search service. This is high priority for the upcoming release.,Security,HIGH,1,2026-08-14
Write architecture doc for notification service,"API consumers are confused about mobile app usage, needs docs.",Documentation,MEDIUM,13,2026-08-26
Migrate payments service to new cluster,Ops wants alerting configured for notification service before it handles more traffic.,DevOps/Infrastructure,MEDIUM,7,2026-08-20
Patch memory leak in auth service service,"QA found this reproducible on search service under chat load. Urgent request from the CEO, needs to ship today.",Bug Fix,URGENT,1,2026-08-14
Clean up unused analytics in user service,"Tech debt in admin dashboard is slowing down feature work, needs refactor.",Maintenance,MEDIUM,11,2026-08-24
Prepare slides for notification service review,Prepare status update for OAuth token to share with leadership. Important for the client demo next week.,Meeting/Admin,HIGH,1,2026-08-14
Update billing module to latest framework version,Remove dead search code left over from the old user service implementation. This is high priority for the upcoming release.,Maintenance,HIGH,3,2026-08-16
Create OAuth token integration with mobile app,"Product wants chat support added to the reporting engine module this quarter. No rush, whenever you get a chance.",Feature Development,LOW,31,2026-09-13
Research OAuth token options for React frontend,"Team needs a recommendation on SSO approach for checkout flow. Nice to have, low priority.",Research,LOW,44,2026-09-26
Increase test coverage on backend API,"Coverage on notification service is below target; add tests before release. No rush, whenever you get a chance.",Testing,LOW,44,2026-09-26
Add regression tests for notification service,"The session flow has no automated tests, causing repeat regressions.",Testing,MEDIUM,7,2026-08-20
Spike on chat feasibility for auth service,Unclear why admin dashboard is slow under user profile; needs investigation.,Research,MEDIUM,10,2026-08-23
Schedule sprint planning for reporting engine,Prepare status update for SSO to share with leadership. Can be picked up next quarter.,Meeting/Admin,LOW,34,2026-09-16
Research upload options for notification service,"Explore whether search is viable for the backend API rewrite. Needed before end of sprint, please prioritize.",Research,HIGH,5,2026-08-18
Investigate search performance issue in notification service,Unclear why user service is slow under payment; needs investigation.,Research,MEDIUM,6,2026-08-19
Coordinate user profile kickoff meeting,Book time with reporting engine team to discuss export plan.,Meeting/Admin,MEDIUM,5,2026-08-18
Migrate reporting engine to new cluster,"Ops wants alerting configured for payments service before it handles more traffic. No rush, whenever you get a chance.",DevOps/Infrastructure,LOW,47,2026-09-29
Resolve login failure for OAuth token users,Users report SSO fails intermittently after the latest deploy to backend API.,Bug Fix,MEDIUM,13,2026-08-26
Write unit tests for payments service module,Coverage on billing module is below target; add tests before release.,Testing,MEDIUM,3,2026-08-16
Fix exposed export endpoint in search service,Security scan flagged a mobile vulnerability in billing module.,Security,MEDIUM,3,2026-08-16
Address null pointer exception in admin dashboard,Users report chat fails intermittently after the latest deploy to reporting engine.,Bug Fix,MEDIUM,5,2026-08-18
Implement chat export for payments service,New requirement from sales: checkout flow needs payment capability.,Feature Development,MEDIUM,8,2026-08-21
Design icon set for mobile app,"Current billing UI feels dated, redesign requested by stakeholders. Needed before end of sprint, please prioritize.",Design,HIGH,2,2026-08-15
Design UI mockups for auth service,Need updated mockups for user service before dev starts.,Design,MEDIUM,11,2026-08-24
Schedule sprint planning for backend API,Book time with React frontend team to discuss search plan.,Meeting/Admin,MEDIUM,9,2026-08-22
Provision new OAuth token environment,"Ops wants alerting configured for backend API before it handles more traffic. Needed before end of sprint, please prioritize.",DevOps/Infrastructure,HIGH,5,2026-08-18
Coordinate mobile kickoff meeting,"Book time with admin dashboard team to discuss session plan. No rush, whenever you get a chance.",Meeting/Admin,LOW,25,2026-09-07
Set up CI/CD pipeline for checkout flow,"reporting engine deploys are manual and error-prone; automate with CI/CD. No rush, whenever you get a chance.",DevOps/Infrastructure,LOW,33,2026-09-15
Write architecture doc for checkout flow,"The export process isn't documented anywhere; write a guide. Needed before end of sprint, please prioritize.",Documentation,HIGH,2,2026-08-15
Add support for analytics in mobile app,Product wants checkout support added to the user service module this quarter. This is high priority for the upcoming release.,Feature Development,HIGH,3,2026-08-16
Fix exposed SSO endpoint in mobile app,"Security scan flagged a export vulnerability in admin dashboard. Someday/maybe, not time sensitive.",Security,LOW,45,2026-09-27
Increase test coverage on user service,"The search flow has no automated tests, causing repeat regressions.",Testing,MEDIUM,9,2026-08-22
Add support for user profile in notification service,"Product wants checkout support added to the admin dashboard module this quarter. Needed before end of sprint, please prioritize.",Feature Development,HIGH,2,2026-08-15
Investigate reporting performance issue in React frontend,Team needs a recommendation on mobile approach for admin dashboard.,Research,MEDIUM,7,2026-08-20
Add checkout filtering to payments service dashboard,Customer requested billing functionality for billing module.,Feature Development,MEDIUM,9,2026-08-22
Implement checkout export for mobile app,"Product wants upload support added to the checkout flow module this quarter. Someday/maybe, not time sensitive.",Feature Development,LOW,14,2026-08-27
Design icon set for React frontend,"Create a design spec for the new billing module experience. Nice to have, low priority.",Design,LOW,50,2026-10-02
Refactor legacy user service code,admin dashboard dependencies are several versions behind and need upgrading. Important for the client demo next week.,Maintenance,HIGH,2,2026-08-15
Add authentication filtering to admin dashboard dashboard,Customer requested user profile functionality for search service. Can be picked up next quarter.,Feature Development,LOW,30,2026-09-12
Write E2E tests for upload checkout,Coverage on React frontend is below target; add tests before release. This is high priority for the upcoming release.,Testing,HIGH,4,2026-08-17
Provision new authentication environment,"Need to migrate user service off legacy infrastructure this quarter. Nice to have, low priority.",DevOps/Infrastructure,LOW,33,2026-09-15
Provision new analytics environment,Need to migrate payments service off legacy infrastructure this quarter. Can be picked up next quarter.,DevOps/Infrastructure,LOW,32,2026-09-14
Prepare slides for user service review,Prepare status update for OAuth token to share with leadership.,Meeting/Admin,MEDIUM,12,2026-08-25
Add regression tests for payments service,"QA wants automated E2E coverage for SSO before launch. Customer-facing outage, top priority.",Testing,URGENT,-1,2026-08-12
Coordinate OAuth token kickoff meeting,Need to align stakeholders on user service before next sprint.,Meeting/Admin,MEDIUM,5,2026-08-18
Create wireframes for user profile flow,"Need updated mockups for user service before dev starts. No rush, whenever you get a chance.",Design,LOW,42,2026-09-24
Fix exposed upload endpoint in user service,Compliance requires rotating chat used by reporting engine this month.,Security,MEDIUM,3,2026-08-16
Provision new upload environment,notification service deploys are manual and error-prone; automate with CI/CD.,DevOps/Infrastructure,MEDIUM,8,2026-08-21
Write architecture doc for checkout flow,"API consumers are confused about auth service usage, needs docs.",Documentation,MEDIUM,8,2026-08-21
Research mobile options for React frontend,"Unclear why billing module is slow under payment; needs investigation. Nice to have, low priority.",Research,LOW,42,2026-09-24
Set up monitoring for auth service service,Ops wants alerting configured for billing module before it handles more traffic. This is high priority for the upcoming release.,DevOps/Infrastructure,HIGH,4,2026-08-17
Build new React frontend onboarding flow,Product wants OAuth token support added to the reporting engine module this quarter. Important for the client demo next week.,Feature Development,HIGH,3,2026-08-16
Prepare slides for search service review,Prepare status update for billing to share with leadership.,Meeting/Admin,MEDIUM,14,2026-08-27
Coordinate checkout kickoff meeting,"Need to align stakeholders on reporting engine before next sprint. Urgent request from the CEO, needs to ship today.",Meeting/Admin,URGENT,-2,2026-08-11
Update README for payments service service,"API consumers are confused about mobile app usage, needs docs.",Documentation,MEDIUM,10,2026-08-23
Write E2E tests for export checkout,Coverage on auth service is below target; add tests before release.,Testing,MEDIUM,3,2026-08-16
Rotate billing credentials for checkout flow,"Pen test found an exposed authentication in the backend API API. Nice to have, low priority.",Security,LOW,31,2026-09-13
Add support for checkout in billing module,New requirement from sales: mobile app needs reporting capability. This is high priority for the upcoming release.,Feature Development,HIGH,3,2026-08-16
Coordinate upload kickoff meeting,"Book time with checkout flow team to discuss authentication plan. Urgent request from the CEO, needs to ship today.",Meeting/Admin,URGENT,1,2026-08-14
Rotate OAuth token credentials for auth service,"Compliance requires rotating SSO used by admin dashboard this month. No rush, whenever you get a chance.",Security,LOW,57,2026-10-09
Document checkout setup process,The checkout process isn't documented anywhere; write a guide.,Documentation,MEDIUM,5,2026-08-18
Update checkout flow to latest framework version,user service dependencies are several versions behind and need upgrading.,Maintenance,MEDIUM,10,2026-08-23
Refactor legacy payments service code,"Tech debt in payments service is slowing down feature work, needs refactor. Important for the client demo next week.",Maintenance,HIGH,5,2026-08-18
Fix broken mobile button on search service page,"Stack trace shows a payment exception thrown from the user service handler. Someday/maybe, not time sensitive.",Bug Fix,LOW,40,2026-09-22
Set up retro for search service team,Prepare status update for search to share with leadership.,Meeting/Admin,MEDIUM,6,2026-08-19
Design UI mockups for notification service,"Create a design spec for the new payments service experience. Someday/maybe, not time sensitive.",Design,LOW,49,2026-10-01
Upgrade React frontend dependencies,"Tech debt in billing module is slowing down feature work, needs refactor. Can be picked up next quarter.",Maintenance,LOW,48,2026-09-30
Fix race condition in notification service module,"QA found this reproducible on reporting engine under checkout load. Nice to have, low priority.",Bug Fix,LOW,33,2026-09-15
Fix race condition in mobile app module,"Users report billing fails intermittently after the latest deploy to React frontend. Nice to have, low priority.",Bug Fix,LOW,27,2026-09-09
Audit reporting engine for security issues,Compliance requires rotating export used by user service this month. This is high priority for the upcoming release.,Security,HIGH,2,2026-08-15
Write unit tests for mobile app module,QA wants automated E2E coverage for user profile before launch.,Testing,MEDIUM,8,2026-08-21
Redesign admin dashboard settings page,"Create a design spec for the new auth service experience. Nice to have, low priority.",Design,LOW,40,2026-09-22
Address null pointer exception in auth service,"Stack trace shows a analytics exception thrown from the payments service handler. Needed before end of sprint, please prioritize.",Bug Fix,HIGH,3,2026-08-16
Write E2E tests for billing checkout,QA wants automated E2E coverage for export before launch.,Testing,MEDIUM,9,2026-08-22
Schedule sprint planning for React frontend,Prepare status update for chat to share with leadership. Important for the client demo next week.,Meeting/Admin,HIGH,4,2026-08-17
Coordinate upload kickoff meeting,Book time with reporting engine team to discuss checkout plan. Can be picked up next quarter.,Meeting/Admin,LOW,18,2026-08-31
Update user service to latest framework version,admin dashboard dependencies are several versions behind and need upgrading. Important for the client demo next week.,Maintenance,HIGH,3,2026-08-16
Refactor legacy search service code,"Tech debt in auth service is slowing down feature work, needs refactor. No rush, whenever you get a chance.",Maintenance,LOW,20,2026-09-02
Schedule sprint planning for payments service,"Prepare status update for billing to share with leadership. Someday/maybe, not time sensitive.",Meeting/Admin,LOW,26,2026-09-08
Document search setup process,New engineers need clearer docs on how mobile app works. Important for the client demo next week.,Documentation,HIGH,2,2026-08-15
Resolve data corruption in admin dashboard,Stack trace shows a authentication exception thrown from the auth service handler. This is blocking the release and needs to be fixed ASAP.,Bug Fix,URGENT,-2,2026-08-11
Write E2E tests for checkout checkout,QA wants automated E2E coverage for payment before launch.,Testing,MEDIUM,3,2026-08-16
Fix broken OAuth token button on React frontend page,QA found this reproducible on payments service under analytics load.,Bug Fix,MEDIUM,6,2026-08-19
Research analytics options for React frontend,"Team needs a recommendation on reporting approach for mobile app. Nice to have, low priority.",Research,LOW,38,2026-09-20
Update README for billing module service,"API consumers are confused about checkout flow usage, needs docs.",Documentation,MEDIUM,10,2026-08-23
Migrate reporting engine to new cluster,user service deploys are manual and error-prone; automate with CI/CD.,DevOps/Infrastructure,MEDIUM,10,2026-08-23
Write unit tests for React frontend module,Coverage on React frontend is below target; add tests before release.,Testing,MEDIUM,9,2026-08-22
Set up monitoring for payments service service,auth service deploys are manual and error-prone; automate with CI/CD. This is a P0 blocker for the launch tomorrow.,DevOps/Infrastructure,URGENT,0,2026-08-13
Address null pointer exception in billing module,Stack trace shows a analytics exception thrown from the user service handler. This is high priority for the upcoming release.,Bug Fix,HIGH,2,2026-08-15
Set up retro for notification service team,Prepare status update for export to share with leadership. This is blocking the release and needs to be fixed ASAP.,Meeting/Admin,URGENT,0,2026-08-13
Migrate checkout flow to new cluster,Need to migrate billing module off legacy infrastructure this quarter.,DevOps/Infrastructure,MEDIUM,10,2026-08-23
Implement upload export for React frontend,Product wants user profile support added to the notification service module this quarter. This is blocking the release and needs to be fixed ASAP.,Feature Development,URGENT,1,2026-08-14
Clean up unused export in reporting engine,Remove dead SSO code left over from the old user service implementation.,Maintenance,MEDIUM,9,2026-08-22
Implement dark mode for billing module,"New requirement from sales: React frontend needs user profile capability. Needed before end of sprint, please prioritize.",Feature Development,HIGH,2,2026-08-15
Write architecture doc for user service,"API consumers are confused about auth service usage, needs docs.",Documentation,MEDIUM,4,2026-08-17
Design icon set for notification service,"Need updated mockups for React frontend before dev starts. No rush, whenever you get a chance.",Design,LOW,43,2026-09-25
Patch user profile vulnerability in auth service,Compliance requires rotating export used by reporting engine this month. This is high priority for the upcoming release.,Security,HIGH,2,2026-08-15
Patch memory leak in mobile app service,Regression introduced by last sprint's changes to mobile app; needs a hotfix. Important for the client demo next week.,Bug Fix,HIGH,1,2026-08-14
Fix broken SSO button on user service page,"Regression introduced by last sprint's changes to React frontend; needs a hotfix. Needed before end of sprint, please prioritize.",Bug Fix,HIGH,1,2026-08-14
Set up retro for mobile app team,Need to align stakeholders on checkout flow before next sprint. This is high priority for the upcoming release.,Meeting/Admin,HIGH,3,2026-08-16
Add support for export in reporting engine,Product wants payment support added to the reporting engine module this quarter.,Feature Development,MEDIUM,3,2026-08-16
Fix incorrect mobile calculation in search service,Regression introduced by last sprint's changes to payments service; needs a hotfix. This is high priority for the upcoming release.,Bug Fix,HIGH,5,2026-08-18
Evaluate reporting libraries for notification service,Unclear why reporting engine is slow under session; needs investigation. This is high priority for the upcoming release.,Research,HIGH,5,2026-08-18
Set up CI/CD pipeline for auth service,"notification service deploys are manual and error-prone; automate with CI/CD. No rush, whenever you get a chance.",DevOps/Infrastructure,LOW,39,2026-09-21
Create OAuth token integration with admin dashboard,Design has finalized mockups for the reporting feature in React frontend.,Feature Development,MEDIUM,3,2026-08-16
Migrate checkout flow to new cluster,Need to migrate checkout flow off legacy infrastructure this quarter. Important for the client demo next week.,DevOps/Infrastructure,HIGH,5,2026-08-18
Prepare slides for billing module review,"Need to align stakeholders on backend API before next sprint. No rush, whenever you get a chance.",Meeting/Admin,LOW,28,2026-09-10
Clean up unused export in reporting engine,"backend API dependencies are several versions behind and need upgrading. Someday/maybe, not time sensitive.",Maintenance,LOW,60,2026-10-12
Design UI mockups for billing module,"Need updated mockups for search service before dev starts. Nice to have, low priority.",Design,LOW,59,2026-10-11
Design UI mockups for notification service,"Create a design spec for the new reporting engine experience. Someday/maybe, not time sensitive.",Design,LOW,19,2026-09-01
Patch chat vulnerability in payments service,Compliance requires rotating OAuth token used by user service this month. This is a P0 blocker for the launch tomorrow.,Security,URGENT,-2,2026-08-11
Evaluate payment libraries for admin dashboard,"Unclear why mobile app is slow under OAuth token; needs investigation. Someday/maybe, not time sensitive.",Research,LOW,58,2026-10-10
Configure autoscaling for admin dashboard,"notification service deploys are manual and error-prone; automate with CI/CD. Needed before end of sprint, please prioritize.",DevOps/Infrastructure,HIGH,1,2026-08-14
Write API docs for search service endpoints,The reporting process isn't documented anywhere; write a guide. Important for the client demo next week.,Documentation,HIGH,2,2026-08-15
Coordinate billing kickoff meeting,Need to align stakeholders on payments service before next sprint. Can be picked up next quarter.,Meeting/Admin,LOW,59,2026-10-11
Patch payment vulnerability in mobile app,Security scan flagged a checkout vulnerability in reporting engine. Important for the client demo next week.,Security,HIGH,4,2026-08-17
Upgrade admin dashboard dependencies,"Tech debt in payments service is slowing down feature work, needs refactor. Customer-facing outage, top priority.",Maintenance,URGENT,1,2026-08-14
Refactor legacy search service code,payments service dependencies are several versions behind and need upgrading. This is high priority for the upcoming release.,Maintenance,HIGH,2,2026-08-15
Update README for user service service,"The export process isn't documented anywhere; write a guide. No rush, whenever you get a chance.",Documentation,LOW,51,2026-10-03
Audit React frontend for security issues,"Security scan flagged a checkout vulnerability in notification service. Someday/maybe, not time sensitive.",Security,LOW,22,2026-09-04
Build new backend API onboarding flow,"Customer requested mobile functionality for payments service. Someday/maybe, not time sensitive.",Feature Development,LOW,60,2026-10-12
Spike on mobile feasibility for user service,Explore whether authentication is viable for the payments service rewrite.,Research,MEDIUM,5,2026-08-18
Redesign payments service settings page,Need updated mockups for checkout flow before dev starts.,Design,MEDIUM,13,2026-08-26
Design icon set for billing module,"Current mobile UI feels dated, redesign requested by stakeholders. This is high priority for the upcoming release.",Design,HIGH,4,2026-08-17
Add regression tests for auth service,QA wants automated E2E coverage for SSO before launch. Can be picked up next quarter.,Testing,LOW,44,2026-09-26
Update checkout flow to latest framework version,Remove dead reporting code left over from the old user service implementation. This is high priority for the upcoming release.,Maintenance,HIGH,3,2026-08-16
Rotate mobile credentials for admin dashboard,Security scan flagged a SSO vulnerability in search service.,Security,MEDIUM,12,2026-08-25
Add integration tests for checkout flow,QA wants automated E2E coverage for payment before launch.,Testing,MEDIUM,14,2026-08-27
Fix incorrect upload calculation in user service,"Regression introduced by last sprint's changes to payments service; needs a hotfix. Needed before end of sprint, please prioritize.",Bug Fix,HIGH,3,2026-08-16
Provision new mobile environment,Ops wants alerting configured for checkout flow before it handles more traffic.,DevOps/Infrastructure,MEDIUM,12,2026-08-25
Write E2E tests for chat checkout,"Coverage on backend API is below target; add tests before release. Critical: production is down, all hands on this now.",Testing,URGENT,-1,2026-08-12
Fix race condition in mobile app module,Stack trace shows a SSO exception thrown from the payments service handler. This is high priority for the upcoming release.,Bug Fix,HIGH,3,2026-08-16
Fix crash when search on checkout flow,Stack trace shows a SSO exception thrown from the React frontend handler. Can be picked up next quarter.,Bug Fix,LOW,18,2026-08-31
Set up monitoring for React frontend service,Need to migrate mobile app off legacy infrastructure this quarter. This is high priority for the upcoming release.,DevOps/Infrastructure,HIGH,4,2026-08-17
Coordinate search kickoff meeting,"Book time with checkout flow team to discuss analytics plan. Nice to have, low priority.",Meeting/Admin,LOW,56,2026-10-08
Rotate authentication credentials for admin dashboard,"Compliance requires rotating analytics used by admin dashboard this month. Needed before end of sprint, please prioritize.",Security,HIGH,1,2026-08-14
Fix exposed OAuth token endpoint in checkout flow,"Security scan flagged a search vulnerability in checkout flow. Needed before end of sprint, please prioritize.",Security,HIGH,2,2026-08-15
Patch session vulnerability in search service,"Security scan flagged a reporting vulnerability in reporting engine. Urgent request from the CEO, needs to ship today.",Security,URGENT,0,2026-08-13
Write API docs for reporting engine endpoints,"API consumers are confused about reporting engine usage, needs docs. Someday/maybe, not time sensitive.",Documentation,LOW,14,2026-08-27
Create wireframes for payment flow,"Need updated mockups for admin dashboard before dev starts. No rush, whenever you get a chance.",Design,LOW,17,2026-08-30
Spike on analytics feasibility for user service,Team needs a recommendation on session approach for user service.,Research,MEDIUM,9,2026-08-22
Provision new authentication environment,Need to migrate checkout flow off legacy infrastructure this quarter.,DevOps/Infrastructure,MEDIUM,13,2026-08-26
Add integration tests for billing flow,Coverage on backend API is below target; add tests before release. This is high priority for the upcoming release.,Testing,HIGH,1,2026-08-14
Migrate user service to new cluster,React frontend deploys are manual and error-prone; automate with CI/CD.,DevOps/Infrastructure,MEDIUM,4,2026-08-17
Provision new upload environment,"Ops wants alerting configured for user service before it handles more traffic. Nice to have, low priority.",DevOps/Infrastructure,LOW,52,2026-10-04
Evaluate mobile libraries for React frontend,Unclear why notification service is slow under payment; needs investigation.,Research,MEDIUM,11,2026-08-24
Clean up unused export in admin dashboard,"Tech debt in React frontend is slowing down feature work, needs refactor. This is a P0 blocker for the launch tomorrow.",Maintenance,URGENT,1,2026-08-14
Write API docs for backend API endpoints,"The checkout process isn't documented anywhere; write a guide. Someday/maybe, not time sensitive.",Documentation,LOW,26,2026-09-08
Implement payment export for payments service,Design has finalized mockups for the checkout feature in search service. Can be picked up next quarter.,Feature Development,LOW,39,2026-09-21
Set up retro for auth service team,Prepare status update for checkout to share with leadership.,Meeting/Admin,MEDIUM,5,2026-08-18
Set up monitoring for payments service service,Need to migrate admin dashboard off legacy infrastructure this quarter.,DevOps/Infrastructure,MEDIUM,7,2026-08-20
Increase test coverage on backend API,Coverage on reporting engine is below target; add tests before release.,Testing,MEDIUM,4,2026-08-17
Provision new authentication environment,"backend API deploys are manual and error-prone; automate with CI/CD. Someday/maybe, not time sensitive.",DevOps/Infrastructure,LOW,48,2026-09-30
Prepare slides for admin dashboard review,Need to align stakeholders on reporting engine before next sprint. This is a P0 blocker for the launch tomorrow.,Meeting/Admin,URGENT,-1,2026-08-12
Create search integration with payments service,New requirement from sales: notification service needs SSO capability. Important for the client demo next week.,Feature Development,HIGH,1,2026-08-14
Evaluate OAuth token libraries for auth service,"Team needs a recommendation on OAuth token approach for checkout flow. Needed before end of sprint, please prioritize.",Research,HIGH,1,2026-08-14
Create chat integration with user service,Design has finalized mockups for the OAuth token feature in admin dashboard.,Feature Development,MEDIUM,3,2026-08-16
Fix exposed checkout endpoint in user service,Security scan flagged a search vulnerability in checkout flow.,Security,MEDIUM,4,2026-08-17
Add support for SSO in React frontend,"Design has finalized mockups for the OAuth token feature in billing module. Someday/maybe, not time sensitive.",Feature Development,LOW,30,2026-09-12
Spike on upload feasibility for checkout flow,Unclear why payments service is slow under mobile; needs investigation. This is high priority for the upcoming release.,Research,HIGH,5,2026-08-18
Fix exposed mobile endpoint in user service,"Pen test found an exposed analytics in the notification service API. Customer-facing outage, top priority.",Security,URGENT,0,2026-08-13
Set up CI/CD pipeline for admin dashboard,"Need to migrate search service off legacy infrastructure this quarter. No rush, whenever you get a chance.",DevOps/Infrastructure,LOW,28,2026-09-10
Document analytics setup process,The user profile process isn't documented anywhere; write a guide.,Documentation,MEDIUM,13,2026-08-26
Add billing filtering to notification service dashboard,Customer requested analytics functionality for search service. Can be picked up next quarter.,Feature Development,LOW,17,2026-08-30
Refactor legacy admin dashboard code,"Remove dead chat code left over from the old user service implementation. Needed before end of sprint, please prioritize.",Maintenance,HIGH,5,2026-08-18
Patch memory leak in notification service service,Users report payment fails intermittently after the latest deploy to backend API.,Bug Fix,MEDIUM,8,2026-08-21
Increase test coverage on search service,"QA wants automated E2E coverage for authentication before launch. No rush, whenever you get a chance.",Testing,LOW,29,2026-09-11
Set up monitoring for search service service,search service deploys are manual and error-prone; automate with CI/CD.,DevOps/Infrastructure,MEDIUM,8,2026-08-21
Migrate admin dashboard to new cluster,Ops wants alerting configured for reporting engine before it handles more traffic. This is blocking the release and needs to be fixed ASAP.,DevOps/Infrastructure,URGENT,1,2026-08-14
Patch memory leak in checkout flow service,Stack trace shows a OAuth token exception thrown from the notification service handler.,Bug Fix,MEDIUM,13,2026-08-26
Increase test coverage on user service,"QA wants automated E2E coverage for mobile before launch. Critical: production is down, all hands on this now.",Testing,URGENT,-1,2026-08-12
Patch payment vulnerability in admin dashboard,Compliance requires rotating SSO used by admin dashboard this month. Can be picked up next quarter.,Security,LOW,41,2026-09-23
Investigate billing performance issue in admin dashboard,Team needs a recommendation on billing approach for admin dashboard.,Research,MEDIUM,12,2026-08-25
Research mobile options for billing module,Explore whether OAuth token is viable for the mobile app rewrite.,Research,MEDIUM,12,2026-08-25
Audit auth service for security issues,Security scan flagged a billing vulnerability in React frontend. Important for the client demo next week.,Security,HIGH,3,2026-08-16
Redesign reporting engine settings page,Create a design spec for the new notification service experience. This is high priority for the upcoming release.,Design,HIGH,1,2026-08-14
Fix exposed export endpoint in mobile app,"Compliance requires rotating search used by reporting engine this month. Customer-facing outage, top priority.",Security,URGENT,0,2026-08-13
Design icon set for user service,"Create a design spec for the new checkout flow experience. Nice to have, low priority.",Design,LOW,35,2026-09-17
Add regression tests for search service,QA wants automated E2E coverage for reporting before launch. This is high priority for the upcoming release.,Testing,HIGH,5,2026-08-18
Document checkout setup process,"New engineers need clearer docs on how admin dashboard works. Nice to have, low priority.",Documentation,LOW,57,2026-10-09
Set up CI/CD pipeline for mobile app,admin dashboard deploys are manual and error-prone; automate with CI/CD.,DevOps/Infrastructure,MEDIUM,8,2026-08-21
Configure autoscaling for admin dashboard,Need to migrate React frontend off legacy infrastructure this quarter.,DevOps/Infrastructure,MEDIUM,13,2026-08-26
Patch billing vulnerability in notification service,Compliance requires rotating checkout used by auth service this month.,Security,MEDIUM,7,2026-08-20
Research OAuth token options for payments service,Team needs a recommendation on payment approach for mobile app.,Research,MEDIUM,12,2026-08-25
Prepare slides for reporting engine review,Need to align stakeholders on React frontend before next sprint.,Meeting/Admin,MEDIUM,13,2026-08-26
Document export setup process,New engineers need clearer docs on how admin dashboard works. This is high priority for the upcoming release.,Documentation,HIGH,5,2026-08-18
Create onboarding guide for React frontend,New engineers need clearer docs on how user service works.,Documentation,MEDIUM,9,2026-08-22
Spike on authentication feasibility for backend API,"Team needs a recommendation on chat approach for notification service. No rush, whenever you get a chance.",Research,LOW,34,2026-09-16
Refactor legacy auth service code,"reporting engine dependencies are several versions behind and need upgrading. Needed before end of sprint, please prioritize.",Maintenance,HIGH,3,2026-08-16
Create wireframes for checkout flow,Create a design spec for the new admin dashboard experience. This is high priority for the upcoming release.,Design,HIGH,3,2026-08-16
Design icon set for billing module,Create a design spec for the new mobile app experience.,Design,MEDIUM,13,2026-08-26
Document session setup process,The SSO process isn't documented anywhere; write a guide. Important for the client demo next week.,Documentation,HIGH,1,2026-08-14
Add integration tests for analytics flow,Coverage on backend API is below target; add tests before release.,Testing,MEDIUM,5,2026-08-18
Build new auth service onboarding flow,"Product wants authentication support added to the auth service module this quarter. Needed before end of sprint, please prioritize.",Feature Development,HIGH,5,2026-08-18
Fix crash when export on React frontend,"Users report mobile fails intermittently after the latest deploy to reporting engine. Customer-facing outage, top priority.",Bug Fix,URGENT,1,2026-08-14
Add support for user profile in search service,New requirement from sales: reporting engine needs payment capability.,Feature Development,MEDIUM,3,2026-08-16
Design icon set for React frontend,Create a design spec for the new admin dashboard experience.,Design,MEDIUM,14,2026-08-27
Create onboarding guide for React frontend,"API consumers are confused about checkout flow usage, needs docs. This is blocking the release and needs to be fixed ASAP.",Documentation,URGENT,-2,2026-08-11
Prepare slides for notification service review,Prepare status update for OAuth token to share with leadership. Can be picked up next quarter.,Meeting/Admin,LOW,59,2026-10-11
Investigate search performance issue in backend API,Explore whether billing is viable for the notification service rewrite.,Research,MEDIUM,10,2026-08-23
Migrate backend API to new cluster,"Ops wants alerting configured for React frontend before it handles more traffic. Someday/maybe, not time sensitive.",DevOps/Infrastructure,LOW,23,2026-09-05
Add support for checkout in reporting engine,Product wants session support added to the admin dashboard module this quarter.,Feature Development,MEDIUM,10,2026-08-23
Redesign backend API settings page,Need updated mockups for payments service before dev starts. Can be picked up next quarter.,Design,LOW,37,2026-09-19
Set up monitoring for React frontend service,"backend API deploys are manual and error-prone; automate with CI/CD. Critical: production is down, all hands on this now.",DevOps/Infrastructure,URGENT,-1,2026-08-12
Configure autoscaling for search service,"Ops wants alerting configured for reporting engine before it handles more traffic. Urgent request from the CEO, needs to ship today.",DevOps/Infrastructure,URGENT,-1,2026-08-12
Create authentication integration with search service,Design has finalized mockups for the OAuth token feature in user service.,Feature Development,MEDIUM,10,2026-08-23
Evaluate checkout libraries for payments service,"Explore whether analytics is viable for the backend API rewrite. Nice to have, low priority.",Research,LOW,20,2026-09-02
Spike on SSO feasibility for checkout flow,Explore whether billing is viable for the payments service rewrite.,Research,MEDIUM,8,2026-08-21
Patch OAuth token vulnerability in auth service,Compliance requires rotating session used by payments service this month.,Security,MEDIUM,10,2026-08-23
Create billing integration with backend API,"Product wants user profile support added to the auth service module this quarter. Needed before end of sprint, please prioritize.",Feature Development,HIGH,5,2026-08-18
Rotate export credentials for mobile app,"Compliance requires rotating chat used by reporting engine this month. No rush, whenever you get a chance.",Security,LOW,41,2026-09-23
Write E2E tests for reporting checkout,"QA wants automated E2E coverage for export before launch. Needed before end of sprint, please prioritize.",Testing,HIGH,5,2026-08-18
Fix crash when export on payments service,"QA found this reproducible on search service under OAuth token load. No rush, whenever you get a chance.",Bug Fix,LOW,45,2026-09-27
Migrate admin dashboard to new cluster,notification service deploys are manual and error-prone; automate with CI/CD.,DevOps/Infrastructure,MEDIUM,9,2026-08-22
Evaluate checkout libraries for search service,Unclear why checkout flow is slow under SSO; needs investigation.,Research,MEDIUM,10,2026-08-23
Coordinate checkout kickoff meeting,"Book time with backend API team to discuss export plan. Customer-facing outage, top priority.",Meeting/Admin,URGENT,-2,2026-08-11
Upgrade React frontend dependencies,"Remove dead upload code left over from the old auth service implementation. Needed before end of sprint, please prioritize.",Maintenance,HIGH,5,2026-08-18
Write E2E tests for reporting checkout,Coverage on notification service is below target; add tests before release. Can be picked up next quarter.,Testing,LOW,49,2026-10-01
Fix exposed analytics endpoint in auth service,"Pen test found an exposed analytics in the search service API. Critical: production is down, all hands on this now.",Security,URGENT,-2,2026-08-11
Configure autoscaling for auth service,Need to migrate billing module off legacy infrastructure this quarter.,DevOps/Infrastructure,MEDIUM,4,2026-08-17
Patch memory leak in payments service service,QA found this reproducible on admin dashboard under checkout load.,Bug Fix,MEDIUM,6,2026-08-19
Create payment integration with search service,"New requirement from sales: mobile app needs analytics capability. Customer-facing outage, top priority.",Feature Development,URGENT,-2,2026-08-11
Patch SSO vulnerability in search service,"Pen test found an exposed export in the checkout flow API. Nice to have, low priority.",Security,LOW,45,2026-09-27
Fix crash when chat on user service,"QA found this reproducible on billing module under session load. Nice to have, low priority.",Bug Fix,LOW,58,2026-10-10
Rotate analytics credentials for payments service,Security scan flagged a authentication vulnerability in auth service.,Security,MEDIUM,8,2026-08-21
Update checkout flow to latest framework version,Remove dead SSO code left over from the old notification service implementation. Important for the client demo next week.,Maintenance,HIGH,3,2026-08-16
Prepare slides for user service review,Book time with reporting engine team to discuss analytics plan.,Meeting/Admin,MEDIUM,14,2026-08-27
Clean up unused analytics in reporting engine,"Remove dead export code left over from the old notification service implementation. Needed before end of sprint, please prioritize.",Maintenance,HIGH,3,2026-08-16
Migrate auth service to new cluster,billing module deploys are manual and error-prone; automate with CI/CD.,DevOps/Infrastructure,MEDIUM,8,2026-08-21
Build new search service onboarding flow,Customer requested export functionality for reporting engine. Can be picked up next quarter.,Feature Development,LOW,41,2026-09-23
Resolve login failure for mobile users,"Stack trace shows a mobile exception thrown from the auth service handler. Urgent request from the CEO, needs to ship today.",Bug Fix,URGENT,-1,2026-08-12
Redesign backend API settings page,"Create a design spec for the new admin dashboard experience. Needed before end of sprint, please prioritize.",Design,HIGH,1,2026-08-14
Set up monitoring for checkout flow service,"Ops wants alerting configured for billing module before it handles more traffic. Someday/maybe, not time sensitive.",DevOps/Infrastructure,LOW,29,2026-09-11
Clean up unused analytics in auth service,user service dependencies are several versions behind and need upgrading.,Maintenance,MEDIUM,13,2026-08-26
Provision new mobile environment,Ops wants alerting configured for notification service before it handles more traffic.,DevOps/Infrastructure,MEDIUM,10,2026-08-23
Increase test coverage on checkout flow,"QA wants automated E2E coverage for analytics before launch. Needed before end of sprint, please prioritize.",Testing,HIGH,2,2026-08-15
Design icon set for auth service,"Need updated mockups for payments service before dev starts. No rush, whenever you get a chance.",Design,LOW,38,2026-09-20
Resolve data corruption in billing module,Regression introduced by last sprint's changes to payments service; needs a hotfix.,Bug Fix,MEDIUM,7,2026-08-20
Fix broken billing button on reporting engine page,"Stack trace shows a mobile exception thrown from the payments service handler. No rush, whenever you get a chance.",Bug Fix,LOW,54,2026-10-06
Audit checkout flow for security issues,Compliance requires rotating reporting used by React frontend this month. Can be picked up next quarter.,Security,LOW,47,2026-09-29
Add integration tests for chat flow,QA wants automated E2E coverage for search before launch.,Testing,MEDIUM,9,2026-08-22
Build new notification service onboarding flow,"Design has finalized mockups for the reporting feature in mobile app. Needed before end of sprint, please prioritize.",Feature Development,HIGH,5,2026-08-18
Schedule sprint planning for auth service,"Prepare status update for billing to share with leadership. Nice to have, low priority.",Meeting/Admin,LOW,16,2026-08-29
Set up monitoring for React frontend service,"Need to migrate billing module off legacy infrastructure this quarter. No rush, whenever you get a chance.",DevOps/Infrastructure,LOW,47,2026-09-29
Provision new SSO environment,"Need to migrate backend API off legacy infrastructure this quarter. Needed before end of sprint, please prioritize.",DevOps/Infrastructure,HIGH,2,2026-08-15
Provision new checkout environment,billing module deploys are manual and error-prone; automate with CI/CD.,DevOps/Infrastructure,MEDIUM,13,2026-08-26
Add export filtering to auth service dashboard,New requirement from sales: auth service needs OAuth token capability.,Feature Development,MEDIUM,4,2026-08-17
Add regression tests for reporting engine,QA wants automated E2E coverage for SSO before launch.,Testing,MEDIUM,4,2026-08-17
Write API docs for reporting engine endpoints,"The mobile process isn't documented anywhere; write a guide. Critical: production is down, all hands on this now.",Documentation,URGENT,0,2026-08-13
Upgrade notification service dependencies,"Tech debt in user service is slowing down feature work, needs refactor.",Maintenance,MEDIUM,9,2026-08-22
Investigate mobile performance issue in user service,Explore whether checkout is viable for the billing module rewrite. This is a P0 blocker for the launch tomorrow.,Research,URGENT,-2,2026-08-11
Patch analytics vulnerability in React frontend,"Pen test found an exposed session in the billing module API. Urgent request from the CEO, needs to ship today.",Security,URGENT,-2,2026-08-11
Design icon set for user service,Create a design spec for the new search service experience. This is high priority for the upcoming release.,Design,HIGH,2,2026-08-15
Investigate export performance issue in payments service,Unclear why reporting engine is slow under export; needs investigation.,Research,MEDIUM,3,2026-08-16
Refactor legacy backend API code,checkout flow dependencies are several versions behind and need upgrading.,Maintenance,MEDIUM,11,2026-08-24
Build new reporting engine onboarding flow,"Design has finalized mockups for the payment feature in user service. Nice to have, low priority.",Feature Development,LOW,24,2026-09-06
Update README for admin dashboard service,New engineers need clearer docs on how payments service works.,Documentation,MEDIUM,12,2026-08-25
Fix race condition in billing module module,Users report user profile fails intermittently after the latest deploy to auth service. This is blocking the release and needs to be fixed ASAP.,Bug Fix,URGENT,-1,2026-08-12
Fix exposed reporting endpoint in mobile app,Security scan flagged a export vulnerability in auth service. Important for the client demo next week.,Security,HIGH,5,2026-08-18
Add reporting filtering to search service dashboard,Customer requested reporting functionality for checkout flow.,Feature Development,MEDIUM,14,2026-08-27
Rotate upload credentials for checkout flow,"Pen test found an exposed SSO in the mobile app API. Nice to have, low priority.",Security,LOW,14,2026-08-27
Migrate notification service to new cluster,Ops wants alerting configured for auth service before it handles more traffic.,DevOps/Infrastructure,MEDIUM,8,2026-08-21
Document session setup process,"The billing process isn't documented anywhere; write a guide. Someday/maybe, not time sensitive.",Documentation,LOW,49,2026-10-01
Add export filtering to checkout flow dashboard,"Product wants OAuth token support added to the admin dashboard module this quarter. Nice to have, low priority.",Feature Development,LOW,48,2026-09-30
Increase test coverage on auth service,"Coverage on React frontend is below target; add tests before release. No rush, whenever you get a chance.",Testing,LOW,51,2026-10-03
Fix exposed SSO endpoint in checkout flow,Security scan flagged a session vulnerability in backend API.,Security,MEDIUM,11,2026-08-24
Update payments service to latest framework version,"Tech debt in notification service is slowing down feature work, needs refactor. Can be picked up next quarter.",Maintenance,LOW,22,2026-09-04
Schedule sprint planning for mobile app,"Book time with auth service team to discuss mobile plan. Needed before end of sprint, please prioritize.",Meeting/Admin,HIGH,2,2026-08-15
Refactor legacy payments service code,checkout flow dependencies are several versions behind and need upgrading.,Maintenance,MEDIUM,5,2026-08-18
Coordinate mobile kickoff meeting,Prepare status update for payment to share with leadership. This is high priority for the upcoming release.,Meeting/Admin,HIGH,1,2026-08-14
Add regression tests for mobile app,"The billing flow has no automated tests, causing repeat regressions. No rush, whenever you get a chance.",Testing,LOW,55,2026-10-07
Set up CI/CD pipeline for billing module,Ops wants alerting configured for admin dashboard before it handles more traffic. Can be picked up next quarter.,DevOps/Infrastructure,LOW,51,2026-10-03
Refactor legacy auth service code,"Tech debt in checkout flow is slowing down feature work, needs refactor.",Maintenance,MEDIUM,4,2026-08-17
Clean up unused authentication in notification service,Remove dead authentication code left over from the old mobile app implementation. Can be picked up next quarter.,Maintenance,LOW,45,2026-09-27
Schedule sprint planning for payments service,"Prepare status update for search to share with leadership. Urgent request from the CEO, needs to ship today.",Meeting/Admin,URGENT,-1,2026-08-12
Update README for mobile app service,"API consumers are confused about React frontend usage, needs docs.",Documentation,MEDIUM,9,2026-08-22
Set up CI/CD pipeline for auth service,Need to migrate notification service off legacy infrastructure this quarter.,DevOps/Infrastructure,MEDIUM,13,2026-08-26
Research payment options for backend API,"Team needs a recommendation on upload approach for checkout flow. Needed before end of sprint, please prioritize.",Research,HIGH,5,2026-08-18
Patch memory leak in payments service service,Regression introduced by last sprint's changes to payments service; needs a hotfix.,Bug Fix,MEDIUM,9,2026-08-22
Patch session vulnerability in reporting engine,"Compliance requires rotating export used by admin dashboard this month. Nice to have, low priority.",Security,LOW,42,2026-09-24
Fix exposed OAuth token endpoint in search service,Security scan flagged a payment vulnerability in user service.,Security,MEDIUM,12,2026-08-25
Write architecture doc for billing module,The search process isn't documented anywhere; write a guide.,Documentation,MEDIUM,10,2026-08-23
Patch payment vulnerability in user service,Pen test found an exposed search in the React frontend API. This is a P0 blocker for the launch tomorrow.,Security,URGENT,1,2026-08-14
Write architecture doc for payments service,The session process isn't documented anywhere; write a guide.,Documentation,MEDIUM,11,2026-08-24
Upgrade search service dependencies,Remove dead search code left over from the old checkout flow implementation.,Maintenance,MEDIUM,3,2026-08-16
Spike on reporting feasibility for backend API,Explore whether chat is viable for the user service rewrite. Important for the client demo next week.,Research,HIGH,4,2026-08-17
Provision new SSO environment,Ops wants alerting configured for React frontend before it handles more traffic.,DevOps/Infrastructure,MEDIUM,7,2026-08-20
Prepare slides for React frontend review,Prepare status update for upload to share with leadership.,Meeting/Admin,MEDIUM,6,2026-08-19
Fix crash when upload on billing module,Users report chat fails intermittently after the latest deploy to backend API.,Bug Fix,MEDIUM,6,2026-08-19
Set up monitoring for React frontend service,auth service deploys are manual and error-prone; automate with CI/CD.,DevOps/Infrastructure,MEDIUM,7,2026-08-20
Update mobile app to latest framework version,Remove dead user profile code left over from the old auth service implementation.,Maintenance,MEDIUM,6,2026-08-19
Spike on search feasibility for mobile app,Explore whether chat is viable for the search service rewrite. Important for the client demo next week.,Research,HIGH,5,2026-08-18
Set up monitoring for payments service service,"Ops wants alerting configured for reporting engine before it handles more traffic. Needed before end of sprint, please prioritize.",DevOps/Infrastructure,HIGH,2,2026-08-15
Add chat filtering to user service dashboard,Design has finalized mockups for the SSO feature in billing module.,Feature Development,MEDIUM,13,2026-08-26
Patch memory leak in auth service service,"Users report SSO fails intermittently after the latest deploy to React frontend. Someday/maybe, not time sensitive.",Bug Fix,LOW,52,2026-10-04
Research checkout options for admin dashboard,Team needs a recommendation on reporting approach for React frontend.,Research,MEDIUM,14,2026-08-27
Spike on upload feasibility for auth service,"Explore whether user profile is viable for the reporting engine rewrite. No rush, whenever you get a chance.",Research,LOW,25,2026-09-07
Set up retro for notification service team,Book time with billing module team to discuss session plan. This is high priority for the upcoming release.,Meeting/Admin,HIGH,5,2026-08-18
Refactor legacy payments service code,Remove dead mobile code left over from the old mobile app implementation. This is high priority for the upcoming release.,Maintenance,HIGH,2,2026-08-15
Build new user service onboarding flow,Design has finalized mockups for the export feature in user service.,Feature Development,MEDIUM,6,2026-08-19
Upgrade reporting engine dependencies,React frontend dependencies are several versions behind and need upgrading.,Maintenance,MEDIUM,14,2026-08-27
Clean up unused reporting in admin dashboard,notification service dependencies are several versions behind and need upgrading.,Maintenance,MEDIUM,9,2026-08-22
Patch user profile vulnerability in payments service,Pen test found an exposed chat in the React frontend API.,Security,MEDIUM,11,2026-08-24
Redesign billing module settings page,"Current session UI feels dated, redesign requested by stakeholders. Can be picked up next quarter.",Design,LOW,58,2026-10-10
Set up retro for search service team,"Need to align stakeholders on mobile app before next sprint. Someday/maybe, not time sensitive.",Meeting/Admin,LOW,57,2026-10-09
Schedule sprint planning for React frontend,Prepare status update for checkout to share with leadership.,Meeting/Admin,MEDIUM,6,2026-08-19
Increase test coverage on mobile app,QA wants automated E2E coverage for chat before launch. Can be picked up next quarter.,Testing,LOW,29,2026-09-11
Design UI mockups for auth service,"Create a design spec for the new mobile app experience. Critical: production is down, all hands on this now.",Design,URGENT,1,2026-08-14
Configure autoscaling for checkout flow,Need to migrate reporting engine off legacy infrastructure this quarter.,DevOps/Infrastructure,MEDIUM,6,2026-08-19
Prepare slides for reporting engine review,Need to align stakeholders on admin dashboard before next sprint. This is high priority for the upcoming release.,Meeting/Admin,HIGH,2,2026-08-15
Audit React frontend for security issues,Security scan flagged a session vulnerability in React frontend.,Security,MEDIUM,13,2026-08-26
Schedule sprint planning for billing module,Need to align stakeholders on search service before next sprint.,Meeting/Admin,MEDIUM,8,2026-08-21
Coordinate billing kickoff meeting,"Book time with user service team to discuss user profile plan. Needed before end of sprint, please prioritize.",Meeting/Admin,HIGH,2,2026-08-15
Resolve data corruption in billing module,Users report chat fails intermittently after the latest deploy to mobile app.,Bug Fix,MEDIUM,13,2026-08-26
Create onboarding guide for reporting engine,"API consumers are confused about mobile app usage, needs docs.",Documentation,MEDIUM,3,2026-08-16
Write E2E tests for upload checkout,"The reporting flow has no automated tests, causing repeat regressions. Nice to have, low priority.",Testing,LOW,49,2026-10-01
Create wireframes for user profile flow,Create a design spec for the new mobile app experience. Important for the client demo next week.,Design,HIGH,2,2026-08-15
Investigate reporting performance issue in user service,Unclear why payments service is slow under billing; needs investigation.,Research,MEDIUM,12,2026-08-25
Write unit tests for admin dashboard module,"Coverage on user service is below target; add tests before release. Nice to have, low priority.",Testing,LOW,23,2026-09-05
Create onboarding guide for backend API,"New engineers need clearer docs on how search service works. Needed before end of sprint, please prioritize.",Documentation,HIGH,5,2026-08-18
Clean up unused SSO in search service,"Tech debt in billing module is slowing down feature work, needs refactor. No rush, whenever you get a chance.",Maintenance,LOW,39,2026-09-21
Implement dark mode for backend API,New requirement from sales: admin dashboard needs OAuth token capability.,Feature Development,MEDIUM,13,2026-08-26
Create analytics integration with mobile app,Design has finalized mockups for the reporting feature in mobile app.,Feature Development,MEDIUM,7,2026-08-20
Set up CI/CD pipeline for React frontend,"Need to migrate auth service off legacy infrastructure this quarter. Nice to have, low priority.",DevOps/Infrastructure,LOW,50,2026-10-02
Rotate SSO credentials for admin dashboard,Pen test found an exposed reporting in the auth service API.,Security,MEDIUM,14,2026-08-27
Schedule sprint planning for checkout flow,"Prepare status update for billing to share with leadership. Nice to have, low priority.",Meeting/Admin,LOW,54,2026-10-06
Set up monitoring for checkout flow service,"Ops wants alerting configured for React frontend before it handles more traffic. Urgent request from the CEO, needs to ship today.",DevOps/Infrastructure,URGENT,-1,2026-08-12
Configure autoscaling for admin dashboard,Ops wants alerting configured for checkout flow before it handles more traffic.,DevOps/Infrastructure,MEDIUM,7,2026-08-20
Coordinate analytics kickoff meeting,Book time with user service team to discuss billing plan. This is high priority for the upcoming release.,Meeting/Admin,HIGH,2,2026-08-15
Increase test coverage on reporting engine,QA wants automated E2E coverage for checkout before launch. This is high priority for the upcoming release.,Testing,HIGH,1,2026-08-14
Create chat integration with backend API,Product wants SSO support added to the user service module this quarter.,Feature Development,MEDIUM,4,2026-08-17
Build new payments service onboarding flow,Product wants export support added to the user service module this quarter. This is high priority for the upcoming release.,Feature Development,HIGH,3,2026-08-16
Prepare slides for billing module review,Need to align stakeholders on backend API before next sprint.,Meeting/Admin,MEDIUM,8,2026-08-21
Set up retro for billing module team,"Prepare status update for chat to share with leadership. Needed before end of sprint, please prioritize.",Meeting/Admin,HIGH,5,2026-08-18
Write architecture doc for search service,"API consumers are confused about auth service usage, needs docs. Someday/maybe, not time sensitive.",Documentation,LOW,47,2026-09-29
Clean up unused session in mobile app,"Tech debt in notification service is slowing down feature work, needs refactor. Someday/maybe, not time sensitive.",Maintenance,LOW,33,2026-09-15
Set up monitoring for payments service service,Need to migrate backend API off legacy infrastructure this quarter.,DevOps/Infrastructure,MEDIUM,5,2026-08-18
Configure autoscaling for billing module,"search service deploys are manual and error-prone; automate with CI/CD. Someday/maybe, not time sensitive.",DevOps/Infrastructure,LOW,33,2026-09-15
Resolve data corruption in admin dashboard,Stack trace shows a SSO exception thrown from the backend API handler.,Bug Fix,MEDIUM,6,2026-08-19
Spike on authentication feasibility for notification service,Team needs a recommendation on analytics approach for reporting engine.,Research,MEDIUM,9,2026-08-22
Increase test coverage on user service,QA wants automated E2E coverage for payment before launch. Can be picked up next quarter.,Testing,LOW,32,2026-09-14
Clean up unused authentication in notification service,"payments service dependencies are several versions behind and need upgrading. Needed before end of sprint, please prioritize.",Maintenance,HIGH,4,2026-08-17
Fix exposed user profile endpoint in reporting engine,Compliance requires rotating billing used by notification service this month. This is high priority for the upcoming release.,Security,HIGH,1,2026-08-14
Upgrade React frontend dependencies,"Tech debt in payments service is slowing down feature work, needs refactor. No rush, whenever you get a chance.",Maintenance,LOW,28,2026-09-10
Add mobile filtering to search service dashboard,New requirement from sales: user service needs reporting capability. Important for the client demo next week.,Feature Development,HIGH,3,2026-08-16
Schedule sprint planning for React frontend,"Need to align stakeholders on admin dashboard before next sprint. No rush, whenever you get a chance.",Meeting/Admin,LOW,48,2026-09-30
Prepare slides for admin dashboard review,"Prepare status update for OAuth token to share with leadership. Needed before end of sprint, please prioritize.",Meeting/Admin,HIGH,2,2026-08-15
Spike on payment feasibility for reporting engine,"Team needs a recommendation on payment approach for search service. No rush, whenever you get a chance.",Research,LOW,47,2026-09-29
Write E2E tests for authentication checkout,"The session flow has no automated tests, causing repeat regressions. Needed before end of sprint, please prioritize.",Testing,HIGH,1,2026-08-14
Upgrade search service dependencies,Remove dead user profile code left over from the old notification service implementation.,Maintenance,MEDIUM,3,2026-08-16
Write unit tests for auth service module,"The reporting flow has no automated tests, causing repeat regressions. Important for the client demo next week.",Testing,HIGH,5,2026-08-18
Create SSO integration with notification service,"Product wants mobile support added to the checkout flow module this quarter. Someday/maybe, not time sensitive.",Feature Development,LOW,58,2026-10-10
Rotate reporting credentials for React frontend,Security scan flagged a search vulnerability in search service. This is a P0 blocker for the launch tomorrow.,Security,URGENT,0,2026-08-13
Fix crash when reporting on auth service,"Stack trace shows a analytics exception thrown from the billing module handler. Nice to have, low priority.",Bug Fix,LOW,45,2026-09-27
Increase test coverage on auth service,"The SSO flow has no automated tests, causing repeat regressions. No rush, whenever you get a chance.",Testing,LOW,58,2026-10-10
Investigate analytics performance issue in payments service,Unclear why backend API is slow under session; needs investigation.,Research,MEDIUM,10,2026-08-23
Clean up unused chat in reporting engine,"Tech debt in checkout flow is slowing down feature work, needs refactor. Important for the client demo next week.",Maintenance,HIGH,3,2026-08-16
Coordinate OAuth token kickoff meeting,Book time with React frontend team to discuss search plan.,Meeting/Admin,MEDIUM,10,2026-08-23
Redesign mobile app settings page,"Current mobile UI feels dated, redesign requested by stakeholders.",Design,MEDIUM,14,2026-08-27
Write API docs for mobile app endpoints,"API consumers are confused about mobile app usage, needs docs. Someday/maybe, not time sensitive.",Documentation,LOW,26,2026-09-08
Update billing module to latest framework version,"admin dashboard dependencies are several versions behind and need upgrading. Needed before end of sprint, please prioritize.",Maintenance,HIGH,3,2026-08-16
Implement chat export for auth service,Product wants mobile support added to the payments service module this quarter. This is high priority for the upcoming release.,Feature Development,HIGH,2,2026-08-15
Create payment integration with React frontend,"Product wants upload support added to the auth service module this quarter. Someday/maybe, not time sensitive.",Feature Development,LOW,47,2026-09-29
Audit mobile app for security issues,"Security scan flagged a upload vulnerability in reporting engine. Critical: production is down, all hands on this now.",Security,URGENT,1,2026-08-14
Create SSO integration with auth service,"Product wants reporting support added to the billing module module this quarter. Someday/maybe, not time sensitive.",Feature Development,LOW,37,2026-09-19
Address null pointer exception in backend API,"Users report OAuth token fails intermittently after the latest deploy to admin dashboard. Critical: production is down, all hands on this now.",Bug Fix,URGENT,-2,2026-08-11
Implement dark mode for billing module,Customer requested payment functionality for notification service.,Feature Development,MEDIUM,6,2026-08-19
Rotate chat credentials for reporting engine,Compliance requires rotating authentication used by reporting engine this month. This is a P0 blocker for the launch tomorrow.,Security,URGENT,0,2026-08-13
Set up retro for React frontend team,Need to align stakeholders on payments service before next sprint.,Meeting/Admin,MEDIUM,11,2026-08-24
Migrate checkout flow to new cluster,Need to migrate mobile app off legacy infrastructure this quarter. Can be picked up next quarter.,DevOps/Infrastructure,LOW,37,2026-09-19
Spike on OAuth token feasibility for reporting engine,Unclear why notification service is slow under upload; needs investigation.,Research,MEDIUM,6,2026-08-19
Investigate reporting performance issue in search service,Unclear why backend API is slow under authentication; needs investigation. Can be picked up next quarter.,Research,LOW,52,2026-10-04
Patch memory leak in admin dashboard service,Users report user profile fails intermittently after the latest deploy to notification service. Important for the client demo next week.,Bug Fix,HIGH,1,2026-08-14
Create wireframes for checkout flow,"Current reporting UI feels dated, redesign requested by stakeholders. Important for the client demo next week.",Design,HIGH,5,2026-08-18
Add integration tests for user profile flow,Coverage on user service is below target; add tests before release.,Testing,MEDIUM,6,2026-08-19
Implement dark mode for search service,"New requirement from sales: reporting engine needs billing capability. No rush, whenever you get a chance.",Feature Development,LOW,52,2026-10-04
Design UI mockups for checkout flow,"Current checkout UI feels dated, redesign requested by stakeholders. Can be picked up next quarter.",Design,LOW,36,2026-09-18
Spike on session feasibility for React frontend,"Team needs a recommendation on analytics approach for auth service. No rush, whenever you get a chance.",Research,LOW,54,2026-10-06
Research user profile options for billing module,Team needs a recommendation on reporting approach for billing module.,Research,MEDIUM,8,2026-08-21
Refactor legacy backend API code,"Remove dead analytics code left over from the old user service implementation. No rush, whenever you get a chance.",Maintenance,LOW,28,2026-09-10
Investigate SSO performance issue in user service,Team needs a recommendation on search approach for mobile app. This is a P0 blocker for the launch tomorrow.,Research,URGENT,-2,2026-08-11
Update React frontend to latest framework version,"Tech debt in user service is slowing down feature work, needs refactor. Nice to have, low priority.",Maintenance,LOW,22,2026-09-04
Prepare slides for user service review,Book time with notification service team to discuss upload plan.,Meeting/Admin,MEDIUM,14,2026-08-27
Refactor legacy React frontend code,"Tech debt in user service is slowing down feature work, needs refactor. Needed before end of sprint, please prioritize.",Maintenance,HIGH,1,2026-08-14
Implement dark mode for user service,"Design has finalized mockups for the reporting feature in notification service. Needed before end of sprint, please prioritize.",Feature Development,HIGH,1,2026-08-14
Create wireframes for reporting flow,"Current upload UI feels dated, redesign requested by stakeholders.",Design,MEDIUM,6,2026-08-19
Increase test coverage on reporting engine,Coverage on reporting engine is below target; add tests before release. This is a P0 blocker for the launch tomorrow.,Testing,URGENT,-1,2026-08-12
Design UI mockups for reporting engine,Need updated mockups for search service before dev starts.,Design,MEDIUM,8,2026-08-21
Add regression tests for notification service,QA wants automated E2E coverage for chat before launch.,Testing,MEDIUM,12,2026-08-25
Write API docs for checkout flow endpoints,"API consumers are confused about backend API usage, needs docs. This is high priority for the upcoming release.",Documentation,HIGH,3,2026-08-16
Add regression tests for backend API,"The export flow has no automated tests, causing repeat regressions. Urgent request from the CEO, needs to ship today.",Testing,URGENT,0,2026-08-13
Implement user profile export for auth service,Customer requested payment functionality for user service.,Feature Development,MEDIUM,14,2026-08-27
Build new checkout flow onboarding flow,Product wants search support added to the notification service module this quarter.,Feature Development,MEDIUM,10,2026-08-23
Upgrade notification service dependencies,Remove dead user profile code left over from the old mobile app implementation.,Maintenance,MEDIUM,14,2026-08-27
Write API docs for auth service endpoints,"The reporting process isn't documented anywhere; write a guide. Needed before end of sprint, please prioritize.",Documentation,HIGH,3,2026-08-16
Address null pointer exception in user service,Users report chat fails intermittently after the latest deploy to admin dashboard. Important for the client demo next week.,Bug Fix,HIGH,4,2026-08-17
Write API docs for user service endpoints,"API consumers are confused about checkout flow usage, needs docs. Nice to have, low priority.",Documentation,LOW,40,2026-09-22
Add regression tests for user service,"The session flow has no automated tests, causing repeat regressions. Needed before end of sprint, please prioritize.",Testing,HIGH,2,2026-08-15
Add integration tests for upload flow,QA wants automated E2E coverage for SSO before launch. Can be picked up next quarter.,Testing,LOW,58,2026-10-10
Refactor legacy payments service code,Remove dead session code left over from the old checkout flow implementation. Can be picked up next quarter.,Maintenance,LOW,18,2026-08-31
Upgrade mobile app dependencies,"backend API dependencies are several versions behind and need upgrading. Someday/maybe, not time sensitive.",Maintenance,LOW,40,2026-09-22
Design icon set for auth service,"Create a design spec for the new payments service experience. No rush, whenever you get a chance.",Design,LOW,22,2026-09-04
Write API docs for checkout flow endpoints,"API consumers are confused about checkout flow usage, needs docs.",Documentation,MEDIUM,6,2026-08-19
Rotate payment credentials for auth service,Security scan flagged a reporting vulnerability in React frontend.,Security,MEDIUM,10,2026-08-23
Write architecture doc for checkout flow,The analytics process isn't documented anywhere; write a guide.,Documentation,MEDIUM,9,2026-08-22
Set up retro for payments service team,Need to align stakeholders on backend API before next sprint.,Meeting/Admin,MEDIUM,3,2026-08-16
Design icon set for reporting engine,"Create a design spec for the new notification service experience. Customer-facing outage, top priority.",Design,URGENT,1,2026-08-14
Set up monitoring for notification service service,Need to migrate backend API off legacy infrastructure this quarter.,DevOps/Infrastructure,MEDIUM,9,2026-08-22
Set up monitoring for reporting engine service,Ops wants alerting configured for billing module before it handles more traffic.,DevOps/Infrastructure,MEDIUM,14,2026-08-27
Resolve login failure for billing users,Users report session fails intermittently after the latest deploy to notification service.,Bug Fix,MEDIUM,9,2026-08-22
Resolve data corruption in auth service,Users report payment fails intermittently after the latest deploy to admin dashboard.,Bug Fix,MEDIUM,7,2026-08-20
Design icon set for user service,"Current upload UI feels dated, redesign requested by stakeholders.",Design,MEDIUM,5,2026-08-18
Set up retro for reporting engine team,"Book time with payments service team to discuss checkout plan. Nice to have, low priority.",Meeting/Admin,LOW,39,2026-09-21
Investigate billing performance issue in backend API,"Team needs a recommendation on billing approach for checkout flow. Nice to have, low priority.",Research,LOW,43,2026-09-25
Build new reporting engine onboarding flow,New requirement from sales: reporting engine needs analytics capability. This is high priority for the upcoming release.,Feature Development,HIGH,4,2026-08-17
Set up CI/CD pipeline for reporting engine,Need to migrate billing module off legacy infrastructure this quarter.,DevOps/Infrastructure,MEDIUM,5,2026-08-18
Spike on mobile feasibility for payments service,"Unclear why auth service is slow under upload; needs investigation. Nice to have, low priority.",Research,LOW,23,2026-09-05
Write API docs for admin dashboard endpoints,The analytics process isn't documented anywhere; write a guide. This is high priority for the upcoming release.,Documentation,HIGH,1,2026-08-14
Update README for checkout flow service,The mobile process isn't documented anywhere; write a guide.,Documentation,MEDIUM,10,2026-08-23
Upgrade search service dependencies,checkout flow dependencies are several versions behind and need upgrading.,Maintenance,MEDIUM,10,2026-08-23
Spike on checkout feasibility for checkout flow,Explore whether mobile is viable for the notification service rewrite. Can be picked up next quarter.,Research,LOW,53,2026-10-05
Refactor legacy payments service code,auth service dependencies are several versions behind and need upgrading. This is high priority for the upcoming release.,Maintenance,HIGH,1,2026-08-14
Audit React frontend for security issues,"Security scan flagged a checkout vulnerability in user service. Nice to have, low priority.",Security,LOW,57,2026-10-09
Create wireframes for billing flow,"Create a design spec for the new backend API experience. Urgent request from the CEO, needs to ship today.",Design,URGENT,0,2026-08-13
Set up monitoring for React frontend service,"Need to migrate billing module off legacy infrastructure this quarter. Customer-facing outage, top priority.",DevOps/Infrastructure,URGENT,-1,2026-08-12
Implement dark mode for admin dashboard,Design has finalized mockups for the chat feature in user service.,Feature Development,MEDIUM,14,2026-08-27
Add regression tests for React frontend,QA wants automated E2E coverage for analytics before launch.,Testing,MEDIUM,4,2026-08-17
Coordinate authentication kickoff meeting,Prepare status update for user profile to share with leadership.,Meeting/Admin,MEDIUM,12,2026-08-25
Migrate checkout flow to new cluster,Need to migrate reporting engine off legacy infrastructure this quarter.,DevOps/Infrastructure,MEDIUM,10,2026-08-23
Write architecture doc for reporting engine,"The payment process isn't documented anywhere; write a guide. Customer-facing outage, top priority.",Documentation,URGENT,-2,2026-08-11
Add regression tests for user service,Coverage on mobile app is below target; add tests before release.,Testing,MEDIUM,13,2026-08-26
Write unit tests for notification service module,QA wants automated E2E coverage for user profile before launch. Can be picked up next quarter.,Testing,LOW,33,2026-09-15
Clean up unused SSO in backend API,"mobile app dependencies are several versions behind and need upgrading. Needed before end of sprint, please prioritize.",Maintenance,HIGH,5,2026-08-18
Patch OAuth token vulnerability in payments service,"Security scan flagged a reporting vulnerability in mobile app. Someday/maybe, not time sensitive.",Security,LOW,44,2026-09-26
Patch memory leak in payments service service,"QA found this reproducible on billing module under session load. Someday/maybe, not time sensitive.",Bug Fix,LOW,40,2026-09-22
Address null pointer exception in reporting engine,Regression introduced by last sprint's changes to billing module; needs a hotfix. This is a P0 blocker for the launch tomorrow.,Bug Fix,URGENT,0,2026-08-13
Set up CI/CD pipeline for admin dashboard,user service deploys are manual and error-prone; automate with CI/CD.,DevOps/Infrastructure,MEDIUM,5,2026-08-18
Fix exposed search endpoint in checkout flow,Security scan flagged a OAuth token vulnerability in admin dashboard. Can be picked up next quarter.,Security,LOW,59,2026-10-11
Address null pointer exception in React frontend,QA found this reproducible on notification service under session load.,Bug Fix,MEDIUM,7,2026-08-20
Add regression tests for payments service,"Coverage on backend API is below target; add tests before release. No rush, whenever you get a chance.",Testing,LOW,42,2026-09-24
Upgrade search service dependencies,Remove dead search code left over from the old notification service implementation. Important for the client demo next week.,Maintenance,HIGH,5,2026-08-18
Redesign React frontend settings page,Create a design spec for the new payments service experience. This is high priority for the upcoming release.,Design,HIGH,4,2026-08-17
Research mobile options for admin dashboard,Team needs a recommendation on export approach for checkout flow. Can be picked up next quarter.,Research,LOW,43,2026-09-25
Resolve login failure for chat users,"Regression introduced by last sprint's changes to checkout flow; needs a hotfix. Nice to have, low priority.",Bug Fix,LOW,34,2026-09-16
Add integration tests for user profile flow,QA wants automated E2E coverage for reporting before launch.,Testing,MEDIUM,7,2026-08-20
Update README for React frontend service,New engineers need clearer docs on how billing module works.,Documentation,MEDIUM,6,2026-08-19
Clean up unused chat in mobile app,"Tech debt in reporting engine is slowing down feature work, needs refactor. Nice to have, low priority.",Maintenance,LOW,24,2026-09-06
Build new mobile app onboarding flow,Customer requested mobile functionality for payments service. This is blocking the release and needs to be fixed ASAP.,Feature Development,URGENT,-2,2026-08-11
Research checkout options for user service,Unclear why reporting engine is slow under search; needs investigation.,Research,MEDIUM,12,2026-08-25
Coordinate user profile kickoff meeting,"Need to align stakeholders on auth service before next sprint. No rush, whenever you get a chance.",Meeting/Admin,LOW,43,2026-09-25
Rotate checkout credentials for reporting engine,"Pen test found an exposed checkout in the search service API. Needed before end of sprint, please prioritize.",Security,HIGH,4,2026-08-17
Prepare slides for payments service review,Book time with mobile app team to discuss user profile plan.,Meeting/Admin,MEDIUM,14,2026-08-27
Configure autoscaling for search service,"search service deploys are manual and error-prone; automate with CI/CD. Customer-facing outage, top priority.",DevOps/Infrastructure,URGENT,1,2026-08-14
Document SSO setup process,"API consumers are confused about payments service usage, needs docs.",Documentation,MEDIUM,9,2026-08-22
Build new auth service onboarding flow,Product wants SSO support added to the admin dashboard module this quarter.,Feature Development,MEDIUM,9,2026-08-22
Fix exposed payment endpoint in checkout flow,"Security scan flagged a chat vulnerability in payments service. Someday/maybe, not time sensitive.",Security,LOW,18,2026-08-31
Migrate reporting engine to new cluster,Ops wants alerting configured for user service before it handles more traffic.,DevOps/Infrastructure,MEDIUM,8,2026-08-21
Refactor legacy auth service code,"Remove dead checkout code left over from the old reporting engine implementation. Someday/maybe, not time sensitive.",Maintenance,LOW,21,2026-09-03
Fix exposed reporting endpoint in billing module,Security scan flagged a OAuth token vulnerability in search service. Important for the client demo next week.,Security,HIGH,1,2026-08-14
Patch export vulnerability in checkout flow,Pen test found an exposed reporting in the search service API.,Security,MEDIUM,3,2026-08-16
Add OAuth token filtering to payments service dashboard,Product wants SSO support added to the payments service module this quarter.,Feature Development,MEDIUM,10,2026-08-23
Clean up unused authentication in checkout flow,Remove dead billing code left over from the old notification service implementation. Important for the client demo next week.,Maintenance,HIGH,3,2026-08-16
Audit user service for security issues,"Compliance requires rotating session used by mobile app this month. No rush, whenever you get a chance.",Security,LOW,53,2026-10-05
Update payments service to latest framework version,"Tech debt in mobile app is slowing down feature work, needs refactor. No rush, whenever you get a chance.",Maintenance,LOW,14,2026-08-27
Clean up unused checkout in admin dashboard,"user service dependencies are several versions behind and need upgrading. Someday/maybe, not time sensitive.",Maintenance,LOW,54,2026-10-06
Set up monitoring for user service service,Need to migrate notification service off legacy infrastructure this quarter.,DevOps/Infrastructure,MEDIUM,10,2026-08-23
Update README for user service service,"The OAuth token process isn't documented anywhere; write a guide. Needed before end of sprint, please prioritize.",Documentation,HIGH,2,2026-08-15
Write API docs for auth service endpoints,"New engineers need clearer docs on how reporting engine works. Someday/maybe, not time sensitive.",Documentation,LOW,22,2026-09-04
Add export filtering to user service dashboard,Customer requested session functionality for reporting engine.,Feature Development,MEDIUM,9,2026-08-22
Rotate billing credentials for billing module,Pen test found an exposed chat in the search service API.,Security,MEDIUM,6,2026-08-19
Create onboarding guide for backend API,"API consumers are confused about reporting engine usage, needs docs. Needed before end of sprint, please prioritize.",Documentation,HIGH,3,2026-08-16
Investigate mobile performance issue in backend API,Explore whether billing is viable for the reporting engine rewrite.,Research,MEDIUM,12,2026-08-25
Schedule sprint planning for reporting engine,Book time with admin dashboard team to discuss chat plan.,Meeting/Admin,MEDIUM,4,2026-08-17
Upgrade search service dependencies,"Remove dead analytics code left over from the old auth service implementation. No rush, whenever you get a chance.",Maintenance,LOW,57,2026-10-09
Clean up unused upload in backend API,"Tech debt in backend API is slowing down feature work, needs refactor.",Maintenance,MEDIUM,11,2026-08-24
Coordinate authentication kickoff meeting,Prepare status update for user profile to share with leadership. This is a P0 blocker for the launch tomorrow.,Meeting/Admin,URGENT,0,2026-08-13
Audit auth service for security issues,Pen test found an exposed upload in the payments service API.,Security,MEDIUM,13,2026-08-26
Design UI mockups for search service,"Need updated mockups for billing module before dev starts. Urgent request from the CEO, needs to ship today.",Design,URGENT,0,2026-08-13
Write architecture doc for admin dashboard,"The mobile process isn't documented anywhere; write a guide. Critical: production is down, all hands on this now.",Documentation,URGENT,-1,2026-08-12
Coordinate SSO kickoff meeting,Prepare status update for SSO to share with leadership. This is high priority for the upcoming release.,Meeting/Admin,HIGH,5,2026-08-18
Fix broken checkout button on payments service page,"Stack trace shows a OAuth token exception thrown from the search service handler. Someday/maybe, not time sensitive.",Bug Fix,LOW,38,2026-09-20
Write E2E tests for analytics checkout,Coverage on checkout flow is below target; add tests before release. Can be picked up next quarter.,Testing,LOW,17,2026-08-30
Design UI mockups for payments service,"Current authentication UI feels dated, redesign requested by stakeholders. Needed before end of sprint, please prioritize.",Design,HIGH,5,2026-08-18
Write E2E tests for export checkout,"The billing flow has no automated tests, causing repeat regressions. Important for the client demo next week.",Testing,HIGH,1,2026-08-14
Design icon set for auth service,"Current chat UI feels dated, redesign requested by stakeholders. No rush, whenever you get a chance.",Design,LOW,48,2026-09-30
Set up monitoring for auth service service,Need to migrate admin dashboard off legacy infrastructure this quarter. This is high priority for the upcoming release.,DevOps/Infrastructure,HIGH,3,2026-08-16
Fix exposed billing endpoint in auth service,Compliance requires rotating payment used by reporting engine this month.,Security,MEDIUM,6,2026-08-19
Clean up unused export in reporting engine,billing module dependencies are several versions behind and need upgrading. This is blocking the release and needs to be fixed ASAP.,Maintenance,URGENT,-2,2026-08-11
Resolve data corruption in billing module,Users report export fails intermittently after the latest deploy to search service.,Bug Fix,MEDIUM,14,2026-08-27
Redesign backend API settings page,Need updated mockups for React frontend before dev starts. This is a P0 blocker for the launch tomorrow.,Design,URGENT,-1,2026-08-12
Patch analytics vulnerability in React frontend,"Security scan flagged a OAuth token vulnerability in checkout flow. Needed before end of sprint, please prioritize.",Security,HIGH,5,2026-08-18
Write API docs for payments service endpoints,The user profile process isn't documented anywhere; write a guide.,Documentation,MEDIUM,4,2026-08-17
Coordinate SSO kickoff meeting,Book time with auth service team to discuss session plan. Can be picked up next quarter.,Meeting/Admin,LOW,30,2026-09-12
Write API docs for backend API endpoints,The authentication process isn't documented anywhere; write a guide. Can be picked up next quarter.,Documentation,LOW,30,2026-09-12
Create onboarding guide for search service,New engineers need clearer docs on how user service works. Important for the client demo next week.,Documentation,HIGH,1,2026-08-14
Write architecture doc for user service,"New engineers need clearer docs on how auth service works. Customer-facing outage, top priority.",Documentation,URGENT,0,2026-08-13
Implement checkout export for React frontend,"Design has finalized mockups for the SSO feature in search service. Customer-facing outage, top priority.",Feature Development,URGENT,-1,2026-08-12
Fix crash when export on user service,Regression introduced by last sprint's changes to reporting engine; needs a hotfix. Important for the client demo next week.,Bug Fix,HIGH,5,2026-08-18
Fix race condition in user service module,"QA found this reproducible on reporting engine under OAuth token load. No rush, whenever you get a chance.",Bug Fix,LOW,48,2026-09-30
Write unit tests for reporting engine module,"The checkout flow has no automated tests, causing repeat regressions.",Testing,MEDIUM,8,2026-08-21
Configure autoscaling for backend API,Ops wants alerting configured for React frontend before it handles more traffic.,DevOps/Infrastructure,MEDIUM,8,2026-08-21
Create SSO integration with admin dashboard,"New requirement from sales: billing module needs search capability. Customer-facing outage, top priority.",Feature Development,URGENT,-1,2026-08-12
Design icon set for React frontend,Create a design spec for the new mobile app experience.,Design,MEDIUM,13,2026-08-26
Prepare slides for backend API review,"Need to align stakeholders on reporting engine before next sprint. Nice to have, low priority.",Meeting/Admin,LOW,45,2026-09-27
Research SSO options for billing module,Explore whether user profile is viable for the search service rewrite.,Research,MEDIUM,10,2026-08-23
Fix crash when reporting on backend API,Regression introduced by last sprint's changes to reporting engine; needs a hotfix. This is blocking the release and needs to be fixed ASAP.,Bug Fix,URGENT,-1,2026-08-12
Update billing module to latest framework version,checkout flow dependencies are several versions behind and need upgrading. This is high priority for the upcoming release.,Maintenance,HIGH,1,2026-08-14
Create onboarding guide for backend API,"The session process isn't documented anywhere; write a guide. Critical: production is down, all hands on this now.",Documentation,URGENT,-2,2026-08-11
Write API docs for admin dashboard endpoints,"New engineers need clearer docs on how checkout flow works. Needed before end of sprint, please prioritize.",Documentation,HIGH,1,2026-08-14
Implement billing export for checkout flow,New requirement from sales: notification service needs checkout capability.,Feature Development,MEDIUM,14,2026-08-27
Investigate checkout performance issue in auth service,Explore whether chat is viable for the payments service rewrite. This is high priority for the upcoming release.,Research,HIGH,1,2026-08-14
Rotate reporting credentials for React frontend,"Security scan flagged a user profile vulnerability in payments service. Nice to have, low priority.",Security,LOW,58,2026-10-10
Provision new search environment,checkout flow deploys are manual and error-prone; automate with CI/CD. This is blocking the release and needs to be fixed ASAP.,DevOps/Infrastructure,URGENT,1,2026-08-14
Write API docs for search service endpoints,New engineers need clearer docs on how backend API works. This is high priority for the upcoming release.,Documentation,HIGH,5,2026-08-18
Design icon set for search service,Create a design spec for the new notification service experience. Important for the client demo next week.,Design,HIGH,5,2026-08-18
Set up retro for payments service team,Book time with backend API team to discuss analytics plan.,Meeting/Admin,MEDIUM,14,2026-08-27
Schedule sprint planning for admin dashboard,Prepare status update for authentication to share with leadership.,Meeting/Admin,MEDIUM,6,2026-08-19
Add support for checkout in checkout flow,Design has finalized mockups for the OAuth token feature in billing module.,Feature Development,MEDIUM,10,2026-08-23
Increase test coverage on notification service,Coverage on payments service is below target; add tests before release.,Testing,MEDIUM,10,2026-08-23
Prepare slides for auth service review,Need to align stakeholders on auth service before next sprint.,Meeting/Admin,MEDIUM,6,2026-08-19
Investigate reporting performance issue in checkout flow,"Unclear why React frontend is slow under mobile; needs investigation. Nice to have, low priority.",Research,LOW,24,2026-09-06
Fix race condition in React frontend module,Users report session fails intermittently after the latest deploy to notification service. Can be picked up next quarter.,Bug Fix,LOW,40,2026-09-22
Increase test coverage on React frontend,"The payment flow has no automated tests, causing repeat regressions. Important for the client demo next week.",Testing,HIGH,2,2026-08-15
Evaluate checkout libraries for search service,"Explore whether billing is viable for the backend API rewrite. Nice to have, low priority.",Research,LOW,27,2026-09-09
Fix exposed search endpoint in user service,Pen test found an exposed search in the search service API. Can be picked up next quarter.,Security,LOW,31,2026-09-13
Increase test coverage on backend API,QA wants automated E2E coverage for upload before launch. This is high priority for the upcoming release.,Testing,HIGH,4,2026-08-17
Set up retro for mobile app team,Need to align stakeholders on admin dashboard before next sprint.,Meeting/Admin,MEDIUM,13,2026-08-26
Rotate upload credentials for billing module,"Security scan flagged a checkout vulnerability in user service. Someday/maybe, not time sensitive.",Security,LOW,27,2026-09-09
Fix exposed OAuth token endpoint in search service,Pen test found an exposed mobile in the reporting engine API.,Security,MEDIUM,6,2026-08-19
Increase test coverage on checkout flow,"Coverage on checkout flow is below target; add tests before release. No rush, whenever you get a chance.",Testing,LOW,40,2026-09-22
Fix crash when billing on reporting engine,Users report authentication fails intermittently after the latest deploy to billing module.,Bug Fix,MEDIUM,14,2026-08-27
Create billing integration with notification service,Product wants chat support added to the backend API module this quarter.,Feature Development,MEDIUM,9,2026-08-22
Add integration tests for reporting flow,"Coverage on React frontend is below target; add tests before release. Urgent request from the CEO, needs to ship today.",Testing,URGENT,-1,2026-08-12
Schedule sprint planning for search service,Need to align stakeholders on reporting engine before next sprint.,Meeting/Admin,MEDIUM,8,2026-08-21
Schedule sprint planning for auth service,Need to align stakeholders on reporting engine before next sprint. This is high priority for the upcoming release.,Meeting/Admin,HIGH,3,2026-08-16
Investigate analytics performance issue in checkout flow,"Explore whether upload is viable for the notification service rewrite. No rush, whenever you get a chance.",Research,LOW,53,2026-10-05
Set up CI/CD pipeline for auth service,"Need to migrate backend API off legacy infrastructure this quarter. Urgent request from the CEO, needs to ship today.",DevOps/Infrastructure,URGENT,1,2026-08-14
Patch reporting vulnerability in mobile app,"Security scan flagged a export vulnerability in billing module. Nice to have, low priority.",Security,LOW,22,2026-09-04
Migrate React frontend to new cluster,"Ops wants alerting configured for reporting engine before it handles more traffic. Nice to have, low priority.",DevOps/Infrastructure,LOW,28,2026-09-10
Configure autoscaling for admin dashboard,Ops wants alerting configured for user service before it handles more traffic. This is high priority for the upcoming release.,DevOps/Infrastructure,HIGH,3,2026-08-16
Set up monitoring for billing module service,Ops wants alerting configured for React frontend before it handles more traffic.,DevOps/Infrastructure,MEDIUM,11,2026-08-24
Clean up unused billing in checkout flow,"Tech debt in auth service is slowing down feature work, needs refactor. No rush, whenever you get a chance.",Maintenance,LOW,26,2026-09-08
Schedule sprint planning for user service,"Need to align stakeholders on React frontend before next sprint. Urgent request from the CEO, needs to ship today.",Meeting/Admin,URGENT,-2,2026-08-11
Create onboarding guide for notification service,"API consumers are confused about backend API usage, needs docs. Needed before end of sprint, please prioritize.",Documentation,HIGH,5,2026-08-18
Create onboarding guide for user service,"The analytics process isn't documented anywhere; write a guide. Critical: production is down, all hands on this now.",Documentation,URGENT,-2,2026-08-11
Fix incorrect OAuth token calculation in billing module,"Regression introduced by last sprint's changes to checkout flow; needs a hotfix. Needed before end of sprint, please prioritize.",Bug Fix,HIGH,3,2026-08-16
Set up retro for admin dashboard team,Book time with admin dashboard team to discuss search plan. Important for the client demo next week.,Meeting/Admin,HIGH,2,2026-08-15
Coordinate user profile kickoff meeting,Need to align stakeholders on admin dashboard before next sprint.,Meeting/Admin,MEDIUM,5,2026-08-18
Rotate analytics credentials for billing module,"Pen test found an exposed search in the payments service API. Nice to have, low priority.",Security,LOW,24,2026-09-06
Write unit tests for mobile app module,QA wants automated E2E coverage for search before launch. This is high priority for the upcoming release.,Testing,HIGH,2,2026-08-15
Upgrade mobile app dependencies,"Tech debt in mobile app is slowing down feature work, needs refactor.",Maintenance,MEDIUM,5,2026-08-18
Clean up unused checkout in backend API,"Tech debt in search service is slowing down feature work, needs refactor. Someday/maybe, not time sensitive.",Maintenance,LOW,34,2026-09-16
Write API docs for billing module endpoints,"API consumers are confused about auth service usage, needs docs. Someday/maybe, not time sensitive.",Documentation,LOW,32,2026-09-14
Rotate SSO credentials for checkout flow,Compliance requires rotating session used by search service this month. This is high priority for the upcoming release.,Security,HIGH,4,2026-08-17
Patch memory leak in billing module service,Users report user profile fails intermittently after the latest deploy to backend API.,Bug Fix,MEDIUM,6,2026-08-19
Coordinate checkout kickoff meeting,"Need to align stakeholders on auth service before next sprint. Needed before end of sprint, please prioritize.",Meeting/Admin,HIGH,2,2026-08-15
Create wireframes for mobile flow,Create a design spec for the new search service experience.,Design,MEDIUM,4,2026-08-17
Update search service to latest framework version,"Tech debt in checkout flow is slowing down feature work, needs refactor.",Maintenance,MEDIUM,3,2026-08-16
Set up monitoring for reporting engine service,Need to migrate user service off legacy infrastructure this quarter.,DevOps/Infrastructure,MEDIUM,7,2026-08-20
Configure autoscaling for search service,"Ops wants alerting configured for notification service before it handles more traffic. Someday/maybe, not time sensitive.",DevOps/Infrastructure,LOW,40,2026-09-22
Coordinate search kickoff meeting,"Prepare status update for analytics to share with leadership. Needed before end of sprint, please prioritize.",Meeting/Admin,HIGH,5,2026-08-18
Add payment filtering to admin dashboard dashboard,"Customer requested OAuth token functionality for billing module. No rush, whenever you get a chance.",Feature Development,LOW,51,2026-10-03
Research mobile options for user service,Explore whether session is viable for the admin dashboard rewrite.,Research,MEDIUM,11,2026-08-24
Prepare slides for payments service review,Prepare status update for user profile to share with leadership.,Meeting/Admin,MEDIUM,7,2026-08-20
Audit billing module for security issues,Compliance requires rotating billing used by notification service this month. This is blocking the release and needs to be fixed ASAP.,Security,URGENT,-1,2026-08-12
Redesign auth service settings page,"Current checkout UI feels dated, redesign requested by stakeholders.",Design,MEDIUM,7,2026-08-20
Evaluate billing libraries for reporting engine,"Explore whether payment is viable for the backend API rewrite. Urgent request from the CEO, needs to ship today.",Research,URGENT,1,2026-08-14
Add support for analytics in mobile app,"Customer requested upload functionality for user service. Someday/maybe, not time sensitive.",Feature Development,LOW,58,2026-10-10
Build new reporting engine onboarding flow,Product wants OAuth token support added to the admin dashboard module this quarter. This is high priority for the upcoming release.,Feature Development,HIGH,2,2026-08-15
Set up monitoring for reporting engine service,"payments service deploys are manual and error-prone; automate with CI/CD. Urgent request from the CEO, needs to ship today.",DevOps/Infrastructure,URGENT,1,2026-08-14
Set up CI/CD pipeline for admin dashboard,Ops wants alerting configured for React frontend before it handles more traffic.,DevOps/Infrastructure,MEDIUM,13,2026-08-26
Write API docs for payments service endpoints,"API consumers are confused about mobile app usage, needs docs. Can be picked up next quarter.",Documentation,LOW,31,2026-09-13
Set up CI/CD pipeline for checkout flow,Need to migrate payments service off legacy infrastructure this quarter. This is a P0 blocker for the launch tomorrow.,DevOps/Infrastructure,URGENT,0,2026-08-13
Set up monitoring for mobile app service,notification service deploys are manual and error-prone; automate with CI/CD. This is high priority for the upcoming release.,DevOps/Infrastructure,HIGH,2,2026-08-15
Upgrade search service dependencies,"payments service dependencies are several versions behind and need upgrading. Someday/maybe, not time sensitive.",Maintenance,LOW,36,2026-09-18
Redesign search service settings page,Create a design spec for the new mobile app experience. Important for the client demo next week.,Design,HIGH,1,2026-08-14
Add search filtering to reporting engine dashboard,New requirement from sales: notification service needs analytics capability. This is high priority for the upcoming release.,Feature Development,HIGH,2,2026-08-15
Create analytics integration with React frontend,"Product wants mobile support added to the search service module this quarter. No rush, whenever you get a chance.",Feature Development,LOW,26,2026-09-08
Implement SSO export for auth service,"Product wants billing support added to the React frontend module this quarter. No rush, whenever you get a chance.",Feature Development,LOW,18,2026-08-31
Design UI mockups for React frontend,Need updated mockups for checkout flow before dev starts. This is high priority for the upcoming release.,Design,HIGH,2,2026-08-15
Set up CI/CD pipeline for payments service,Ops wants alerting configured for checkout flow before it handles more traffic. This is high priority for the upcoming release.,DevOps/Infrastructure,HIGH,5,2026-08-18
Rotate chat credentials for checkout flow,"Security scan flagged a checkout vulnerability in checkout flow. Nice to have, low priority.",Security,LOW,59,2026-10-11
Increase test coverage on billing module,"Coverage on React frontend is below target; add tests before release. Someday/maybe, not time sensitive.",Testing,LOW,37,2026-09-19
Rotate billing credentials for auth service,"Security scan flagged a search vulnerability in mobile app. Someday/maybe, not time sensitive.",Security,LOW,27,2026-09-09
Refactor legacy React frontend code,"Tech debt in search service is slowing down feature work, needs refactor. Critical: production is down, all hands on this now.",Maintenance,URGENT,1,2026-08-14
Configure autoscaling for reporting engine,mobile app deploys are manual and error-prone; automate with CI/CD.,DevOps/Infrastructure,MEDIUM,9,2026-08-22
Design icon set for reporting engine,"Current export UI feels dated, redesign requested by stakeholders. Important for the client demo next week.",Design,HIGH,3,2026-08-16
Evaluate OAuth token libraries for React frontend,"Unclear why mobile app is slow under export; needs investigation. Needed before end of sprint, please prioritize.",Research,HIGH,4,2026-08-17
Create billing integration with billing module,Product wants checkout support added to the payments service module this quarter.,Feature Development,MEDIUM,14,2026-08-27
Patch analytics vulnerability in payments service,"Security scan flagged a reporting vulnerability in notification service. Needed before end of sprint, please prioritize.",Security,HIGH,4,2026-08-17
Add OAuth token filtering to user service dashboard,Customer requested user profile functionality for reporting engine. Can be picked up next quarter.,Feature Development,LOW,55,2026-10-07
Investigate billing performance issue in auth service,Explore whether authentication is viable for the search service rewrite.,Research,MEDIUM,5,2026-08-18
Schedule sprint planning for admin dashboard,Prepare status update for billing to share with leadership.,Meeting/Admin,MEDIUM,5,2026-08-18
Resolve login failure for analytics users,"Users report billing fails intermittently after the latest deploy to auth service. Critical: production is down, all hands on this now.",Bug Fix,URGENT,1,2026-08-14
Audit admin dashboard for security issues,"Compliance requires rotating upload used by React frontend this month. Someday/maybe, not time sensitive.",Security,LOW,43,2026-09-25
Increase test coverage on search service,"The chat flow has no automated tests, causing repeat regressions.",Testing,MEDIUM,11,2026-08-24
Upgrade backend API dependencies,"Tech debt in React frontend is slowing down feature work, needs refactor.",Maintenance,MEDIUM,8,2026-08-21
Spike on billing feasibility for backend API,Team needs a recommendation on search approach for billing module.,Research,MEDIUM,7,2026-08-20
Create onboarding guide for payments service,The analytics process isn't documented anywhere; write a guide.,Documentation,MEDIUM,4,2026-08-17
Fix exposed export endpoint in billing module,Compliance requires rotating chat used by checkout flow this month.,Security,MEDIUM,11,2026-08-24
Write architecture doc for user service,The billing process isn't documented anywhere; write a guide. Can be picked up next quarter.,Documentation,LOW,32,2026-09-14
Set up CI/CD pipeline for checkout flow,"mobile app deploys are manual and error-prone; automate with CI/CD. Needed before end of sprint, please prioritize.",DevOps/Infrastructure,HIGH,5,2026-08-18
Fix broken authentication button on React frontend page,QA found this reproducible on mobile app under reporting load.,Bug Fix,MEDIUM,3,2026-08-16
Add integration tests for payment flow,"The upload flow has no automated tests, causing repeat regressions. No rush, whenever you get a chance.",Testing,LOW,33,2026-09-15
Build new backend API onboarding flow,Design has finalized mockups for the mobile feature in search service.,Feature Development,MEDIUM,9,2026-08-22
Fix exposed user profile endpoint in backend API,"Compliance requires rotating billing used by checkout flow this month. Urgent request from the CEO, needs to ship today.",Security,URGENT,1,2026-08-14
Fix exposed reporting endpoint in checkout flow,"Security scan flagged a SSO vulnerability in search service. Critical: production is down, all hands on this now.",Security,URGENT,0,2026-08-13
Coordinate search kickoff meeting,"Prepare status update for reporting to share with leadership. Needed before end of sprint, please prioritize.",Meeting/Admin,HIGH,1,2026-08-14
Refactor legacy admin dashboard code,checkout flow dependencies are several versions behind and need upgrading.,Maintenance,MEDIUM,6,2026-08-19
Patch analytics vulnerability in checkout flow,"Security scan flagged a upload vulnerability in mobile app. Needed before end of sprint, please prioritize.",Security,HIGH,5,2026-08-18
Set up retro for mobile app team,Need to align stakeholders on admin dashboard before next sprint.,Meeting/Admin,MEDIUM,7,2026-08-20
Investigate payment performance issue in user service,Unclear why checkout flow is slow under user profile; needs investigation.,Research,MEDIUM,13,2026-08-26
Refactor legacy backend API code,"Remove dead analytics code left over from the old billing module implementation. Someday/maybe, not time sensitive.",Maintenance,LOW,27,2026-09-09
Coordinate session kickoff meeting,"Book time with checkout flow team to discuss SSO plan. Someday/maybe, not time sensitive.",Meeting/Admin,LOW,50,2026-10-02
Fix incorrect reporting calculation in search service,Stack trace shows a payment exception thrown from the payments service handler. Can be picked up next quarter.,Bug Fix,LOW,41,2026-09-23
Investigate OAuth token performance issue in React frontend,Explore whether payment is viable for the user service rewrite. Important for the client demo next week.,Research,HIGH,2,2026-08-15
Create wireframes for authentication flow,"Need updated mockups for notification service before dev starts. Urgent request from the CEO, needs to ship today.",Design,URGENT,1,2026-08-14
Set up retro for auth service team,Need to align stakeholders on payments service before next sprint. This is high priority for the upcoming release.,Meeting/Admin,HIGH,3,2026-08-16
Create wireframes for export flow,Create a design spec for the new backend API experience. This is blocking the release and needs to be fixed ASAP.,Design,URGENT,0,2026-08-13
Audit React frontend for security issues,Pen test found an exposed session in the mobile app API.,Security,MEDIUM,4,2026-08-17
Evaluate payment libraries for React frontend,Explore whether analytics is viable for the billing module rewrite. Can be picked up next quarter.,Research,LOW,45,2026-09-27
Add upload filtering to React frontend dashboard,"Design has finalized mockups for the reporting feature in checkout flow. Nice to have, low priority.",Feature Development,LOW,41,2026-09-23
Add integration tests for checkout flow,Coverage on search service is below target; add tests before release.,Testing,MEDIUM,12,2026-08-25
Fix race condition in mobile app module,Users report reporting fails intermittently after the latest deploy to billing module.,Bug Fix,MEDIUM,13,2026-08-26
Increase test coverage on payments service,"The billing flow has no automated tests, causing repeat regressions.",Testing,MEDIUM,7,2026-08-20
Fix crash when OAuth token on reporting engine,"Users report analytics fails intermittently after the latest deploy to auth service. Needed before end of sprint, please prioritize.",Bug Fix,HIGH,4,2026-08-17
Redesign auth service settings page,"Need updated mockups for notification service before dev starts. Someday/maybe, not time sensitive.",Design,LOW,14,2026-08-27
Investigate user profile performance issue in React frontend,"Team needs a recommendation on user profile approach for notification service. Nice to have, low priority.",Research,LOW,42,2026-09-24
Set up monitoring for backend API service,"Need to migrate React frontend off legacy infrastructure this quarter. Someday/maybe, not time sensitive.",DevOps/Infrastructure,LOW,44,2026-09-26
Investigate analytics performance issue in user service,Team needs a recommendation on OAuth token approach for payments service.,Research,MEDIUM,11,2026-08-24
Build new checkout flow onboarding flow,Design has finalized mockups for the billing feature in reporting engine. This is blocking the release and needs to be fixed ASAP.,Feature Development,URGENT,-1,2026-08-12
Prepare slides for user service review,Need to align stakeholders on admin dashboard before next sprint. This is high priority for the upcoming release.,Meeting/Admin,HIGH,1,2026-08-14
Update README for reporting engine service,"API consumers are confused about payments service usage, needs docs. Someday/maybe, not time sensitive.",Documentation,LOW,34,2026-09-16
Set up retro for reporting engine team,Need to align stakeholders on payments service before next sprint.,Meeting/Admin,MEDIUM,8,2026-08-21
Create wireframes for checkout flow,"Current search UI feels dated, redesign requested by stakeholders. Nice to have, low priority.",Design,LOW,15,2026-08-28
Fix incorrect session calculation in React frontend,"QA found this reproducible on admin dashboard under payment load. Nice to have, low priority.",Bug Fix,LOW,17,2026-08-30
Spike on upload feasibility for admin dashboard,"Team needs a recommendation on checkout approach for mobile app. Needed before end of sprint, please prioritize.",Research,HIGH,1,2026-08-14
Resolve data corruption in search service,"QA found this reproducible on notification service under checkout load. Nice to have, low priority.",Bug Fix,LOW,31,2026-09-13
Design icon set for payments service,"Current OAuth token UI feels dated, redesign requested by stakeholders.",Design,MEDIUM,7,2026-08-20
Write E2E tests for search checkout,"Coverage on admin dashboard is below target; add tests before release. Nice to have, low priority.",Testing,LOW,53,2026-10-05
Prepare slides for checkout flow review,"Book time with search service team to discuss export plan. Customer-facing outage, top priority.",Meeting/Admin,URGENT,-1,2026-08-12
Set up monitoring for notification service service,Ops wants alerting configured for reporting engine before it handles more traffic.,DevOps/Infrastructure,MEDIUM,12,2026-08-25
Design UI mockups for billing module,"Need updated mockups for mobile app before dev starts. Someday/maybe, not time sensitive.",Design,LOW,36,2026-09-18
Patch mobile vulnerability in admin dashboard,Compliance requires rotating upload used by user service this month. Important for the client demo next week.,Security,HIGH,3,2026-08-16
Write architecture doc for checkout flow,New engineers need clearer docs on how payments service works.,Documentation,MEDIUM,8,2026-08-21
Prepare slides for mobile app review,Book time with user service team to discuss chat plan. This is high priority for the upcoming release.,Meeting/Admin,HIGH,3,2026-08-16
Patch memory leak in admin dashboard service,Regression introduced by last sprint's changes to user service; needs a hotfix. Important for the client demo next week.,Bug Fix,HIGH,5,2026-08-18
Redesign payments service settings page,"Current analytics UI feels dated, redesign requested by stakeholders. Nice to have, low priority.",Design,LOW,49,2026-10-01
Schedule sprint planning for payments service,"Need to align stakeholders on payments service before next sprint. Urgent request from the CEO, needs to ship today.",Meeting/Admin,URGENT,-1,2026-08-12
Set up retro for search service team,"Need to align stakeholders on mobile app before next sprint. Someday/maybe, not time sensitive.",Meeting/Admin,LOW,43,2026-09-25
Schedule sprint planning for reporting engine,"Need to align stakeholders on mobile app before next sprint. Urgent request from the CEO, needs to ship today.",Meeting/Admin,URGENT,-1,2026-08-12
Write architecture doc for admin dashboard,"API consumers are confused about auth service usage, needs docs.",Documentation,MEDIUM,12,2026-08-25
Patch memory leak in React frontend service,Stack trace shows a SSO exception thrown from the search service handler.,Bug Fix,MEDIUM,8,2026-08-21
Address null pointer exception in auth service,Users report authentication fails intermittently after the latest deploy to mobile app.,Bug Fix,MEDIUM,4,2026-08-17
Migrate React frontend to new cluster,Need to migrate reporting engine off legacy infrastructure this quarter.,DevOps/Infrastructure,MEDIUM,10,2026-08-23
Design UI mockups for backend API,"Create a design spec for the new search service experience. Needed before end of sprint, please prioritize.",Design,HIGH,5,2026-08-18
Update README for backend API service,"API consumers are confused about mobile app usage, needs docs. No rush, whenever you get a chance.",Documentation,LOW,49,2026-10-01
Fix exposed checkout endpoint in user service,"Pen test found an exposed search in the notification service API. Someday/maybe, not time sensitive.",Security,LOW,19,2026-09-01
Fix incorrect search calculation in user service,"QA found this reproducible on auth service under user profile load. Nice to have, low priority.",Bug Fix,LOW,21,2026-09-03
Design icon set for user service,"Create a design spec for the new admin dashboard experience. Nice to have, low priority.",Design,LOW,36,2026-09-18
Build new notification service onboarding flow,Customer requested billing functionality for user service.,Feature Development,MEDIUM,12,2026-08-25
Fix exposed checkout endpoint in user service,Pen test found an exposed upload in the payments service API.,Security,MEDIUM,9,2026-08-22
Implement chat export for mobile app,Customer requested export functionality for notification service.,Feature Development,MEDIUM,14,2026-08-27
Create onboarding guide for auth service,"API consumers are confused about React frontend usage, needs docs. Important for the client demo next week.",Documentation,HIGH,1,2026-08-14
Coordinate search kickoff meeting,"Book time with admin dashboard team to discuss session plan. Someday/maybe, not time sensitive.",Meeting/Admin,LOW,32,2026-09-14
Patch chat vulnerability in React frontend,Security scan flagged a chat vulnerability in React frontend.,Security,MEDIUM,9,2026-08-22
Create export integration with reporting engine,Design has finalized mockups for the reporting feature in admin dashboard.,Feature Development,MEDIUM,11,2026-08-24
Resolve login failure for analytics users,"QA found this reproducible on payments service under search load. No rush, whenever you get a chance.",Bug Fix,LOW,19,2026-09-01
Investigate reporting performance issue in checkout flow,Explore whether billing is viable for the auth service rewrite.,Research,MEDIUM,7,2026-08-20
Migrate payments service to new cluster,"checkout flow deploys are manual and error-prone; automate with CI/CD. Needed before end of sprint, please prioritize.",DevOps/Infrastructure,HIGH,1,2026-08-14
Research mobile options for user service,Team needs a recommendation on mobile approach for payments service.,Research,MEDIUM,10,2026-08-23
Spike on user profile feasibility for checkout flow,Explore whether reporting is viable for the reporting engine rewrite.,Research,MEDIUM,14,2026-08-27
Investigate checkout performance issue in payments service,Team needs a recommendation on mobile approach for notification service. This is blocking the release and needs to be fixed ASAP.,Research,URGENT,-1,2026-08-12
Fix incorrect billing calculation in auth service,Stack trace shows a export exception thrown from the notification service handler.,Bug Fix,MEDIUM,13,2026-08-26
Refactor legacy admin dashboard code,"Tech debt in search service is slowing down feature work, needs refactor.",Maintenance,MEDIUM,4,2026-08-17
Update README for reporting engine service,"The billing process isn't documented anywhere; write a guide. Customer-facing outage, top priority.",Documentation,URGENT,-1,2026-08-12
Increase test coverage on user service,"Coverage on backend API is below target; add tests before release. Customer-facing outage, top priority.",Testing,URGENT,1,2026-08-14
Coordinate mobile kickoff meeting,Prepare status update for billing to share with leadership.,Meeting/Admin,MEDIUM,12,2026-08-25
Prepare slides for backend API review,Book time with user service team to discuss mobile plan.,Meeting/Admin,MEDIUM,11,2026-08-24
Build new auth service onboarding flow,Customer requested session functionality for search service. This is a P0 blocker for the launch tomorrow.,Feature Development,URGENT,0,2026-08-13
Set up retro for payments service team,Prepare status update for analytics to share with leadership.,Meeting/Admin,MEDIUM,10,2026-08-23
Add regression tests for checkout flow,"QA wants automated E2E coverage for reporting before launch. Someday/maybe, not time sensitive.",Testing,LOW,22,2026-09-04
Design icon set for auth service,"Create a design spec for the new mobile app experience. Nice to have, low priority.",Design,LOW,53,2026-10-05
Increase test coverage on reporting engine,Coverage on search service is below target; add tests before release. This is high priority for the upcoming release.,Testing,HIGH,2,2026-08-15
Fix exposed checkout endpoint in user service,Pen test found an exposed user profile in the notification service API. This is high priority for the upcoming release.,Security,HIGH,1,2026-08-14
Configure autoscaling for auth service,billing module deploys are manual and error-prone; automate with CI/CD. This is blocking the release and needs to be fixed ASAP.,DevOps/Infrastructure,URGENT,0,2026-08-13
Research upload options for notification service,Team needs a recommendation on chat approach for notification service.,Research,MEDIUM,8,2026-08-21
Set up CI/CD pipeline for billing module,"Need to migrate payments service off legacy infrastructure this quarter. No rush, whenever you get a chance.",DevOps/Infrastructure,LOW,59,2026-10-11
Fix race condition in search service module,Users report checkout fails intermittently after the latest deploy to checkout flow.,Bug Fix,MEDIUM,4,2026-08-17
Upgrade React frontend dependencies,React frontend dependencies are several versions behind and need upgrading. Can be picked up next quarter.,Maintenance,LOW,24,2026-09-06
Design icon set for billing module,"Current analytics UI feels dated, redesign requested by stakeholders. Important for the client demo next week.",Design,HIGH,3,2026-08-16
Write API docs for notification service endpoints,The authentication process isn't documented anywhere; write a guide. Important for the client demo next week.,Documentation,HIGH,3,2026-08-16
Create wireframes for checkout flow,"Current analytics UI feels dated, redesign requested by stakeholders.",Design,MEDIUM,13,2026-08-26
Add integration tests for SSO flow,"The SSO flow has no automated tests, causing repeat regressions. Important for the client demo next week.",Testing,HIGH,4,2026-08-17
Spike on OAuth token feasibility for billing module,Explore whether reporting is viable for the backend API rewrite.,Research,MEDIUM,3,2026-08-16
Upgrade mobile app dependencies,"Tech debt in payments service is slowing down feature work, needs refactor.",Maintenance,MEDIUM,9,2026-08-22
Patch memory leak in checkout flow service,Users report export fails intermittently after the latest deploy to reporting engine. Can be picked up next quarter.,Bug Fix,LOW,40,2026-09-22
Investigate analytics performance issue in reporting engine,"Unclear why mobile app is slow under session; needs investigation. Urgent request from the CEO, needs to ship today.",Research,URGENT,-1,2026-08-12
Spike on export feasibility for notification service,Explore whether upload is viable for the checkout flow rewrite.,Research,MEDIUM,14,2026-08-27
Set up monitoring for notification service service,Need to migrate backend API off legacy infrastructure this quarter.,DevOps/Infrastructure,MEDIUM,9,2026-08-22
Write architecture doc for admin dashboard,New engineers need clearer docs on how billing module works.,Documentation,MEDIUM,11,2026-08-24
Migrate backend API to new cluster,Ops wants alerting configured for admin dashboard before it handles more traffic. Important for the client demo next week.,DevOps/Infrastructure,HIGH,4,2026-08-17
Upgrade backend API dependencies,"Tech debt in auth service is slowing down feature work, needs refactor.",Maintenance,MEDIUM,4,2026-08-17
Resolve login failure for billing users,"Users report billing fails intermittently after the latest deploy to mobile app. Nice to have, low priority.",Bug Fix,LOW,36,2026-09-18
Redesign reporting engine settings page,"Create a design spec for the new payments service experience. Nice to have, low priority.",Design,LOW,20,2026-09-02
Provision new upload environment,Need to migrate React frontend off legacy infrastructure this quarter. Important for the client demo next week.,DevOps/Infrastructure,HIGH,4,2026-08-17
Implement mobile export for user service,New requirement from sales: notification service needs billing capability.,Feature Development,MEDIUM,8,2026-08-21
Update billing module to latest framework version,"Remove dead SSO code left over from the old user service implementation. Someday/maybe, not time sensitive.",Maintenance,LOW,54,2026-10-06
Spike on analytics feasibility for search service,Explore whether authentication is viable for the payments service rewrite. This is high priority for the upcoming release.,Research,HIGH,4,2026-08-17
Prepare slides for billing module review,Book time with reporting engine team to discuss checkout plan. Important for the client demo next week.,Meeting/Admin,HIGH,1,2026-08-14
Write architecture doc for React frontend,"API consumers are confused about user service usage, needs docs. Urgent request from the CEO, needs to ship today.",Documentation,URGENT,0,2026-08-13
Patch memory leak in mobile app service,Regression introduced by last sprint's changes to admin dashboard; needs a hotfix. This is high priority for the upcoming release.,Bug Fix,HIGH,2,2026-08-15
Write architecture doc for backend API,"The session process isn't documented anywhere; write a guide. Needed before end of sprint, please prioritize.",Documentation,HIGH,4,2026-08-17
Resolve login failure for chat users,Users report OAuth token fails intermittently after the latest deploy to backend API.,Bug Fix,MEDIUM,12,2026-08-25
Design icon set for mobile app,"Current billing UI feels dated, redesign requested by stakeholders. Nice to have, low priority.",Design,LOW,22,2026-09-04
Update search service to latest framework version,Remove dead billing code left over from the old payments service implementation. Can be picked up next quarter.,Maintenance,LOW,19,2026-09-01
Fix exposed authentication endpoint in notification service,"Pen test found an exposed reporting in the billing module API. Customer-facing outage, top priority.",Security,URGENT,0,2026-08-13
Add analytics filtering to backend API dashboard,"Design has finalized mockups for the chat feature in auth service. Needed before end of sprint, please prioritize.",Feature Development,HIGH,1,2026-08-14
Add regression tests for checkout flow,Coverage on billing module is below target; add tests before release. Important for the client demo next week.,Testing,HIGH,5,2026-08-18
Resolve login failure for export users,"Stack trace shows a mobile exception thrown from the admin dashboard handler. Nice to have, low priority.",Bug Fix,LOW,59,2026-10-11
Fix exposed checkout endpoint in billing module,Compliance requires rotating reporting used by user service this month.,Security,MEDIUM,10,2026-08-23
Fix broken authentication button on payments service page,QA found this reproducible on billing module under mobile load. Important for the client demo next week.,Bug Fix,HIGH,1,2026-08-14
Implement chat export for payments service,Design has finalized mockups for the search feature in payments service. This is high priority for the upcoming release.,Feature Development,HIGH,2,2026-08-15
Design icon set for payments service,"Need updated mockups for mobile app before dev starts. Needed before end of sprint, please prioritize.",Design,HIGH,1,2026-08-14
Design icon set for mobile app,Need updated mockups for mobile app before dev starts. This is high priority for the upcoming release.,Design,HIGH,1,2026-08-14
Add integration tests for SSO flow,QA wants automated E2E coverage for payment before launch.,Testing,MEDIUM,11,2026-08-24
Research user profile options for backend API,Unclear why billing module is slow under billing; needs investigation.,Research,MEDIUM,10,2026-08-23
Resolve data corruption in notification service,"Users report user profile fails intermittently after the latest deploy to billing module. No rush, whenever you get a chance.",Bug Fix,LOW,29,2026-09-11
Refactor legacy checkout flow code,"Tech debt in React frontend is slowing down feature work, needs refactor. Nice to have, low priority.",Maintenance,LOW,23,2026-09-05
Provision new search environment,Ops wants alerting configured for billing module before it handles more traffic.,DevOps/Infrastructure,MEDIUM,3,2026-08-16
Coordinate export kickoff meeting,Need to align stakeholders on search service before next sprint. Important for the client demo next week.,Meeting/Admin,HIGH,4,2026-08-17
Migrate billing module to new cluster,"Need to migrate payments service off legacy infrastructure this quarter. No rush, whenever you get a chance.",DevOps/Infrastructure,LOW,33,2026-09-15
Create analytics integration with React frontend,"New requirement from sales: billing module needs analytics capability. Someday/maybe, not time sensitive.",Feature Development,LOW,27,2026-09-09
Audit auth service for security issues,"Pen test found an exposed export in the admin dashboard API. Someday/maybe, not time sensitive.",Security,LOW,31,2026-09-13
Increase test coverage on notification service,"The upload flow has no automated tests, causing repeat regressions. Critical: production is down, all hands on this now.",Testing,URGENT,-2,2026-08-11
Fix exposed mobile endpoint in backend API,Compliance requires rotating search used by user service this month.,Security,MEDIUM,14,2026-08-27
Set up retro for React frontend team,Book time with React frontend team to discuss export plan.,Meeting/Admin,MEDIUM,13,2026-08-26
Schedule sprint planning for user service,"Book time with user service team to discuss reporting plan. Needed before end of sprint, please prioritize.",Meeting/Admin,HIGH,1,2026-08-14
Create reporting integration with notification service,Customer requested mobile functionality for notification service. Can be picked up next quarter.,Feature Development,LOW,57,2026-10-09
Migrate checkout flow to new cluster,Ops wants alerting configured for reporting engine before it handles more traffic. Important for the client demo next week.,DevOps/Infrastructure,HIGH,3,2026-08-16
Address null pointer exception in reporting engine,"Stack trace shows a mobile exception thrown from the notification service handler. Someday/maybe, not time sensitive.",Bug Fix,LOW,21,2026-09-03
Design icon set for billing module,Need updated mockups for reporting engine before dev starts.,Design,MEDIUM,13,2026-08-26
Rotate checkout credentials for checkout flow,"Security scan flagged a analytics vulnerability in React frontend. Needed before end of sprint, please prioritize.",Security,HIGH,2,2026-08-15
Clean up unused payment in auth service,auth service dependencies are several versions behind and need upgrading.,Maintenance,MEDIUM,7,2026-08-20
Update user service to latest framework version,"Remove dead export code left over from the old auth service implementation. Urgent request from the CEO, needs to ship today.",Maintenance,URGENT,1,2026-08-14
Investigate checkout performance issue in auth service,Explore whether billing is viable for the search service rewrite.,Research,MEDIUM,3,2026-08-16
Write unit tests for user service module,"QA wants automated E2E coverage for billing before launch. Critical: production is down, all hands on this now.",Testing,URGENT,0,2026-08-13
Add support for SSO in backend API,"New requirement from sales: user service needs analytics capability. Nice to have, low priority.",Feature Development,LOW,26,2026-09-08
Document user profile setup process,"API consumers are confused about React frontend usage, needs docs. Customer-facing outage, top priority.",Documentation,URGENT,-2,2026-08-11
Audit admin dashboard for security issues,Security scan flagged a checkout vulnerability in search service. Important for the client demo next week.,Security,HIGH,1,2026-08-14
Provision new SSO environment,checkout flow deploys are manual and error-prone; automate with CI/CD.,DevOps/Infrastructure,MEDIUM,4,2026-08-17
Schedule sprint planning for backend API,"Need to align stakeholders on mobile app before next sprint. No rush, whenever you get a chance.",Meeting/Admin,LOW,22,2026-09-04
Fix race condition in admin dashboard module,QA found this reproducible on React frontend under checkout load.,Bug Fix,MEDIUM,11,2026-08-24
Address null pointer exception in user service,"QA found this reproducible on checkout flow under checkout load. Nice to have, low priority.",Bug Fix,LOW,52,2026-10-04
Patch billing vulnerability in user service,"Pen test found an exposed SSO in the user service API. No rush, whenever you get a chance.",Security,LOW,35,2026-09-17
Fix race condition in mobile app module,Stack trace shows a checkout exception thrown from the React frontend handler. This is blocking the release and needs to be fixed ASAP.,Bug Fix,URGENT,-1,2026-08-12
Rotate export credentials for billing module,Pen test found an exposed reporting in the user service API.,Security,MEDIUM,12,2026-08-25
Prepare slides for payments service review,Need to align stakeholders on payments service before next sprint. Important for the client demo next week.,Meeting/Admin,HIGH,5,2026-08-18
Configure autoscaling for billing module,search service deploys are manual and error-prone; automate with CI/CD. Important for the client demo next week.,DevOps/Infrastructure,HIGH,3,2026-08-16
Set up CI/CD pipeline for checkout flow,Ops wants alerting configured for payments service before it handles more traffic. This is a P0 blocker for the launch tomorrow.,DevOps/Infrastructure,URGENT,-2,2026-08-11
Investigate payment performance issue in notification service,Explore whether session is viable for the notification service rewrite. Can be picked up next quarter.,Research,LOW,26,2026-09-08
Set up retro for reporting engine team,Prepare status update for OAuth token to share with leadership.,Meeting/Admin,MEDIUM,8,2026-08-21
Audit mobile app for security issues,"Security scan flagged a checkout vulnerability in search service. No rush, whenever you get a chance.",Security,LOW,45,2026-09-27
Write unit tests for notification service module,QA wants automated E2E coverage for payment before launch.,Testing,MEDIUM,6,2026-08-19
Coordinate SSO kickoff meeting,Prepare status update for payment to share with leadership. This is high priority for the upcoming release.,Meeting/Admin,HIGH,3,2026-08-16
Resolve login failure for reporting users,Users report search fails intermittently after the latest deploy to admin dashboard.,Bug Fix,MEDIUM,13,2026-08-26
Audit backend API for security issues,Security scan flagged a payment vulnerability in admin dashboard. Important for the client demo next week.,Security,HIGH,2,2026-08-15
Provision new payment environment,"payments service deploys are manual and error-prone; automate with CI/CD. No rush, whenever you get a chance.",DevOps/Infrastructure,LOW,15,2026-08-28
Create onboarding guide for React frontend,The session process isn't documented anywhere; write a guide. This is high priority for the upcoming release.,Documentation,HIGH,3,2026-08-16
Migrate checkout flow to new cluster,"Need to migrate reporting engine off legacy infrastructure this quarter. Critical: production is down, all hands on this now.",DevOps/Infrastructure,URGENT,-1,2026-08-12
Add integration tests for chat flow,QA wants automated E2E coverage for reporting before launch.,Testing,MEDIUM,13,2026-08-26
Write unit tests for checkout flow module,QA wants automated E2E coverage for payment before launch. This is high priority for the upcoming release.,Testing,HIGH,3,2026-08-16
Write unit tests for admin dashboard module,"Coverage on billing module is below target; add tests before release. Someday/maybe, not time sensitive.",Testing,LOW,27,2026-09-09
Create SSO integration with auth service,Product wants search support added to the billing module module this quarter.,Feature Development,MEDIUM,13,2026-08-26
Clean up unused billing in billing module,"Tech debt in mobile app is slowing down feature work, needs refactor. Someday/maybe, not time sensitive.",Maintenance,LOW,59,2026-10-11
Set up retro for checkout flow team,Prepare status update for export to share with leadership.,Meeting/Admin,MEDIUM,6,2026-08-19
Add integration tests for billing flow,"The payment flow has no automated tests, causing repeat regressions.",Testing,MEDIUM,9,2026-08-22
Rotate session credentials for mobile app,Pen test found an exposed chat in the React frontend API. This is high priority for the upcoming release.,Security,HIGH,3,2026-08-16
Coordinate payment kickoff meeting,Need to align stakeholders on billing module before next sprint.,Meeting/Admin,MEDIUM,9,2026-08-22
Set up retro for user service team,Prepare status update for SSO to share with leadership. Important for the client demo next week.,Meeting/Admin,HIGH,1,2026-08-14
Create onboarding guide for admin dashboard,"API consumers are confused about mobile app usage, needs docs. Can be picked up next quarter.",Documentation,LOW,46,2026-09-28
Upgrade admin dashboard dependencies,React frontend dependencies are several versions behind and need upgrading. This is blocking the release and needs to be fixed ASAP.,Maintenance,URGENT,-1,2026-08-12
Migrate mobile app to new cluster,Need to migrate reporting engine off legacy infrastructure this quarter. Can be picked up next quarter.,DevOps/Infrastructure,LOW,26,2026-09-08
Rotate OAuth token credentials for reporting engine,"Compliance requires rotating chat used by admin dashboard this month. Urgent request from the CEO, needs to ship today.",Security,URGENT,0,2026-08-13
Set up monitoring for checkout flow service,Ops wants alerting configured for search service before it handles more traffic.,DevOps/Infrastructure,MEDIUM,5,2026-08-18
Evaluate payment libraries for reporting engine,"Explore whether payment is viable for the search service rewrite. Needed before end of sprint, please prioritize.",Research,HIGH,5,2026-08-18
Set up retro for React frontend team,Prepare status update for OAuth token to share with leadership.,Meeting/Admin,MEDIUM,14,2026-08-27
Evaluate billing libraries for search service,Explore whether mobile is viable for the mobile app rewrite. This is high priority for the upcoming release.,Research,HIGH,3,2026-08-16
Fix race condition in auth service module,Regression introduced by last sprint's changes to notification service; needs a hotfix.,Bug Fix,MEDIUM,13,2026-08-26
Investigate reporting performance issue in checkout flow,"Team needs a recommendation on upload approach for backend API. Nice to have, low priority.",Research,LOW,35,2026-09-17
Fix exposed authentication endpoint in notification service,Pen test found an exposed checkout in the billing module API.,Security,MEDIUM,10,2026-08-23
Build new search service onboarding flow,Design has finalized mockups for the checkout feature in payments service. This is a P0 blocker for the launch tomorrow.,Feature Development,URGENT,-1,2026-08-12
Fix race condition in payments service module,Stack trace shows a checkout exception thrown from the user service handler. This is high priority for the upcoming release.,Bug Fix,HIGH,3,2026-08-16
Upgrade backend API dependencies,"Tech debt in backend API is slowing down feature work, needs refactor. Important for the client demo next week.",Maintenance,HIGH,4,2026-08-17
Write API docs for billing module endpoints,"The billing process isn't documented anywhere; write a guide. Critical: production is down, all hands on this now.",Documentation,URGENT,-1,2026-08-12
Increase test coverage on reporting engine,QA wants automated E2E coverage for billing before launch.,Testing,MEDIUM,7,2026-08-20
Rotate chat credentials for reporting engine,Compliance requires rotating billing used by admin dashboard this month. This is high priority for the upcoming release.,Security,HIGH,4,2026-08-17
Create upload integration with notification service,"Design has finalized mockups for the session feature in checkout flow. Someday/maybe, not time sensitive.",Feature Development,LOW,43,2026-09-25
Patch analytics vulnerability in React frontend,"Pen test found an exposed export in the search service API. Needed before end of sprint, please prioritize.",Security,HIGH,3,2026-08-16
Evaluate authentication libraries for notification service,"Team needs a recommendation on session approach for checkout flow. Someday/maybe, not time sensitive.",Research,LOW,38,2026-09-20
Write architecture doc for user service,"API consumers are confused about notification service usage, needs docs. Nice to have, low priority.",Documentation,LOW,31,2026-09-13
Clean up unused export in React frontend,"Remove dead analytics code left over from the old reporting engine implementation. Someday/maybe, not time sensitive.",Maintenance,LOW,40,2026-09-22
Upgrade React frontend dependencies,mobile app dependencies are several versions behind and need upgrading.,Maintenance,MEDIUM,5,2026-08-18
Create wireframes for chat flow,"Current mobile UI feels dated, redesign requested by stakeholders.",Design,MEDIUM,13,2026-08-26
Set up retro for reporting engine team,Prepare status update for OAuth token to share with leadership.,Meeting/Admin,MEDIUM,3,2026-08-16
Design UI mockups for payments service,"Current export UI feels dated, redesign requested by stakeholders.",Design,MEDIUM,10,2026-08-23
Implement chat export for auth service,New requirement from sales: search service needs analytics capability. Important for the client demo next week.,Feature Development,HIGH,2,2026-08-15
Write API docs for React frontend endpoints,New engineers need clearer docs on how React frontend works.,Documentation,MEDIUM,9,2026-08-22
Write API docs for backend API endpoints,"API consumers are confused about payments service usage, needs docs.",Documentation,MEDIUM,5,2026-08-18
Write unit tests for auth service module,QA wants automated E2E coverage for payment before launch.,Testing,MEDIUM,13,2026-08-26
Upgrade reporting engine dependencies,"Tech debt in backend API is slowing down feature work, needs refactor.",Maintenance,MEDIUM,3,2026-08-16
Evaluate session libraries for notification service,Unclear why notification service is slow under session; needs investigation. This is high priority for the upcoming release.,Research,HIGH,4,2026-08-17
Fix crash when reporting on notification service,"Users report payment fails intermittently after the latest deploy to React frontend. Nice to have, low priority.",Bug Fix,LOW,60,2026-10-12
Write API docs for billing module endpoints,"New engineers need clearer docs on how mobile app works. Needed before end of sprint, please prioritize.",Documentation,HIGH,2,2026-08-15
Rotate session credentials for billing module,Pen test found an exposed authentication in the React frontend API. This is high priority for the upcoming release.,Security,HIGH,3,2026-08-16
Migrate user service to new cluster,Ops wants alerting configured for backend API before it handles more traffic.,DevOps/Infrastructure,MEDIUM,10,2026-08-23
Write unit tests for admin dashboard module,"QA wants automated E2E coverage for upload before launch. Critical: production is down, all hands on this now.",Testing,URGENT,1,2026-08-14
Design icon set for reporting engine,Create a design spec for the new checkout flow experience. This is high priority for the upcoming release.,Design,HIGH,5,2026-08-18
Set up monitoring for reporting engine service,payments service deploys are manual and error-prone; automate with CI/CD.,DevOps/Infrastructure,MEDIUM,14,2026-08-27
Set up monitoring for mobile app service,checkout flow deploys are manual and error-prone; automate with CI/CD.,DevOps/Infrastructure,MEDIUM,11,2026-08-24
Add regression tests for reporting engine,Coverage on backend API is below target; add tests before release.,Testing,MEDIUM,4,2026-08-17
Create wireframes for analytics flow,"Need updated mockups for React frontend before dev starts. Urgent request from the CEO, needs to ship today.",Design,URGENT,1,2026-08-14
Create wireframes for search flow,"Need updated mockups for backend API before dev starts. Needed before end of sprint, please prioritize.",Design,HIGH,5,2026-08-18
Coordinate search kickoff meeting,Prepare status update for export to share with leadership.,Meeting/Admin,MEDIUM,9,2026-08-22
Design UI mockups for reporting engine,"Current reporting UI feels dated, redesign requested by stakeholders. This is high priority for the upcoming release.",Design,HIGH,2,2026-08-15
Add regression tests for user service,QA wants automated E2E coverage for reporting before launch.,Testing,MEDIUM,3,2026-08-16
Create checkout integration with notification service,"Product wants export support added to the payments service module this quarter. Nice to have, low priority.",Feature Development,LOW,19,2026-09-01
Write architecture doc for notification service,New engineers need clearer docs on how React frontend works.,Documentation,MEDIUM,10,2026-08-23
Create wireframes for analytics flow,Need updated mockups for payments service before dev starts.,Design,MEDIUM,7,2026-08-20
Design icon set for notification service,"Current OAuth token UI feels dated, redesign requested by stakeholders. Urgent request from the CEO, needs to ship today.",Design,URGENT,1,2026-08-14
Evaluate billing libraries for search service,"Unclear why checkout flow is slow under chat; needs investigation. Nice to have, low priority.",Research,LOW,44,2026-09-26
Resolve data corruption in React frontend,"Regression introduced by last sprint's changes to billing module; needs a hotfix. Needed before end of sprint, please prioritize.",Bug Fix,HIGH,2,2026-08-15
Design icon set for admin dashboard,"Current user profile UI feels dated, redesign requested by stakeholders.",Design,MEDIUM,10,2026-08-23
Build new reporting engine onboarding flow,"Customer requested payment functionality for payments service. No rush, whenever you get a chance.",Feature Development,LOW,14,2026-08-27
Clean up unused billing in user service,"Tech debt in reporting engine is slowing down feature work, needs refactor.",Maintenance,MEDIUM,10,2026-08-23
Design UI mockups for backend API,Need updated mockups for checkout flow before dev starts. Important for the client demo next week.,Design,HIGH,3,2026-08-16
Provision new analytics environment,Ops wants alerting configured for mobile app before it handles more traffic.,DevOps/Infrastructure,MEDIUM,13,2026-08-26
Spike on analytics feasibility for notification service,Team needs a recommendation on billing approach for backend API. Can be picked up next quarter.,Research,LOW,54,2026-10-06
Patch memory leak in checkout flow service,"QA found this reproducible on payments service under export load. Needed before end of sprint, please prioritize.",Bug Fix,HIGH,5,2026-08-18
Write API docs for React frontend endpoints,"API consumers are confused about user service usage, needs docs.",Documentation,MEDIUM,12,2026-08-25
Add support for session in notification service,Customer requested search functionality for user service. Important for the client demo next week.,Feature Development,HIGH,5,2026-08-18
Update admin dashboard to latest framework version,"Remove dead authentication code left over from the old reporting engine implementation. No rush, whenever you get a chance.",Maintenance,LOW,54,2026-10-06
Audit payments service for security issues,"Pen test found an exposed analytics in the notification service API. Someday/maybe, not time sensitive.",Security,LOW,58,2026-10-10
Design UI mockups for search service,"Need updated mockups for React frontend before dev starts. Someday/maybe, not time sensitive.",Design,LOW,47,2026-09-29
Investigate analytics performance issue in user service,Team needs a recommendation on search approach for mobile app. This is high priority for the upcoming release.,Research,HIGH,2,2026-08-15
Prepare slides for React frontend review,Prepare status update for upload to share with leadership. This is high priority for the upcoming release.,Meeting/Admin,HIGH,2,2026-08-15
Increase test coverage on user service,"The export flow has no automated tests, causing repeat regressions. Critical: production is down, all hands on this now.",Testing,URGENT,-2,2026-08-11
Design UI mockups for React frontend,"Current checkout UI feels dated, redesign requested by stakeholders. Critical: production is down, all hands on this now.",Design,URGENT,1,2026-08-14
Schedule sprint planning for backend API,Prepare status update for SSO to share with leadership.,Meeting/Admin,MEDIUM,3,2026-08-16
Add chat filtering to backend API dashboard,Customer requested upload functionality for billing module. Can be picked up next quarter.,Feature Development,LOW,45,2026-09-27
Coordinate upload kickoff meeting,Prepare status update for reporting to share with leadership. Can be picked up next quarter.,Meeting/Admin,LOW,29,2026-09-11
Set up monitoring for checkout flow service,"mobile app deploys are manual and error-prone; automate with CI/CD. No rush, whenever you get a chance.",DevOps/Infrastructure,LOW,43,2026-09-25
Evaluate mobile libraries for checkout flow,"Team needs a recommendation on OAuth token approach for billing module. Needed before end of sprint, please prioritize.",Research,HIGH,2,2026-08-15
Set up monitoring for auth service service,Ops wants alerting configured for search service before it handles more traffic.,DevOps/Infrastructure,MEDIUM,13,2026-08-26
Write unit tests for mobile app module,Coverage on mobile app is below target; add tests before release. Can be picked up next quarter.,Testing,LOW,57,2026-10-09
Prepare slides for search service review,Prepare status update for analytics to share with leadership. Can be picked up next quarter.,Meeting/Admin,LOW,41,2026-09-23
Schedule sprint planning for user service,"Prepare status update for upload to share with leadership. No rush, whenever you get a chance.",Meeting/Admin,LOW,22,2026-09-04
Schedule sprint planning for auth service,Book time with search service team to discuss OAuth token plan. Important for the client demo next week.,Meeting/Admin,HIGH,1,2026-08-14
Prepare slides for notification service review,Need to align stakeholders on auth service before next sprint.,Meeting/Admin,MEDIUM,4,2026-08-17
Research search options for mobile app,Unclear why admin dashboard is slow under SSO; needs investigation. Important for the client demo next week.,Research,HIGH,4,2026-08-17
Implement dark mode for billing module,Customer requested checkout functionality for reporting engine. This is high priority for the upcoming release.,Feature Development,HIGH,5,2026-08-18
Patch export vulnerability in mobile app,"Pen test found an exposed session in the reporting engine API. Someday/maybe, not time sensitive.",Security,LOW,55,2026-10-07
Update notification service to latest framework version,React frontend dependencies are several versions behind and need upgrading. This is high priority for the upcoming release.,Maintenance,HIGH,1,2026-08-14
Provision new session environment,Ops wants alerting configured for checkout flow before it handles more traffic.,DevOps/Infrastructure,MEDIUM,8,2026-08-21
Research user profile options for backend API,"Explore whether chat is viable for the notification service rewrite. Someday/maybe, not time sensitive.",Research,LOW,34,2026-09-16
Migrate auth service to new cluster,Ops wants alerting configured for notification service before it handles more traffic. This is blocking the release and needs to be fixed ASAP.,DevOps/Infrastructure,URGENT,1,2026-08-14
Migrate admin dashboard to new cluster,auth service deploys are manual and error-prone; automate with CI/CD.,DevOps/Infrastructure,MEDIUM,12,2026-08-25
Create wireframes for analytics flow,"Create a design spec for the new checkout flow experience. Needed before end of sprint, please prioritize.",Design,HIGH,1,2026-08-14
Design icon set for notification service,"Current user profile UI feels dated, redesign requested by stakeholders. No rush, whenever you get a chance.",Design,LOW,35,2026-09-17
Update README for reporting engine service,"New engineers need clearer docs on how reporting engine works. Critical: production is down, all hands on this now.",Documentation,URGENT,1,2026-08-14
Investigate OAuth token performance issue in auth service,Team needs a recommendation on mobile approach for billing module.,Research,MEDIUM,9,2026-08-22
Coordinate SSO kickoff meeting,Prepare status update for checkout to share with leadership. Can be picked up next quarter.,Meeting/Admin,LOW,58,2026-10-10
Add regression tests for React frontend,"Coverage on checkout flow is below target; add tests before release. No rush, whenever you get a chance.",Testing,LOW,59,2026-10-11
Design icon set for payments service,Create a design spec for the new search service experience.,Design,MEDIUM,7,2026-08-20
Update README for reporting engine service,New engineers need clearer docs on how auth service works. This is a P0 blocker for the launch tomorrow.,Documentation,URGENT,-2,2026-08-11
Create onboarding guide for auth service,"New engineers need clearer docs on how backend API works. Customer-facing outage, top priority.",Documentation,URGENT,-1,2026-08-12
Resolve login failure for chat users,"Regression introduced by last sprint's changes to user service; needs a hotfix. Someday/maybe, not time sensitive.",Bug Fix,LOW,29,2026-09-11
Resolve login failure for payment users,QA found this reproducible on reporting engine under user profile load.,Bug Fix,MEDIUM,5,2026-08-18
Research SSO options for search service,Explore whether authentication is viable for the admin dashboard rewrite.,Research,MEDIUM,10,2026-08-23
Set up CI/CD pipeline for React frontend,search service deploys are manual and error-prone; automate with CI/CD.,DevOps/Infrastructure,MEDIUM,11,2026-08-24
Write unit tests for checkout flow module,QA wants automated E2E coverage for billing before launch.,Testing,MEDIUM,4,2026-08-17
Rotate authentication credentials for search service,Compliance requires rotating analytics used by user service this month. This is high priority for the upcoming release.,Security,HIGH,1,2026-08-14
Set up CI/CD pipeline for billing module,reporting engine deploys are manual and error-prone; automate with CI/CD. This is a P0 blocker for the launch tomorrow.,DevOps/Infrastructure,URGENT,1,2026-08-14
Add support for OAuth token in checkout flow,"Product wants SSO support added to the notification service module this quarter. No rush, whenever you get a chance.",Feature Development,LOW,25,2026-09-07
Rotate mobile credentials for billing module,Pen test found an exposed SSO in the mobile app API. This is high priority for the upcoming release.,Security,HIGH,5,2026-08-18
Add integration tests for checkout flow,"The OAuth token flow has no automated tests, causing repeat regressions. This is blocking the release and needs to be fixed ASAP.",Testing,URGENT,0,2026-08-13
Provision new search environment,"Ops wants alerting configured for notification service before it handles more traffic. Needed before end of sprint, please prioritize.",DevOps/Infrastructure,HIGH,3,2026-08-16
Update checkout flow to latest framework version,"Tech debt in mobile app is slowing down feature work, needs refactor.",Maintenance,MEDIUM,8,2026-08-21
Rotate analytics credentials for React frontend,Compliance requires rotating OAuth token used by backend API this month. This is high priority for the upcoming release.,Security,HIGH,2,2026-08-15
Create wireframes for search flow,Create a design spec for the new checkout flow experience.,Design,MEDIUM,5,2026-08-18
Fix exposed checkout endpoint in billing module,Pen test found an exposed user profile in the user service API.,Security,MEDIUM,5,2026-08-18
Spike on checkout feasibility for admin dashboard,Explore whether authentication is viable for the reporting engine rewrite. This is high priority for the upcoming release.,Research,HIGH,1,2026-08-14
Create wireframes for analytics flow,"Create a design spec for the new auth service experience. Nice to have, low priority.",Design,LOW,40,2026-09-22
Document SSO setup process,The mobile process isn't documented anywhere; write a guide. Important for the client demo next week.,Documentation,HIGH,1,2026-08-14
Upgrade billing module dependencies,"Tech debt in mobile app is slowing down feature work, needs refactor.",Maintenance,MEDIUM,8,2026-08-21
Configure autoscaling for notification service,Need to migrate React frontend off legacy infrastructure this quarter.,DevOps/Infrastructure,MEDIUM,6,2026-08-19
Research SSO options for React frontend,"Team needs a recommendation on chat approach for reporting engine. Someday/maybe, not time sensitive.",Research,LOW,20,2026-09-02
Clean up unused analytics in checkout flow,"Tech debt in admin dashboard is slowing down feature work, needs refactor.",Maintenance,MEDIUM,3,2026-08-16
Document SSO setup process,New engineers need clearer docs on how reporting engine works.,Documentation,MEDIUM,11,2026-08-24
Update checkout flow to latest framework version,backend API dependencies are several versions behind and need upgrading.,Maintenance,MEDIUM,14,2026-08-27
Update README for user service service,"API consumers are confused about admin dashboard usage, needs docs. Urgent request from the CEO, needs to ship today.",Documentation,URGENT,-1,2026-08-12
Fix exposed analytics endpoint in search service,Security scan flagged a billing vulnerability in mobile app. Can be picked up next quarter.,Security,LOW,31,2026-09-13
Evaluate user profile libraries for auth service,"Team needs a recommendation on user profile approach for user service. No rush, whenever you get a chance.",Research,LOW,54,2026-10-06
Implement analytics export for notification service,"Product wants search support added to the checkout flow module this quarter. Urgent request from the CEO, needs to ship today.",Feature Development,URGENT,1,2026-08-14
Resolve data corruption in billing module,Stack trace shows a billing exception thrown from the search service handler.,Bug Fix,MEDIUM,13,2026-08-26
Upgrade backend API dependencies,"Remove dead payment code left over from the old reporting engine implementation. Customer-facing outage, top priority.",Maintenance,URGENT,0,2026-08-13
Add regression tests for checkout flow,"Coverage on search service is below target; add tests before release. Nice to have, low priority.",Testing,LOW,25,2026-09-07
Build new payments service onboarding flow,Design has finalized mockups for the mobile feature in user service.,Feature Development,MEDIUM,5,2026-08-18
Set up CI/CD pipeline for auth service,"billing module deploys are manual and error-prone; automate with CI/CD. No rush, whenever you get a chance.",DevOps/Infrastructure,LOW,32,2026-09-14
Design icon set for admin dashboard,Need updated mockups for reporting engine before dev starts.,Design,MEDIUM,9,2026-08-22
Increase test coverage on auth service,"QA wants automated E2E coverage for OAuth token before launch. Someday/maybe, not time sensitive.",Testing,LOW,17,2026-08-30
Set up CI/CD pipeline for search service,"Need to migrate mobile app off legacy infrastructure this quarter. Urgent request from the CEO, needs to ship today.",DevOps/Infrastructure,URGENT,-1,2026-08-12
Investigate mobile performance issue in React frontend,Unclear why notification service is slow under billing; needs investigation. This is a P0 blocker for the launch tomorrow.,Research,URGENT,-1,2026-08-12
Research session options for search service,Team needs a recommendation on search approach for auth service. Important for the client demo next week.,Research,HIGH,4,2026-08-17
Configure autoscaling for user service,"admin dashboard deploys are manual and error-prone; automate with CI/CD. Customer-facing outage, top priority.",DevOps/Infrastructure,URGENT,1,2026-08-14
Update README for reporting engine service,"The mobile process isn't documented anywhere; write a guide. Nice to have, low priority.",Documentation,LOW,21,2026-09-03
Increase test coverage on payments service,"The authentication flow has no automated tests, causing repeat regressions. This is high priority for the upcoming release.",Testing,HIGH,2,2026-08-15
Write E2E tests for export checkout,Coverage on search service is below target; add tests before release.,Testing,MEDIUM,13,2026-08-26
Document SSO setup process,"API consumers are confused about reporting engine usage, needs docs. Someday/maybe, not time sensitive.",Documentation,LOW,22,2026-09-04
Implement SSO export for backend API,New requirement from sales: mobile app needs search capability.,Feature Development,MEDIUM,13,2026-08-26
Write unit tests for mobile app module,"The upload flow has no automated tests, causing repeat regressions. Customer-facing outage, top priority.",Testing,URGENT,0,2026-08-13
Design icon set for user service,"Need updated mockups for payments service before dev starts. Nice to have, low priority.",Design,LOW,29,2026-09-11
Design UI mockups for admin dashboard,"Create a design spec for the new auth service experience. Nice to have, low priority.",Design,LOW,44,2026-09-26
Implement dark mode for billing module,New requirement from sales: checkout flow needs payment capability.,Feature Development,MEDIUM,5,2026-08-18
Write unit tests for user service module,"Coverage on notification service is below target; add tests before release. Someday/maybe, not time sensitive.",Testing,LOW,15,2026-08-28
Rotate checkout credentials for backend API,"Pen test found an exposed authentication in the billing module API. Needed before end of sprint, please prioritize.",Security,HIGH,2,2026-08-15
Increase test coverage on search service,Coverage on user service is below target; add tests before release.,Testing,MEDIUM,7,2026-08-20
Build new admin dashboard onboarding flow,Design has finalized mockups for the analytics feature in user service. This is high priority for the upcoming release.,Feature Development,HIGH,2,2026-08-15
Fix crash when mobile on auth service,Regression introduced by last sprint's changes to admin dashboard; needs a hotfix.,Bug Fix,MEDIUM,12,2026-08-25
Create search integration with admin dashboard,Customer requested reporting functionality for mobile app. This is high priority for the upcoming release.,Feature Development,HIGH,1,2026-08-14
Refactor legacy mobile app code,Remove dead SSO code left over from the old mobile app implementation. Can be picked up next quarter.,Maintenance,LOW,29,2026-09-11
Create wireframes for upload flow,"Need updated mockups for React frontend before dev starts. Needed before end of sprint, please prioritize.",Design,HIGH,5,2026-08-18
Implement upload export for auth service,New requirement from sales: reporting engine needs payment capability.,Feature Development,MEDIUM,4,2026-08-17
Add support for upload in mobile app,"Design has finalized mockups for the analytics feature in search service. Nice to have, low priority.",Feature Development,LOW,48,2026-09-30
Write API docs for notification service endpoints,"The chat process isn't documented anywhere; write a guide. Needed before end of sprint, please prioritize.",Documentation,HIGH,3,2026-08-16
Set up monitoring for reporting engine service,"user service deploys are manual and error-prone; automate with CI/CD. Customer-facing outage, top priority.",DevOps/Infrastructure,URGENT,-2,2026-08-11
Write architecture doc for reporting engine,"New engineers need clearer docs on how backend API works. No rush, whenever you get a chance.",Documentation,LOW,58,2026-10-10
Write E2E tests for billing checkout,"QA wants automated E2E coverage for OAuth token before launch. Nice to have, low priority.",Testing,LOW,42,2026-09-24
Update user service to latest framework version,"Tech debt in admin dashboard is slowing down feature work, needs refactor. This is high priority for the upcoming release.",Maintenance,HIGH,2,2026-08-15
Rotate upload credentials for reporting engine,Security scan flagged a session vulnerability in billing module.,Security,MEDIUM,14,2026-08-27
Clean up unused user profile in notification service,"Tech debt in admin dashboard is slowing down feature work, needs refactor.",Maintenance,MEDIUM,5,2026-08-18
Write unit tests for notification service module,"The mobile flow has no automated tests, causing repeat regressions. Important for the client demo next week.",Testing,HIGH,2,2026-08-15
Design UI mockups for notification service,"Need updated mockups for React frontend before dev starts. Urgent request from the CEO, needs to ship today.",Design,URGENT,0,2026-08-13
Set up CI/CD pipeline for billing module,Need to migrate payments service off legacy infrastructure this quarter.,DevOps/Infrastructure,MEDIUM,12,2026-08-25
Redesign auth service settings page,Need updated mockups for mobile app before dev starts. Important for the client demo next week.,Design,HIGH,2,2026-08-15
Design UI mockups for auth service,"Create a design spec for the new reporting engine experience. Someday/maybe, not time sensitive.",Design,LOW,55,2026-10-07
Create wireframes for OAuth token flow,"Need updated mockups for admin dashboard before dev starts. Needed before end of sprint, please prioritize.",Design,HIGH,4,2026-08-17
Create onboarding guide for reporting engine,"API consumers are confused about mobile app usage, needs docs. Important for the client demo next week.",Documentation,HIGH,1,2026-08-14
Prepare slides for payments service review,Need to align stakeholders on checkout flow before next sprint.,Meeting/Admin,MEDIUM,14,2026-08-27
Document mobile setup process,"New engineers need clearer docs on how payments service works. Nice to have, low priority.",Documentation,LOW,18,2026-08-31
Write API docs for notification service endpoints,"The session process isn't documented anywhere; write a guide. No rush, whenever you get a chance.",Documentation,LOW,60,2026-10-12
Refactor legacy backend API code,Remove dead checkout code left over from the old user service implementation.,Maintenance,MEDIUM,4,2026-08-17
Fix crash when search on notification service,"Users report user profile fails intermittently after the latest deploy to payments service. No rush, whenever you get a chance.",Bug Fix,LOW,14,2026-08-27
Add support for analytics in mobile app,Product wants payment support added to the payments service module this quarter.,Feature Development,MEDIUM,12,2026-08-25
Prepare slides for mobile app review,"Prepare status update for search to share with leadership. Urgent request from the CEO, needs to ship today.",Meeting/Admin,URGENT,-2,2026-08-11
Fix crash when checkout on billing module,"Regression introduced by last sprint's changes to billing module; needs a hotfix. Someday/maybe, not time sensitive.",Bug Fix,LOW,23,2026-09-05
Fix incorrect mobile calculation in notification service,QA found this reproducible on payments service under authentication load.,Bug Fix,MEDIUM,7,2026-08-20
Write E2E tests for export checkout,"Coverage on payments service is below target; add tests before release. Nice to have, low priority.",Testing,LOW,20,2026-09-02
Redesign checkout flow settings page,"Current checkout UI feels dated, redesign requested by stakeholders. No rush, whenever you get a chance.",Design,LOW,16,2026-08-29
Rotate search credentials for user service,Compliance requires rotating reporting used by checkout flow this month. Important for the client demo next week.,Security,HIGH,2,2026-08-15
Redesign React frontend settings page,"Current session UI feels dated, redesign requested by stakeholders.",Design,MEDIUM,7,2026-08-20
Implement OAuth token export for payments service,New requirement from sales: payments service needs reporting capability.,Feature Development,MEDIUM,14,2026-08-27
Schedule sprint planning for checkout flow,Prepare status update for analytics to share with leadership. Important for the client demo next week.,Meeting/Admin,HIGH,2,2026-08-15
Create onboarding guide for mobile app,The authentication process isn't documented anywhere; write a guide.,Documentation,MEDIUM,9,2026-08-22
Audit auth service for security issues,Security scan flagged a authentication vulnerability in user service.,Security,MEDIUM,11,2026-08-24
Update billing module to latest framework version,React frontend dependencies are several versions behind and need upgrading.,Maintenance,MEDIUM,9,2026-08-22
Refactor legacy React frontend code,backend API dependencies are several versions behind and need upgrading. This is high priority for the upcoming release.,Maintenance,HIGH,3,2026-08-16
Update React frontend to latest framework version,mobile app dependencies are several versions behind and need upgrading.,Maintenance,MEDIUM,5,2026-08-18
Design icon set for billing module,"Current payment UI feels dated, redesign requested by stakeholders. No rush, whenever you get a chance.",Design,LOW,22,2026-09-04
Implement dark mode for payments service,Customer requested analytics functionality for backend API.,Feature Development,MEDIUM,9,2026-08-22
Set up CI/CD pipeline for React frontend,Ops wants alerting configured for React frontend before it handles more traffic.,DevOps/Infrastructure,MEDIUM,12,2026-08-25
Write API docs for mobile app endpoints,New engineers need clearer docs on how notification service works. This is a P0 blocker for the launch tomorrow.,Documentation,URGENT,1,2026-08-14
Update README for reporting engine service,New engineers need clearer docs on how billing module works.,Documentation,MEDIUM,7,2026-08-20
Set up retro for mobile app team,Prepare status update for SSO to share with leadership.,Meeting/Admin,MEDIUM,7,2026-08-20
Add mobile filtering to auth service dashboard,Product wants upload support added to the payments service module this quarter.,Feature Development,MEDIUM,3,2026-08-16
Spike on export feasibility for search service,Explore whether analytics is viable for the admin dashboard rewrite. Can be picked up next quarter.,Research,LOW,59,2026-10-11
Write E2E tests for session checkout,"The checkout flow has no automated tests, causing repeat regressions.",Testing,MEDIUM,5,2026-08-18
Write E2E tests for upload checkout,"Coverage on payments service is below target; add tests before release. No rush, whenever you get a chance.",Testing,LOW,58,2026-10-10
Set up retro for auth service team,Book time with user service team to discuss authentication plan. Important for the client demo next week.,Meeting/Admin,HIGH,4,2026-08-17
Increase test coverage on React frontend,Coverage on checkout flow is below target; add tests before release. Can be picked up next quarter.,Testing,LOW,15,2026-08-28
Increase test coverage on billing module,Coverage on notification service is below target; add tests before release.,Testing,MEDIUM,7,2026-08-20
Add regression tests for auth service,Coverage on admin dashboard is below target; add tests before release. This is a P0 blocker for the launch tomorrow.,Testing,URGENT,-2,2026-08-11
Fix exposed mobile endpoint in backend API,"Pen test found an exposed checkout in the admin dashboard API. Urgent request from the CEO, needs to ship today.",Security,URGENT,0,2026-08-13
Evaluate reporting libraries for user service,"Explore whether reporting is viable for the payments service rewrite. No rush, whenever you get a chance.",Research,LOW,35,2026-09-17
Research chat options for payments service,Team needs a recommendation on upload approach for user service.,Research,MEDIUM,3,2026-08-16
Create wireframes for search flow,"Current checkout UI feels dated, redesign requested by stakeholders. Critical: production is down, all hands on this now.",Design,URGENT,-1,2026-08-12
Update README for billing module service,"API consumers are confused about auth service usage, needs docs.",Documentation,MEDIUM,8,2026-08-21
Prepare slides for admin dashboard review,"Prepare status update for upload to share with leadership. Customer-facing outage, top priority.",Meeting/Admin,URGENT,-1,2026-08-12
Add regression tests for React frontend,"Coverage on auth service is below target; add tests before release. No rush, whenever you get a chance.",Testing,LOW,14,2026-08-27
Document chat setup process,The checkout process isn't documented anywhere; write a guide. Important for the client demo next week.,Documentation,HIGH,2,2026-08-15
Build new mobile app onboarding flow,Design has finalized mockups for the checkout feature in React frontend. Important for the client demo next week.,Feature Development,HIGH,3,2026-08-16
Coordinate SSO kickoff meeting,"Book time with payments service team to discuss session plan. Someday/maybe, not time sensitive.",Meeting/Admin,LOW,16,2026-08-29
Configure autoscaling for user service,Ops wants alerting configured for auth service before it handles more traffic. Important for the client demo next week.,DevOps/Infrastructure,HIGH,5,2026-08-18
Audit React frontend for security issues,Compliance requires rotating authentication used by billing module this month.,Security,MEDIUM,13,2026-08-26
Fix crash when analytics on notification service,Users report search fails intermittently after the latest deploy to React frontend. This is high priority for the upcoming release.,Bug Fix,HIGH,5,2026-08-18
Research payment options for user service,Unclear why React frontend is slow under export; needs investigation. Important for the client demo next week.,Research,HIGH,5,2026-08-18
Schedule sprint planning for payments service,"Book time with user service team to discuss checkout plan. Nice to have, low priority.",Meeting/Admin,LOW,39,2026-09-21
Set up CI/CD pipeline for mobile app,"Ops wants alerting configured for notification service before it handles more traffic. Someday/maybe, not time sensitive.",DevOps/Infrastructure,LOW,21,2026-09-03
Design icon set for billing module,Need updated mockups for payments service before dev starts.,Design,MEDIUM,8,2026-08-21
Patch upload vulnerability in user service,"Security scan flagged a session vulnerability in mobile app. Someday/maybe, not time sensitive.",Security,LOW,27,2026-09-09
Fix incorrect OAuth token calculation in backend API,QA found this reproducible on admin dashboard under user profile load.,Bug Fix,MEDIUM,4,2026-08-17
Write API docs for user service endpoints,New engineers need clearer docs on how reporting engine works.,Documentation,MEDIUM,9,2026-08-22
Refactor legacy admin dashboard code,"backend API dependencies are several versions behind and need upgrading. Customer-facing outage, top priority.",Maintenance,URGENT,0,2026-08-13
Create wireframes for payment flow,"Current billing UI feels dated, redesign requested by stakeholders.",Design,MEDIUM,5,2026-08-18
Investigate session performance issue in reporting engine,Explore whether authentication is viable for the backend API rewrite.,Research,MEDIUM,12,2026-08-25
Write unit tests for auth service module,"QA wants automated E2E coverage for upload before launch. Needed before end of sprint, please prioritize.",Testing,HIGH,3,2026-08-16
Patch memory leak in search service service,"Stack trace shows a billing exception thrown from the mobile app handler. Customer-facing outage, top priority.",Bug Fix,URGENT,0,2026-08-13
Upgrade payments service dependencies,"Remove dead billing code left over from the old auth service implementation. No rush, whenever you get a chance.",Maintenance,LOW,16,2026-08-29
Add integration tests for authentication flow,QA wants automated E2E coverage for SSO before launch.,Testing,MEDIUM,6,2026-08-19
Migrate auth service to new cluster,"Ops wants alerting configured for mobile app before it handles more traffic. No rush, whenever you get a chance.",DevOps/Infrastructure,LOW,33,2026-09-15
Design UI mockups for search service,Create a design spec for the new user service experience.,Design,MEDIUM,8,2026-08-21
Update mobile app to latest framework version,payments service dependencies are several versions behind and need upgrading.,Maintenance,MEDIUM,8,2026-08-21
Write architecture doc for payments service,"API consumers are confused about user service usage, needs docs. Needed before end of sprint, please prioritize.",Documentation,HIGH,4,2026-08-17
Design UI mockups for React frontend,Need updated mockups for backend API before dev starts.,Design,MEDIUM,9,2026-08-22
Create analytics integration with checkout flow,Product wants export support added to the search service module this quarter.,Feature Development,MEDIUM,3,2026-08-16
Design icon set for notification service,"Current chat UI feels dated, redesign requested by stakeholders. Customer-facing outage, top priority.",Design,URGENT,-2,2026-08-11
Set up monitoring for auth service service,Ops wants alerting configured for reporting engine before it handles more traffic.,DevOps/Infrastructure,MEDIUM,8,2026-08-21
Add regression tests for admin dashboard,"QA wants automated E2E coverage for user profile before launch. Someday/maybe, not time sensitive.",Testing,LOW,57,2026-10-09
Write unit tests for user service module,Coverage on backend API is below target; add tests before release. Important for the client demo next week.,Testing,HIGH,5,2026-08-18
Audit payments service for security issues,Compliance requires rotating authentication used by notification service this month.,Security,MEDIUM,9,2026-08-22
Add regression tests for user service,Coverage on checkout flow is below target; add tests before release.,Testing,MEDIUM,13,2026-08-26
Evaluate authentication libraries for mobile app,"Explore whether search is viable for the user service rewrite. Needed before end of sprint, please prioritize.",Research,HIGH,2,2026-08-15
Upgrade checkout flow dependencies,"Tech debt in auth service is slowing down feature work, needs refactor. Nice to have, low priority.",Maintenance,LOW,34,2026-09-16
Write unit tests for backend API module,"The mobile flow has no automated tests, causing repeat regressions. Nice to have, low priority.",Testing,LOW,15,2026-08-28
Patch upload vulnerability in user service,Security scan flagged a analytics vulnerability in reporting engine. Important for the client demo next week.,Security,HIGH,3,2026-08-16
Update README for notification service service,"The payment process isn't documented anywhere; write a guide. Someday/maybe, not time sensitive.",Documentation,LOW,30,2026-09-12
Address null pointer exception in payments service,"Users report export fails intermittently after the latest deploy to checkout flow. No rush, whenever you get a chance.",Bug Fix,LOW,43,2026-09-25
Patch checkout vulnerability in payments service,"Pen test found an exposed user profile in the payments service API. Customer-facing outage, top priority.",Security,URGENT,0,2026-08-13
Write E2E tests for checkout checkout,Coverage on React frontend is below target; add tests before release.,Testing,MEDIUM,13,2026-08-26
Add export filtering to user service dashboard,Customer requested session functionality for mobile app.,Feature Development,MEDIUM,10,2026-08-23
Update README for backend API service,New engineers need clearer docs on how checkout flow works.,Documentation,MEDIUM,3,2026-08-16
Build new search service onboarding flow,"Product wants search support added to the billing module module this quarter. No rush, whenever you get a chance.",Feature Development,LOW,26,2026-09-08
Patch chat vulnerability in backend API,Compliance requires rotating chat used by payments service this month. Important for the client demo next week.,Security,HIGH,1,2026-08-14
Write unit tests for payments service module,Coverage on reporting engine is below target; add tests before release.,Testing,MEDIUM,5,2026-08-18
Redesign notification service settings page,Need updated mockups for reporting engine before dev starts.,Design,MEDIUM,7,2026-08-20
Set up retro for billing module team,Prepare status update for session to share with leadership. This is high priority for the upcoming release.,Meeting/Admin,HIGH,3,2026-08-16
Research upload options for checkout flow,"Unclear why notification service is slow under search; needs investigation. Someday/maybe, not time sensitive.",Research,LOW,41,2026-09-23
Set up retro for reporting engine team,Prepare status update for OAuth token to share with leadership.,Meeting/Admin,MEDIUM,12,2026-08-25
Spike on payment feasibility for checkout flow,"Unclear why auth service is slow under reporting; needs investigation. Someday/maybe, not time sensitive.",Research,LOW,24,2026-09-06
Address null pointer exception in user service,Regression introduced by last sprint's changes to auth service; needs a hotfix. Can be picked up next quarter.,Bug Fix,LOW,39,2026-09-21
Resolve login failure for search users,QA found this reproducible on payments service under SSO load.,Bug Fix,MEDIUM,4,2026-08-17
Increase test coverage on payments service,"The checkout flow has no automated tests, causing repeat regressions. This is high priority for the upcoming release.",Testing,HIGH,3,2026-08-16
Write E2E tests for upload checkout,Coverage on React frontend is below target; add tests before release.,Testing,MEDIUM,12,2026-08-25
Add regression tests for React frontend,QA wants automated E2E coverage for user profile before launch.,Testing,MEDIUM,13,2026-08-26
Add support for session in auth service,Customer requested export functionality for user service. Important for the client demo next week.,Feature Development,HIGH,2,2026-08-15
Write unit tests for search service module,"The mobile flow has no automated tests, causing repeat regressions.",Testing,MEDIUM,4,2026-08-17
Prepare slides for mobile app review,Book time with notification service team to discuss authentication plan.,Meeting/Admin,MEDIUM,7,2026-08-20
Fix crash when session on search service,Regression introduced by last sprint's changes to user service; needs a hotfix. This is a P0 blocker for the launch tomorrow.,Bug Fix,URGENT,-2,2026-08-11
Set up CI/CD pipeline for search service,user service deploys are manual and error-prone; automate with CI/CD. Can be picked up next quarter.,DevOps/Infrastructure,LOW,34,2026-09-16
Set up monitoring for billing module service,"Need to migrate checkout flow off legacy infrastructure this quarter. Urgent request from the CEO, needs to ship today.",DevOps/Infrastructure,URGENT,1,2026-08-14
Schedule sprint planning for mobile app,Book time with backend API team to discuss checkout plan. This is high priority for the upcoming release.,Meeting/Admin,HIGH,2,2026-08-15
Build new reporting engine onboarding flow,"Customer requested payment functionality for payments service. Urgent request from the CEO, needs to ship today.",Feature Development,URGENT,-2,2026-08-11
Address null pointer exception in backend API,"Users report mobile fails intermittently after the latest deploy to admin dashboard. Urgent request from the CEO, needs to ship today.",Bug Fix,URGENT,1,2026-08-14
Create wireframes for session flow,Create a design spec for the new React frontend experience. This is high priority for the upcoming release.,Design,HIGH,5,2026-08-18
Spike on export feasibility for React frontend,Explore whether chat is viable for the notification service rewrite.,Research,MEDIUM,13,2026-08-26
Coordinate reporting kickoff meeting,Prepare status update for payment to share with leadership. Important for the client demo next week.,Meeting/Admin,HIGH,1,2026-08-14
Provision new OAuth token environment,"Ops wants alerting configured for reporting engine before it handles more traffic. No rush, whenever you get a chance.",DevOps/Infrastructure,LOW,18,2026-08-31
Schedule sprint planning for backend API,"Book time with search service team to discuss payment plan. Nice to have, low priority.",Meeting/Admin,LOW,45,2026-09-27
Build new checkout flow onboarding flow,"Design has finalized mockups for the SSO feature in admin dashboard. Nice to have, low priority.",Feature Development,LOW,46,2026-09-28
Add payment filtering to mobile app dashboard,Customer requested billing functionality for checkout flow.,Feature Development,MEDIUM,9,2026-08-22
Write unit tests for user service module,"Coverage on admin dashboard is below target; add tests before release. No rush, whenever you get a chance.",Testing,LOW,23,2026-09-05
Schedule sprint planning for React frontend,Need to align stakeholders on search service before next sprint. This is high priority for the upcoming release.,Meeting/Admin,HIGH,4,2026-08-17
Update admin dashboard to latest framework version,"billing module dependencies are several versions behind and need upgrading. Customer-facing outage, top priority.",Maintenance,URGENT,-1,2026-08-12
Create onboarding guide for user service,"API consumers are confused about backend API usage, needs docs.",Documentation,MEDIUM,8,2026-08-21
Implement export export for user service,Customer requested payment functionality for admin dashboard. This is high priority for the upcoming release.,Feature Development,HIGH,5,2026-08-18
Design icon set for user service,Need updated mockups for backend API before dev starts.,Design,MEDIUM,4,2026-08-17
Write unit tests for backend API module,QA wants automated E2E coverage for user profile before launch. This is blocking the release and needs to be fixed ASAP.,Testing,URGENT,0,2026-08-13
Add regression tests for reporting engine,"The authentication flow has no automated tests, causing repeat regressions. Urgent request from the CEO, needs to ship today.",Testing,URGENT,1,2026-08-14
Add integration tests for SSO flow,"The export flow has no automated tests, causing repeat regressions. Can be picked up next quarter.",Testing,LOW,60,2026-10-12
Resolve login failure for search users,"QA found this reproducible on admin dashboard under analytics load. Nice to have, low priority.",Bug Fix,LOW,24,2026-09-06
Set up CI/CD pipeline for payments service,Need to migrate search service off legacy infrastructure this quarter. This is high priority for the upcoming release.,DevOps/Infrastructure,HIGH,4,2026-08-17
Investigate mobile performance issue in payments service,Unclear why React frontend is slow under session; needs investigation. This is high priority for the upcoming release.,Research,HIGH,5,2026-08-18
Set up monitoring for backend API service,Need to migrate notification service off legacy infrastructure this quarter.,DevOps/Infrastructure,MEDIUM,3,2026-08-16
Address null pointer exception in notification service,"Stack trace shows a SSO exception thrown from the payments service handler. No rush, whenever you get a chance.",Bug Fix,LOW,33,2026-09-15
Set up monitoring for reporting engine service,Need to migrate admin dashboard off legacy infrastructure this quarter.,DevOps/Infrastructure,MEDIUM,7,2026-08-20
Set up monitoring for mobile app service,"Need to migrate mobile app off legacy infrastructure this quarter. Someday/maybe, not time sensitive.",DevOps/Infrastructure,LOW,21,2026-09-03
Design UI mockups for user service,Need updated mockups for payments service before dev starts.,Design,MEDIUM,3,2026-08-16
Add regression tests for reporting engine,"The reporting flow has no automated tests, causing repeat regressions. Nice to have, low priority.",Testing,LOW,38,2026-09-20
Build new auth service onboarding flow,"Customer requested session functionality for billing module. Needed before end of sprint, please prioritize.",Feature Development,HIGH,3,2026-08-16
Set up monitoring for user service service,Need to migrate notification service off legacy infrastructure this quarter. This is a P0 blocker for the launch tomorrow.,DevOps/Infrastructure,URGENT,0,2026-08-13
Patch authentication vulnerability in search service,Compliance requires rotating SSO used by mobile app this month. This is high priority for the upcoming release.,Security,HIGH,4,2026-08-17
Create onboarding guide for payments service,"API consumers are confused about checkout flow usage, needs docs.",Documentation,MEDIUM,5,2026-08-18
Design icon set for React frontend,"Current mobile UI feels dated, redesign requested by stakeholders. Urgent request from the CEO, needs to ship today.",Design,URGENT,-2,2026-08-11
Fix race condition in backend API module,"QA found this reproducible on auth service under reporting load. No rush, whenever you get a chance.",Bug Fix,LOW,30,2026-09-12
Document session setup process,"API consumers are confused about billing module usage, needs docs. This is high priority for the upcoming release.",Documentation,HIGH,3,2026-08-16
Update README for checkout flow service,"New engineers need clearer docs on how notification service works. Urgent request from the CEO, needs to ship today.",Documentation,URGENT,-1,2026-08-12
Spike on authentication feasibility for React frontend,Unclear why admin dashboard is slow under session; needs investigation.,Research,MEDIUM,5,2026-08-18
Fix exposed export endpoint in mobile app,Compliance requires rotating search used by auth service this month. Can be picked up next quarter.,Security,LOW,22,2026-09-04
Evaluate user profile libraries for admin dashboard,"Team needs a recommendation on user profile approach for checkout flow. Someday/maybe, not time sensitive.",Research,LOW,48,2026-09-30
Create onboarding guide for user service,New engineers need clearer docs on how billing module works.,Documentation,MEDIUM,8,2026-08-21
Clean up unused billing in mobile app,"Tech debt in user service is slowing down feature work, needs refactor. Someday/maybe, not time sensitive.",Maintenance,LOW,15,2026-08-28
Upgrade user service dependencies,payments service dependencies are several versions behind and need upgrading.,Maintenance,MEDIUM,7,2026-08-20
Add regression tests for mobile app,Coverage on billing module is below target; add tests before release. Can be picked up next quarter.,Testing,LOW,17,2026-08-30
Evaluate authentication libraries for auth service,Team needs a recommendation on billing approach for billing module.,Research,MEDIUM,3,2026-08-16
Implement user profile export for auth service,"Product wants reporting support added to the checkout flow module this quarter. Urgent request from the CEO, needs to ship today.",Feature Development,URGENT,1,2026-08-14
Set up CI/CD pipeline for reporting engine,"Ops wants alerting configured for billing module before it handles more traffic. No rush, whenever you get a chance.",DevOps/Infrastructure,LOW,58,2026-10-10
Add regression tests for billing module,"QA wants automated E2E coverage for billing before launch. Needed before end of sprint, please prioritize.",Testing,HIGH,2,2026-08-15
Redesign backend API settings page,"Current upload UI feels dated, redesign requested by stakeholders. This is high priority for the upcoming release.",Design,HIGH,1,2026-08-14
Write architecture doc for React frontend,"API consumers are confused about notification service usage, needs docs. Important for the client demo next week.",Documentation,HIGH,1,2026-08-14
Update backend API to latest framework version,user service dependencies are several versions behind and need upgrading.,Maintenance,MEDIUM,5,2026-08-18
Add regression tests for checkout flow,QA wants automated E2E coverage for billing before launch.,Testing,MEDIUM,9,2026-08-22
Write API docs for payments service endpoints,"API consumers are confused about notification service usage, needs docs. Needed before end of sprint, please prioritize.",Documentation,HIGH,5,2026-08-18
Write E2E tests for billing checkout,"The export flow has no automated tests, causing repeat regressions. Someday/maybe, not time sensitive.",Testing,LOW,37,2026-09-19
Design icon set for reporting engine,"Need updated mockups for user service before dev starts. Nice to have, low priority.",Design,LOW,15,2026-08-28
Design icon set for checkout flow,"Current mobile UI feels dated, redesign requested by stakeholders. Needed before end of sprint, please prioritize.",Design,HIGH,5,2026-08-18
Schedule sprint planning for mobile app,Need to align stakeholders on reporting engine before next sprint.,Meeting/Admin,MEDIUM,3,2026-08-16
Document chat setup process,New engineers need clearer docs on how reporting engine works.,Documentation,MEDIUM,11,2026-08-24
Add export filtering to payments service dashboard,Design has finalized mockups for the export feature in reporting engine.,Feature Development,MEDIUM,10,2026-08-23
Document SSO setup process,"The session process isn't documented anywhere; write a guide. Customer-facing outage, top priority.",Documentation,URGENT,1,2026-08-14
Prepare slides for reporting engine review,Book time with auth service team to discuss SSO plan.,Meeting/Admin,MEDIUM,5,2026-08-18
Provision new upload environment,Ops wants alerting configured for user service before it handles more traffic. This is blocking the release and needs to be fixed ASAP.,DevOps/Infrastructure,URGENT,-1,2026-08-12
Write unit tests for React frontend module,"The session flow has no automated tests, causing repeat regressions.",Testing,MEDIUM,6,2026-08-19
Write unit tests for payments service module,"QA wants automated E2E coverage for session before launch. Someday/maybe, not time sensitive.",Testing,LOW,18,2026-08-31
Address null pointer exception in backend API,Users report billing fails intermittently after the latest deploy to mobile app.,Bug Fix,MEDIUM,3,2026-08-16
Document checkout setup process,"The authentication process isn't documented anywhere; write a guide. Nice to have, low priority.",Documentation,LOW,26,2026-09-08
Design icon set for auth service,"Current payment UI feels dated, redesign requested by stakeholders. Someday/maybe, not time sensitive.",Design,LOW,47,2026-09-29
Write unit tests for backend API module,QA wants automated E2E coverage for export before launch. This is high priority for the upcoming release.,Testing,HIGH,1,2026-08-14
Set up monitoring for billing module service,payments service deploys are manual and error-prone; automate with CI/CD.,DevOps/Infrastructure,MEDIUM,14,2026-08-27
Update notification service to latest framework version,Remove dead OAuth token code left over from the old search service implementation.,Maintenance,MEDIUM,8,2026-08-21
Rotate SSO credentials for React frontend,Pen test found an exposed authentication in the auth service API.,Security,MEDIUM,4,2026-08-17
Patch search vulnerability in billing module,Pen test found an exposed checkout in the React frontend API.,Security,MEDIUM,3,2026-08-16
Audit notification service for security issues,Pen test found an exposed session in the admin dashboard API.,Security,MEDIUM,8,2026-08-21
Add user profile filtering to React frontend dashboard,New requirement from sales: billing module needs OAuth token capability. Can be picked up next quarter.,Feature Development,LOW,39,2026-09-21
Patch chat vulnerability in reporting engine,Security scan flagged a upload vulnerability in search service. Can be picked up next quarter.,Security,LOW,55,2026-10-07
Fix crash when reporting on user service,"Regression introduced by last sprint's changes to mobile app; needs a hotfix. No rush, whenever you get a chance.",Bug Fix,LOW,22,2026-09-04
Add regression tests for reporting engine,"The session flow has no automated tests, causing repeat regressions. No rush, whenever you get a chance.",Testing,LOW,29,2026-09-11
Schedule sprint planning for checkout flow,Book time with backend API team to discuss analytics plan. This is high priority for the upcoming release.,Meeting/Admin,HIGH,4,2026-08-17
Patch session vulnerability in billing module,"Pen test found an exposed search in the admin dashboard API. No rush, whenever you get a chance.",Security,LOW,16,2026-08-29
Prepare slides for mobile app review,"Prepare status update for billing to share with leadership. Nice to have, low priority.",Meeting/Admin,LOW,15,2026-08-28
Fix crash when SSO on notification service,"QA found this reproducible on auth service under export load. Someday/maybe, not time sensitive.",Bug Fix,LOW,17,2026-08-30
Spike on analytics feasibility for payments service,Unclear why user service is slow under analytics; needs investigation.,Research,MEDIUM,4,2026-08-17
Schedule sprint planning for checkout flow,Prepare status update for reporting to share with leadership. This is high priority for the upcoming release.,Meeting/Admin,HIGH,2,2026-08-15
Write unit tests for backend API module,"Coverage on reporting engine is below target; add tests before release. No rush, whenever you get a chance.",Testing,LOW,14,2026-08-27
Write unit tests for backend API module,Coverage on payments service is below target; add tests before release. Important for the client demo next week.,Testing,HIGH,3,2026-08-16
Rotate user profile credentials for payments service,Compliance requires rotating authentication used by search service this month.,Security,MEDIUM,13,2026-08-26
Implement user profile export for billing module,New requirement from sales: reporting engine needs billing capability. Can be picked up next quarter.,Feature Development,LOW,28,2026-09-10
Coordinate reporting kickoff meeting,Prepare status update for OAuth token to share with leadership. Important for the client demo next week.,Meeting/Admin,HIGH,3,2026-08-16
Upgrade mobile app dependencies,"Tech debt in checkout flow is slowing down feature work, needs refactor.",Maintenance,MEDIUM,4,2026-08-17
Add integration tests for OAuth token flow,Coverage on reporting engine is below target; add tests before release.,Testing,MEDIUM,4,2026-08-17
Migrate notification service to new cluster,"Ops wants alerting configured for auth service before it handles more traffic. No rush, whenever you get a chance.",DevOps/Infrastructure,LOW,15,2026-08-28
Schedule sprint planning for admin dashboard,"Book time with admin dashboard team to discuss authentication plan. No rush, whenever you get a chance.",Meeting/Admin,LOW,17,2026-08-30
Design icon set for backend API,"Current authentication UI feels dated, redesign requested by stakeholders. Critical: production is down, all hands on this now.",Design,URGENT,1,2026-08-14
Create onboarding guide for backend API,"API consumers are confused about backend API usage, needs docs.",Documentation,MEDIUM,8,2026-08-21
Fix broken session button on admin dashboard page,"Stack trace shows a SSO exception thrown from the backend API handler. Needed before end of sprint, please prioritize.",Bug Fix,HIGH,4,2026-08-17
Research SSO options for React frontend,Explore whether authentication is viable for the reporting engine rewrite. Can be picked up next quarter.,Research,LOW,48,2026-09-30
Set up retro for reporting engine team,Book time with billing module team to discuss SSO plan. Important for the client demo next week.,Meeting/Admin,HIGH,4,2026-08-17
Add integration tests for session flow,"The SSO flow has no automated tests, causing repeat regressions. No rush, whenever you get a chance.",Testing,LOW,29,2026-09-11
Clean up unused reporting in checkout flow,"Tech debt in checkout flow is slowing down feature work, needs refactor. Important for the client demo next week.",Maintenance,HIGH,3,2026-08-16
Patch checkout vulnerability in admin dashboard,"Compliance requires rotating export used by mobile app this month. Nice to have, low priority.",Security,LOW,42,2026-09-24
Schedule sprint planning for backend API,Prepare status update for mobile to share with leadership.,Meeting/Admin,MEDIUM,11,2026-08-24
Write E2E tests for mobile checkout,Coverage on checkout flow is below target; add tests before release.,Testing,MEDIUM,4,2026-08-17
Prepare slides for admin dashboard review,"Prepare status update for OAuth token to share with leadership. Needed before end of sprint, please prioritize.",Meeting/Admin,HIGH,2,2026-08-15
Write architecture doc for backend API,New engineers need clearer docs on how auth service works. This is a P0 blocker for the launch tomorrow.,Documentation,URGENT,1,2026-08-14
Audit billing module for security issues,Compliance requires rotating payment used by backend API this month. Can be picked up next quarter.,Security,LOW,30,2026-09-12
Fix broken chat button on reporting engine page,Users report upload fails intermittently after the latest deploy to notification service. This is high priority for the upcoming release.,Bug Fix,HIGH,5,2026-08-18
Schedule sprint planning for React frontend,Need to align stakeholders on mobile app before next sprint.,Meeting/Admin,MEDIUM,13,2026-08-26
Research export options for user service,Unclear why backend API is slow under search; needs investigation. Important for the client demo next week.,Research,HIGH,3,2026-08-16
Investigate billing performance issue in admin dashboard,Explore whether mobile is viable for the payments service rewrite.,Research,MEDIUM,7,2026-08-20
Write architecture doc for React frontend,"API consumers are confused about mobile app usage, needs docs.",Documentation,MEDIUM,14,2026-08-27
Clean up unused payment in user service,"Remove dead mobile code left over from the old auth service implementation. Someday/maybe, not time sensitive.",Maintenance,LOW,55,2026-10-07
Implement session export for notification service,"Customer requested chat functionality for reporting engine. Needed before end of sprint, please prioritize.",Feature Development,HIGH,1,2026-08-14
Fix exposed export endpoint in billing module,"Compliance requires rotating billing used by mobile app this month. Needed before end of sprint, please prioritize.",Security,HIGH,3,2026-08-16
Increase test coverage on mobile app,"Coverage on mobile app is below target; add tests before release. No rush, whenever you get a chance.",Testing,LOW,58,2026-10-10
Write E2E tests for analytics checkout,"The checkout flow has no automated tests, causing repeat regressions.",Testing,MEDIUM,4,2026-08-17
Set up monitoring for notification service service,Need to migrate user service off legacy infrastructure this quarter. This is high priority for the upcoming release.,DevOps/Infrastructure,HIGH,5,2026-08-18
Write E2E tests for export checkout,QA wants automated E2E coverage for search before launch. Important for the client demo next week.,Testing,HIGH,3,2026-08-16
Set up CI/CD pipeline for user service,Need to migrate payments service off legacy infrastructure this quarter.,DevOps/Infrastructure,MEDIUM,13,2026-08-26
Add integration tests for session flow,Coverage on React frontend is below target; add tests before release.,Testing,MEDIUM,11,2026-08-24
Schedule sprint planning for backend API,Prepare status update for mobile to share with leadership. This is high priority for the upcoming release.,Meeting/Admin,HIGH,2,2026-08-15
Update user service to latest framework version,"Tech debt in user service is slowing down feature work, needs refactor.",Maintenance,MEDIUM,6,2026-08-19
Design UI mockups for mobile app,Create a design spec for the new checkout flow experience. This is blocking the release and needs to be fixed ASAP.,Design,URGENT,-2,2026-08-11
Set up monitoring for user service service,Ops wants alerting configured for reporting engine before it handles more traffic. Can be picked up next quarter.,DevOps/Infrastructure,LOW,44,2026-09-26
Update README for checkout flow service,"API consumers are confused about payments service usage, needs docs. Can be picked up next quarter.",Documentation,LOW,57,2026-10-09
Set up retro for search service team,Need to align stakeholders on reporting engine before next sprint.,Meeting/Admin,MEDIUM,4,2026-08-17
Increase test coverage on mobile app,"Coverage on billing module is below target; add tests before release. Someday/maybe, not time sensitive.",Testing,LOW,32,2026-09-14
Set up monitoring for payments service service,"reporting engine deploys are manual and error-prone; automate with CI/CD. Nice to have, low priority.",DevOps/Infrastructure,LOW,41,2026-09-23
Clean up unused upload in checkout flow,"Tech debt in mobile app is slowing down feature work, needs refactor. This is high priority for the upcoming release.",Maintenance,HIGH,3,2026-08-16
Design icon set for notification service,"Need updated mockups for admin dashboard before dev starts. No rush, whenever you get a chance.",Design,LOW,28,2026-09-10
Create wireframes for checkout flow,"Create a design spec for the new billing module experience. No rush, whenever you get a chance.",Design,LOW,52,2026-10-04
Fix incorrect mobile calculation in search service,"Users report reporting fails intermittently after the latest deploy to notification service. Needed before end of sprint, please prioritize.",Bug Fix,HIGH,4,2026-08-17
Prepare slides for search service review,"Prepare status update for session to share with leadership. No rush, whenever you get a chance.",Meeting/Admin,LOW,42,2026-09-24
Spike on user profile feasibility for React frontend,Team needs a recommendation on user profile approach for reporting engine.,Research,MEDIUM,8,2026-08-21
Implement dark mode for notification service,Product wants reporting support added to the payments service module this quarter.,Feature Development,MEDIUM,7,2026-08-20
Schedule sprint planning for reporting engine,Prepare status update for session to share with leadership.,Meeting/Admin,MEDIUM,14,2026-08-27
Clean up unused payment in billing module,Remove dead OAuth token code left over from the old auth service implementation. This is blocking the release and needs to be fixed ASAP.,Maintenance,URGENT,-1,2026-08-12
Write architecture doc for notification service,"API consumers are confused about admin dashboard usage, needs docs.",Documentation,MEDIUM,10,2026-08-23
Create onboarding guide for payments service,"New engineers need clearer docs on how React frontend works. Nice to have, low priority.",Documentation,LOW,14,2026-08-27
Research billing options for billing module,Explore whether payment is viable for the reporting engine rewrite. Important for the client demo next week.,Research,HIGH,3,2026-08-16
Fix exposed export endpoint in checkout flow,Security scan flagged a export vulnerability in mobile app.,Security,MEDIUM,13,2026-08-26
Document OAuth token setup process,The export process isn't documented anywhere; write a guide.,Documentation,MEDIUM,13,2026-08-26
Investigate chat performance issue in search service,"Unclear why notification service is slow under checkout; needs investigation. Urgent request from the CEO, needs to ship today.",Research,URGENT,1,2026-08-14
Coordinate payment kickoff meeting,Prepare status update for checkout to share with leadership.,Meeting/Admin,MEDIUM,8,2026-08-21
Build new user service onboarding flow,"New requirement from sales: search service needs SSO capability. Someday/maybe, not time sensitive.",Feature Development,LOW,52,2026-10-04
Evaluate mobile libraries for admin dashboard,"Unclear why notification service is slow under chat; needs investigation. Someday/maybe, not time sensitive.",Research,LOW,17,2026-08-30
Clean up unused user profile in auth service,"Tech debt in user service is slowing down feature work, needs refactor. Someday/maybe, not time sensitive.",Maintenance,LOW,39,2026-09-21
Design UI mockups for search service,Create a design spec for the new mobile app experience.,Design,MEDIUM,3,2026-08-16
Design icon set for notification service,Create a design spec for the new payments service experience.,Design,MEDIUM,13,2026-08-26
Add support for upload in mobile app,New requirement from sales: billing module needs upload capability. This is blocking the release and needs to be fixed ASAP.,Feature Development,URGENT,1,2026-08-14
Implement dark mode for mobile app,Product wants export support added to the backend API module this quarter.,Feature Development,MEDIUM,8,2026-08-21
Refactor legacy billing module code,"Tech debt in reporting engine is slowing down feature work, needs refactor. This is high priority for the upcoming release.",Maintenance,HIGH,3,2026-08-16
Set up monitoring for billing module service,Ops wants alerting configured for backend API before it handles more traffic. This is blocking the release and needs to be fixed ASAP.,DevOps/Infrastructure,URGENT,-2,2026-08-11
Update search service to latest framework version,admin dashboard dependencies are several versions behind and need upgrading. This is high priority for the upcoming release.,Maintenance,HIGH,2,2026-08-15
Address null pointer exception in React frontend,"QA found this reproducible on user service under export load. Needed before end of sprint, please prioritize.",Bug Fix,HIGH,3,2026-08-16
Implement checkout export for billing module,"Customer requested mobile functionality for backend API. Nice to have, low priority.",Feature Development,LOW,20,2026-09-02
Fix exposed payment endpoint in checkout flow,Pen test found an exposed SSO in the mobile app API.,Security,MEDIUM,14,2026-08-27
Address null pointer exception in search service,"Stack trace shows a checkout exception thrown from the admin dashboard handler. Someday/maybe, not time sensitive.",Bug Fix,LOW,38,2026-09-20
Design icon set for notification service,"Current chat UI feels dated, redesign requested by stakeholders.",Design,MEDIUM,14,2026-08-27
Refactor legacy backend API code,"Tech debt in user service is slowing down feature work, needs refactor. No rush, whenever you get a chance.",Maintenance,LOW,42,2026-09-24
Add regression tests for user service,Coverage on mobile app is below target; add tests before release.,Testing,MEDIUM,4,2026-08-17
Redesign auth service settings page,Need updated mockups for billing module before dev starts. Important for the client demo next week.,Design,HIGH,5,2026-08-18
Write unit tests for user service module,QA wants automated E2E coverage for OAuth token before launch.,Testing,MEDIUM,12,2026-08-25
Write unit tests for search service module,"The authentication flow has no automated tests, causing repeat regressions. Nice to have, low priority.",Testing,LOW,16,2026-08-29
Provision new upload environment,"reporting engine deploys are manual and error-prone; automate with CI/CD. Needed before end of sprint, please prioritize.",DevOps/Infrastructure,HIGH,4,2026-08-17
Update auth service to latest framework version,"search service dependencies are several versions behind and need upgrading. No rush, whenever you get a chance.",Maintenance,LOW,20,2026-09-02
Research authentication options for payments service,"Team needs a recommendation on search approach for billing module. Nice to have, low priority.",Research,LOW,26,2026-09-08
Schedule sprint planning for user service,"Prepare status update for search to share with leadership. Someday/maybe, not time sensitive.",Meeting/Admin,LOW,22,2026-09-04
Update backend API to latest framework version,"Tech debt in user service is slowing down feature work, needs refactor. Can be picked up next quarter.",Maintenance,LOW,47,2026-09-29
Provision new session environment,"Ops wants alerting configured for payments service before it handles more traffic. Needed before end of sprint, please prioritize.",DevOps/Infrastructure,HIGH,2,2026-08-15
Audit checkout flow for security issues,Pen test found an exposed billing in the search service API. Important for the client demo next week.,Security,HIGH,2,2026-08-15
Write architecture doc for search service,New engineers need clearer docs on how user service works. Important for the client demo next week.,Documentation,HIGH,1,2026-08-14
Address null pointer exception in notification service,Stack trace shows a analytics exception thrown from the React frontend handler.,Bug Fix,MEDIUM,8,2026-08-21
Implement upload export for search service,New requirement from sales: mobile app needs checkout capability.,Feature Development,MEDIUM,6,2026-08-19
Set up CI/CD pipeline for notification service,Need to migrate user service off legacy infrastructure this quarter.,DevOps/Infrastructure,MEDIUM,7,2026-08-20
Provision new SSO environment,Need to migrate billing module off legacy infrastructure this quarter.,DevOps/Infrastructure,MEDIUM,6,2026-08-19
Add support for search in React frontend,New requirement from sales: payments service needs user profile capability. This is high priority for the upcoming release.,Feature Development,HIGH,2,2026-08-15
Update checkout flow to latest framework version,"Remove dead upload code left over from the old admin dashboard implementation. Someday/maybe, not time sensitive.",Maintenance,LOW,27,2026-09-09
Write API docs for notification service endpoints,New engineers need clearer docs on how checkout flow works. This is high priority for the upcoming release.,Documentation,HIGH,4,2026-08-17
Fix broken checkout button on backend API page,Stack trace shows a chat exception thrown from the search service handler.,Bug Fix,MEDIUM,10,2026-08-23
Configure autoscaling for React frontend,user service deploys are manual and error-prone; automate with CI/CD.,DevOps/Infrastructure,MEDIUM,9,2026-08-22
Coordinate user profile kickoff meeting,"Prepare status update for chat to share with leadership. Nice to have, low priority.",Meeting/Admin,LOW,24,2026-09-06
Create wireframes for OAuth token flow,Create a design spec for the new search service experience.,Design,MEDIUM,7,2026-08-20
Add support for session in user service,"Design has finalized mockups for the search feature in backend API. Someday/maybe, not time sensitive.",Feature Development,LOW,56,2026-10-08
Set up monitoring for checkout flow service,Ops wants alerting configured for notification service before it handles more traffic.,DevOps/Infrastructure,MEDIUM,5,2026-08-18
Fix incorrect billing calculation in mobile app,Stack trace shows a mobile exception thrown from the checkout flow handler. This is high priority for the upcoming release.,Bug Fix,HIGH,3,2026-08-16
Design UI mockups for admin dashboard,Need updated mockups for admin dashboard before dev starts.,Design,MEDIUM,9,2026-08-22
Address null pointer exception in auth service,"Users report upload fails intermittently after the latest deploy to backend API. Someday/maybe, not time sensitive.",Bug Fix,LOW,52,2026-10-04
Set up retro for search service team,"Book time with auth service team to discuss OAuth token plan. No rush, whenever you get a chance.",Meeting/Admin,LOW,16,2026-08-29
Set up CI/CD pipeline for reporting engine,reporting engine deploys are manual and error-prone; automate with CI/CD. This is high priority for the upcoming release.,DevOps/Infrastructure,HIGH,1,2026-08-14
Research mobile options for search service,"Explore whether analytics is viable for the backend API rewrite. Needed before end of sprint, please prioritize.",Research,HIGH,3,2026-08-16
Add regression tests for backend API,"The OAuth token flow has no automated tests, causing repeat regressions. Can be picked up next quarter.",Testing,LOW,59,2026-10-11
Write architecture doc for mobile app,"API consumers are confused about auth service usage, needs docs.",Documentation,MEDIUM,13,2026-08-26
Resolve login failure for payment users,"Stack trace shows a analytics exception thrown from the admin dashboard handler. Customer-facing outage, top priority.",Bug Fix,URGENT,-2,2026-08-11
Create wireframes for analytics flow,"Current search UI feels dated, redesign requested by stakeholders. No rush, whenever you get a chance.",Design,LOW,33,2026-09-15
Redesign mobile app settings page,"Current upload UI feels dated, redesign requested by stakeholders. Customer-facing outage, top priority.",Design,URGENT,-2,2026-08-11
Implement search export for reporting engine,Product wants search support added to the mobile app module this quarter.,Feature Development,MEDIUM,3,2026-08-16
Write API docs for auth service endpoints,"The billing process isn't documented anywhere; write a guide. Nice to have, low priority.",Documentation,LOW,33,2026-09-15
Add integration tests for user profile flow,"The analytics flow has no automated tests, causing repeat regressions. This is high priority for the upcoming release.",Testing,HIGH,5,2026-08-18
Set up monitoring for notification service service,Need to migrate notification service off legacy infrastructure this quarter. Important for the client demo next week.,DevOps/Infrastructure,HIGH,3,2026-08-16
Coordinate checkout kickoff meeting,"Prepare status update for upload to share with leadership. Needed before end of sprint, please prioritize.",Meeting/Admin,HIGH,5,2026-08-18
Prepare slides for checkout flow review,Prepare status update for search to share with leadership.,Meeting/Admin,MEDIUM,14,2026-08-27
Investigate export performance issue in auth service,Unclear why mobile app is slow under payment; needs investigation.,Research,MEDIUM,11,2026-08-24
Clean up unused checkout in billing module,notification service dependencies are several versions behind and need upgrading.,Maintenance,MEDIUM,3,2026-08-16
Add support for export in auth service,New requirement from sales: payments service needs billing capability.,Feature Development,MEDIUM,8,2026-08-21
Provision new authentication environment,Ops wants alerting configured for backend API before it handles more traffic. This is high priority for the upcoming release.,DevOps/Infrastructure,HIGH,3,2026-08-16
Patch memory leak in search service service,"Regression introduced by last sprint's changes to auth service; needs a hotfix. Nice to have, low priority.",Bug Fix,LOW,36,2026-09-18
Create wireframes for billing flow,Need updated mockups for backend API before dev starts.,Design,MEDIUM,12,2026-08-25
Set up retro for user service team,Prepare status update for OAuth token to share with leadership. Important for the client demo next week.,Meeting/Admin,HIGH,5,2026-08-18
Set up monitoring for user service service,"Need to migrate notification service off legacy infrastructure this quarter. No rush, whenever you get a chance.",DevOps/Infrastructure,LOW,40,2026-09-22
Investigate upload performance issue in user service,Explore whether mobile is viable for the payments service rewrite.,Research,MEDIUM,7,2026-08-20
Rotate upload credentials for payments service,"Security scan flagged a export vulnerability in mobile app. No rush, whenever you get a chance.",Security,LOW,19,2026-09-01
Create wireframes for SSO flow,"Current authentication UI feels dated, redesign requested by stakeholders.",Design,MEDIUM,13,2026-08-26
Update README for payments service service,The user profile process isn't documented anywhere; write a guide. This is high priority for the upcoming release.,Documentation,HIGH,4,2026-08-17
Implement dark mode for payments service,Design has finalized mockups for the mobile feature in search service. This is high priority for the upcoming release.,Feature Development,HIGH,4,2026-08-17
Update notification service to latest framework version,"Tech debt in user service is slowing down feature work, needs refactor. Nice to have, low priority.",Maintenance,LOW,20,2026-09-02
Evaluate reporting libraries for payments service,"Unclear why mobile app is slow under SSO; needs investigation. Someday/maybe, not time sensitive.",Research,LOW,52,2026-10-04
Research reporting options for search service,Explore whether analytics is viable for the checkout flow rewrite. This is a P0 blocker for the launch tomorrow.,Research,URGENT,-1,2026-08-12
Increase test coverage on mobile app,QA wants automated E2E coverage for OAuth token before launch.,Testing,MEDIUM,9,2026-08-22
Implement dark mode for payments service,Customer requested payment functionality for backend API. Important for the client demo next week.,Feature Development,HIGH,1,2026-08-14
Set up monitoring for payments service service,"Need to migrate admin dashboard off legacy infrastructure this quarter. Needed before end of sprint, please prioritize.",DevOps/Infrastructure,HIGH,4,2026-08-17
Address null pointer exception in payments service,Stack trace shows a authentication exception thrown from the auth service handler.,Bug Fix,MEDIUM,4,2026-08-17
Schedule sprint planning for auth service,"Book time with auth service team to discuss checkout plan. No rush, whenever you get a chance.",Meeting/Admin,LOW,24,2026-09-06
Migrate billing module to new cluster,"Need to migrate search service off legacy infrastructure this quarter. Customer-facing outage, top priority.",DevOps/Infrastructure,URGENT,1,2026-08-14
Address null pointer exception in admin dashboard,Users report upload fails intermittently after the latest deploy to search service.,Bug Fix,MEDIUM,10,2026-08-23
Provision new reporting environment,"billing module deploys are manual and error-prone; automate with CI/CD. No rush, whenever you get a chance.",DevOps/Infrastructure,LOW,23,2026-09-05
Fix broken session button on reporting engine page,"Regression introduced by last sprint's changes to billing module; needs a hotfix. Someday/maybe, not time sensitive.",Bug Fix,LOW,41,2026-09-23
Fix race condition in backend API module,Users report OAuth token fails intermittently after the latest deploy to search service.,Bug Fix,MEDIUM,3,2026-08-16
Audit user service for security issues,"Pen test found an exposed export in the admin dashboard API. No rush, whenever you get a chance.",Security,LOW,48,2026-09-30
Create wireframes for user profile flow,"Current mobile UI feels dated, redesign requested by stakeholders. Needed before end of sprint, please prioritize.",Design,HIGH,1,2026-08-14
Patch reporting vulnerability in reporting engine,Security scan flagged a chat vulnerability in reporting engine.,Security,MEDIUM,5,2026-08-18
Add support for checkout in payments service,New requirement from sales: search service needs export capability.,Feature Development,MEDIUM,7,2026-08-20
Set up monitoring for checkout flow service,"reporting engine deploys are manual and error-prone; automate with CI/CD. Someday/maybe, not time sensitive.",DevOps/Infrastructure,LOW,16,2026-08-29
Build new backend API onboarding flow,New requirement from sales: reporting engine needs upload capability.,Feature Development,MEDIUM,4,2026-08-17
Research reporting options for auth service,Explore whether user profile is viable for the user service rewrite.,Research,MEDIUM,5,2026-08-18
Design UI mockups for user service,Need updated mockups for notification service before dev starts.,Design,MEDIUM,7,2026-08-20
Rotate analytics credentials for backend API,Pen test found an exposed upload in the search service API. Important for the client demo next week.,Security,HIGH,3,2026-08-16
Document chat setup process,New engineers need clearer docs on how user service works. Can be picked up next quarter.,Documentation,LOW,31,2026-09-13
Resolve data corruption in backend API,QA found this reproducible on payments service under export load. Important for the client demo next week.,Bug Fix,HIGH,5,2026-08-18
Set up CI/CD pipeline for notification service,"mobile app deploys are manual and error-prone; automate with CI/CD. Needed before end of sprint, please prioritize.",DevOps/Infrastructure,HIGH,3,2026-08-16
Fix exposed upload endpoint in user service,Compliance requires rotating upload used by mobile app this month.,Security,MEDIUM,10,2026-08-23
Upgrade mobile app dependencies,"Tech debt in search service is slowing down feature work, needs refactor. Needed before end of sprint, please prioritize.",Maintenance,HIGH,4,2026-08-17
Add regression tests for payments service,QA wants automated E2E coverage for authentication before launch.,Testing,MEDIUM,13,2026-08-26
Patch export vulnerability in search service,"Compliance requires rotating reporting used by React frontend this month. Needed before end of sprint, please prioritize.",Security,HIGH,3,2026-08-16
Redesign mobile app settings page,"Current export UI feels dated, redesign requested by stakeholders. This is a P0 blocker for the launch tomorrow.",Design,URGENT,-1,2026-08-12
Audit user service for security issues,Pen test found an exposed SSO in the backend API API. Can be picked up next quarter.,Security,LOW,49,2026-10-01
Prepare slides for billing module review,"Need to align stakeholders on checkout flow before next sprint. No rush, whenever you get a chance.",Meeting/Admin,LOW,20,2026-09-02
Evaluate payment libraries for React frontend,"Explore whether user profile is viable for the payments service rewrite. Someday/maybe, not time sensitive.",Research,LOW,49,2026-10-01
Investigate SSO performance issue in notification service,Unclear why checkout flow is slow under session; needs investigation. Important for the client demo next week.,Research,HIGH,1,2026-08-14
Provision new chat environment,Need to migrate user service off legacy infrastructure this quarter.,DevOps/Infrastructure,MEDIUM,10,2026-08-23
Design icon set for payments service,"Current user profile UI feels dated, redesign requested by stakeholders.",Design,MEDIUM,8,2026-08-21
Prepare slides for React frontend review,Prepare status update for upload to share with leadership.,Meeting/Admin,MEDIUM,9,2026-08-22
Evaluate export libraries for backend API,Explore whether payment is viable for the payments service rewrite.,Research,MEDIUM,11,2026-08-24
Add support for upload in reporting engine,Customer requested mobile functionality for mobile app.,Feature Development,MEDIUM,5,2026-08-18
Fix exposed export endpoint in React frontend,Pen test found an exposed mobile in the reporting engine API.,Security,MEDIUM,13,2026-08-26
Evaluate OAuth token libraries for payments service,"Unclear why reporting engine is slow under reporting; needs investigation. Nice to have, low priority.",Research,LOW,44,2026-09-26
Increase test coverage on admin dashboard,Coverage on backend API is below target; add tests before release. Important for the client demo next week.,Testing,HIGH,4,2026-08-17
Add regression tests for notification service,Coverage on billing module is below target; add tests before release.,Testing,MEDIUM,12,2026-08-25
Migrate search service to new cluster,"Ops wants alerting configured for backend API before it handles more traffic. Someday/maybe, not time sensitive.",DevOps/Infrastructure,LOW,47,2026-09-29
Set up retro for user service team,Prepare status update for session to share with leadership.,Meeting/Admin,MEDIUM,14,2026-08-27
Patch billing vulnerability in search service,"Compliance requires rotating mobile used by admin dashboard this month. No rush, whenever you get a chance.",Security,LOW,37,2026-09-19
Spike on authentication feasibility for React frontend,"Team needs a recommendation on search approach for admin dashboard. No rush, whenever you get a chance.",Research,LOW,60,2026-10-12
Document authentication setup process,"The search process isn't documented anywhere; write a guide. Nice to have, low priority.",Documentation,LOW,30,2026-09-12
Build new reporting engine onboarding flow,Product wants billing support added to the reporting engine module this quarter.,Feature Development,MEDIUM,6,2026-08-19
Redesign reporting engine settings page,"Current reporting UI feels dated, redesign requested by stakeholders.",Design,MEDIUM,12,2026-08-25
Design UI mockups for payments service,"Need updated mockups for admin dashboard before dev starts. Urgent request from the CEO, needs to ship today.",Design,URGENT,0,2026-08-13
Redesign payments service settings page,Create a design spec for the new admin dashboard experience.,Design,MEDIUM,10,2026-08-23
Create wireframes for analytics flow,Need updated mockups for checkout flow before dev starts. Important for the client demo next week.,Design,HIGH,3,2026-08-16
Write unit tests for notification service module,QA wants automated E2E coverage for user profile before launch.,Testing,MEDIUM,7,2026-08-20
Provision new analytics environment,Need to migrate checkout flow off legacy infrastructure this quarter. Can be picked up next quarter.,DevOps/Infrastructure,LOW,55,2026-10-07
Write architecture doc for billing module,The chat process isn't documented anywhere; write a guide.,Documentation,MEDIUM,10,2026-08-23
Write architecture doc for payments service,The session process isn't documented anywhere; write a guide. This is blocking the release and needs to be fixed ASAP.,Documentation,URGENT,0,2026-08-13
Increase test coverage on notification service,"Coverage on checkout flow is below target; add tests before release. No rush, whenever you get a chance.",Testing,LOW,55,2026-10-07
Increase test coverage on search service,"QA wants automated E2E coverage for session before launch. Nice to have, low priority.",Testing,LOW,26,2026-09-08
Set up CI/CD pipeline for auth service,billing module deploys are manual and error-prone; automate with CI/CD. This is a P0 blocker for the launch tomorrow.,DevOps/Infrastructure,URGENT,-2,2026-08-11
Fix race condition in billing module module,"Stack trace shows a payment exception thrown from the admin dashboard handler. Nice to have, low priority.",Bug Fix,LOW,58,2026-10-10
Add integration tests for analytics flow,"The search flow has no automated tests, causing repeat regressions. Can be picked up next quarter.",Testing,LOW,49,2026-10-01
Design UI mockups for notification service,"Create a design spec for the new React frontend experience. Nice to have, low priority.",Design,LOW,47,2026-09-29
Design UI mockups for notification service,Need updated mockups for checkout flow before dev starts.,Design,MEDIUM,4,2026-08-17
Upgrade auth service dependencies,search service dependencies are several versions behind and need upgrading. This is blocking the release and needs to be fixed ASAP.,Maintenance,URGENT,1,2026-08-14
Write unit tests for checkout flow module,Coverage on search service is below target; add tests before release. This is high priority for the upcoming release.,Testing,HIGH,5,2026-08-18
Research analytics options for search service,"Explore whether payment is viable for the checkout flow rewrite. Someday/maybe, not time sensitive.",Research,LOW,14,2026-08-27
Design icon set for admin dashboard,"Current export UI feels dated, redesign requested by stakeholders. Important for the client demo next week.",Design,HIGH,5,2026-08-18
Redesign billing module settings page,Need updated mockups for admin dashboard before dev starts.,Design,MEDIUM,11,2026-08-24
Design icon set for payments service,"Current mobile UI feels dated, redesign requested by stakeholders. Someday/maybe, not time sensitive.",Design,LOW,45,2026-09-27
Update README for user service service,"API consumers are confused about React frontend usage, needs docs. Someday/maybe, not time sensitive.",Documentation,LOW,35,2026-09-17
Refactor legacy React frontend code,admin dashboard dependencies are several versions behind and need upgrading.,Maintenance,MEDIUM,8,2026-08-21
Update auth service to latest framework version,"Tech debt in checkout flow is slowing down feature work, needs refactor. Needed before end of sprint, please prioritize.",Maintenance,HIGH,2,2026-08-15
Migrate user service to new cluster,payments service deploys are manual and error-prone; automate with CI/CD.,DevOps/Infrastructure,MEDIUM,5,2026-08-18
Provision new billing environment,Ops wants alerting configured for user service before it handles more traffic. Can be picked up next quarter.,DevOps/Infrastructure,LOW,28,2026-09-10
Design icon set for admin dashboard,"Current search UI feels dated, redesign requested by stakeholders. Important for the client demo next week.",Design,HIGH,3,2026-08-16
Coordinate authentication kickoff meeting,"Prepare status update for SSO to share with leadership. Customer-facing outage, top priority.",Meeting/Admin,URGENT,-2,2026-08-11
Investigate export performance issue in payments service,"Unclear why admin dashboard is slow under SSO; needs investigation. Critical: production is down, all hands on this now.",Research,URGENT,-1,2026-08-12
Redesign mobile app settings page,Need updated mockups for user service before dev starts. Can be picked up next quarter.,Design,LOW,49,2026-10-01
Refactor legacy notification service code,"Remove dead chat code left over from the old search service implementation. No rush, whenever you get a chance.",Maintenance,LOW,18,2026-08-31
Add integration tests for reporting flow,"The analytics flow has no automated tests, causing repeat regressions.",Testing,MEDIUM,3,2026-08-16
Spike on payment feasibility for admin dashboard,Explore whether upload is viable for the user service rewrite. This is blocking the release and needs to be fixed ASAP.,Research,URGENT,0,2026-08-13
Redesign admin dashboard settings page,"Need updated mockups for payments service before dev starts. No rush, whenever you get a chance.",Design,LOW,34,2026-09-16
Evaluate OAuth token libraries for payments service,Explore whether user profile is viable for the checkout flow rewrite. This is high priority for the upcoming release.,Research,HIGH,4,2026-08-17
Increase test coverage on billing module,QA wants automated E2E coverage for user profile before launch.,Testing,MEDIUM,7,2026-08-20
Patch memory leak in React frontend service,"Regression introduced by last sprint's changes to mobile app; needs a hotfix. Someday/maybe, not time sensitive.",Bug Fix,LOW,27,2026-09-09
Document billing setup process,"The reporting process isn't documented anywhere; write a guide. Needed before end of sprint, please prioritize.",Documentation,HIGH,3,2026-08-16
Design UI mockups for React frontend,Create a design spec for the new user service experience.,Design,MEDIUM,10,2026-08-23
Fix crash when session on billing module,Regression introduced by last sprint's changes to checkout flow; needs a hotfix.,Bug Fix,MEDIUM,3,2026-08-16
Clean up unused SSO in billing module,"Tech debt in checkout flow is slowing down feature work, needs refactor. This is high priority for the upcoming release.",Maintenance,HIGH,1,2026-08-14
Patch chat vulnerability in React frontend,"Compliance requires rotating search used by billing module this month. No rush, whenever you get a chance.",Security,LOW,50,2026-10-02
Prepare slides for React frontend review,Book time with admin dashboard team to discuss authentication plan.,Meeting/Admin,MEDIUM,14,2026-08-27
Document checkout setup process,"API consumers are confused about mobile app usage, needs docs.",Documentation,MEDIUM,14,2026-08-27
Research authentication options for checkout flow,"Unclear why checkout flow is slow under mobile; needs investigation. No rush, whenever you get a chance.",Research,LOW,14,2026-08-27
Increase test coverage on payments service,"The OAuth token flow has no automated tests, causing repeat regressions.",Testing,MEDIUM,8,2026-08-21
Update auth service to latest framework version,"checkout flow dependencies are several versions behind and need upgrading. Nice to have, low priority.",Maintenance,LOW,26,2026-09-08
Update README for payments service service,New engineers need clearer docs on how billing module works.,Documentation,MEDIUM,3,2026-08-16
Write architecture doc for React frontend,"The OAuth token process isn't documented anywhere; write a guide. Nice to have, low priority.",Documentation,LOW,26,2026-09-08
Create wireframes for authentication flow,"Need updated mockups for notification service before dev starts. No rush, whenever you get a chance.",Design,LOW,22,2026-09-04
Schedule sprint planning for user service,"Need to align stakeholders on reporting engine before next sprint. Nice to have, low priority.",Meeting/Admin,LOW,38,2026-09-20
Fix race condition in user service module,Stack trace shows a payment exception thrown from the user service handler.,Bug Fix,MEDIUM,4,2026-08-17
Add chat filtering to checkout flow dashboard,Product wants search support added to the notification service module this quarter. Important for the client demo next week.,Feature Development,HIGH,5,2026-08-18
Configure autoscaling for notification service,billing module deploys are manual and error-prone; automate with CI/CD.,DevOps/Infrastructure,MEDIUM,7,2026-08-20
Upgrade backend API dependencies,user service dependencies are several versions behind and need upgrading.,Maintenance,MEDIUM,4,2026-08-17
Configure autoscaling for React frontend,"Need to migrate auth service off legacy infrastructure this quarter. Needed before end of sprint, please prioritize.",DevOps/Infrastructure,HIGH,1,2026-08-14
Spike on mobile feasibility for admin dashboard,"Explore whether export is viable for the mobile app rewrite. Critical: production is down, all hands on this now.",Research,URGENT,-1,2026-08-12
Patch search vulnerability in billing module,Security scan flagged a search vulnerability in reporting engine.,Security,MEDIUM,3,2026-08-16
Fix incorrect OAuth token calculation in reporting engine,Regression introduced by last sprint's changes to checkout flow; needs a hotfix.,Bug Fix,MEDIUM,5,2026-08-18
Evaluate search libraries for billing module,Team needs a recommendation on analytics approach for auth service. This is high priority for the upcoming release.,Research,HIGH,2,2026-08-15
Fix race condition in admin dashboard module,QA found this reproducible on mobile app under export load. Can be picked up next quarter.,Bug Fix,LOW,53,2026-10-05
Set up CI/CD pipeline for backend API,"Need to migrate search service off legacy infrastructure this quarter. Critical: production is down, all hands on this now.",DevOps/Infrastructure,URGENT,1,2026-08-14
Resolve data corruption in checkout flow,"Stack trace shows a search exception thrown from the React frontend handler. Critical: production is down, all hands on this now.",Bug Fix,URGENT,-2,2026-08-11
Research checkout options for search service,Unclear why billing module is slow under authentication; needs investigation.,Research,MEDIUM,12,2026-08-25
Address null pointer exception in search service,Regression introduced by last sprint's changes to mobile app; needs a hotfix.,Bug Fix,MEDIUM,8,2026-08-21
Patch billing vulnerability in search service,Compliance requires rotating OAuth token used by checkout flow this month. This is high priority for the upcoming release.,Security,HIGH,5,2026-08-18
Update README for auth service service,New engineers need clearer docs on how React frontend works. Can be picked up next quarter.,Documentation,LOW,53,2026-10-05
Add payment filtering to admin dashboard dashboard,"New requirement from sales: auth service needs analytics capability. Needed before end of sprint, please prioritize.",Feature Development,HIGH,4,2026-08-17
Audit payments service for security issues,Pen test found an exposed authentication in the mobile app API.,Security,MEDIUM,12,2026-08-25
Resolve data corruption in backend API,Stack trace shows a search exception thrown from the backend API handler. This is high priority for the upcoming release.,Bug Fix,HIGH,2,2026-08-15
Create onboarding guide for backend API,"API consumers are confused about search service usage, needs docs. Nice to have, low priority.",Documentation,LOW,54,2026-10-06
Fix exposed billing endpoint in notification service,Pen test found an exposed upload in the admin dashboard API.,Security,MEDIUM,4,2026-08-17
Redesign payments service settings page,"Current reporting UI feels dated, redesign requested by stakeholders. Someday/maybe, not time sensitive.",Design,LOW,56,2026-10-08
Implement dark mode for mobile app,Design has finalized mockups for the checkout feature in mobile app.,Feature Development,MEDIUM,3,2026-08-16
Refactor legacy notification service code,"Tech debt in React frontend is slowing down feature work, needs refactor. Needed before end of sprint, please prioritize.",Maintenance,HIGH,3,2026-08-16
Document user profile setup process,"The chat process isn't documented anywhere; write a guide. Nice to have, low priority.",Documentation,LOW,39,2026-09-21
Refactor legacy auth service code,"backend API dependencies are several versions behind and need upgrading. Needed before end of sprint, please prioritize.",Maintenance,HIGH,3,2026-08-16
Refactor legacy billing module code,Remove dead mobile code left over from the old billing module implementation.,Maintenance,MEDIUM,6,2026-08-19
Refactor legacy payments service code,payments service dependencies are several versions behind and need upgrading.,Maintenance,MEDIUM,12,2026-08-25
Add integration tests for chat flow,"The OAuth token flow has no automated tests, causing repeat regressions. Important for the client demo next week.",Testing,HIGH,3,2026-08-16
Spike on session feasibility for search service,Unclear why payments service is slow under reporting; needs investigation. Can be picked up next quarter.,Research,LOW,14,2026-08-27
Build new billing module onboarding flow,Design has finalized mockups for the payment feature in reporting engine.,Feature Development,MEDIUM,4,2026-08-17
Resolve data corruption in payments service,"QA found this reproducible on payments service under OAuth token load. Nice to have, low priority.",Bug Fix,LOW,39,2026-09-21
Create onboarding guide for checkout flow,"New engineers need clearer docs on how mobile app works. Urgent request from the CEO, needs to ship today.",Documentation,URGENT,-1,2026-08-12
Research analytics options for reporting engine,Explore whether export is viable for the payments service rewrite. This is high priority for the upcoming release.,Research,HIGH,3,2026-08-16
Set up CI/CD pipeline for React frontend,Ops wants alerting configured for billing module before it handles more traffic. This is a P0 blocker for the launch tomorrow.,DevOps/Infrastructure,URGENT,1,2026-08-14
Write E2E tests for user profile checkout,QA wants automated E2E coverage for analytics before launch.,Testing,MEDIUM,4,2026-08-17
Configure autoscaling for user service,Need to migrate auth service off legacy infrastructure this quarter.,DevOps/Infrastructure,MEDIUM,12,2026-08-25
Create onboarding guide for admin dashboard,New engineers need clearer docs on how React frontend works. This is a P0 blocker for the launch tomorrow.,Documentation,URGENT,0,2026-08-13
Write E2E tests for OAuth token checkout,"The authentication flow has no automated tests, causing repeat regressions.",Testing,MEDIUM,7,2026-08-20
Redesign billing module settings page,"Current authentication UI feels dated, redesign requested by stakeholders. Can be picked up next quarter.",Design,LOW,19,2026-09-01
Resolve login failure for analytics users,Stack trace shows a upload exception thrown from the search service handler. Important for the client demo next week.,Bug Fix,HIGH,3,2026-08-16
Implement dark mode for billing module,"Customer requested upload functionality for billing module. Someday/maybe, not time sensitive.",Feature Development,LOW,16,2026-08-29
Patch upload vulnerability in auth service,"Security scan flagged a upload vulnerability in React frontend. Critical: production is down, all hands on this now.",Security,URGENT,0,2026-08-13
Fix exposed OAuth token endpoint in user service,Compliance requires rotating analytics used by backend API this month. Important for the client demo next week.,Security,HIGH,4,2026-08-17
Patch authentication vulnerability in auth service,Compliance requires rotating SSO used by user service this month.,Security,MEDIUM,3,2026-08-16
Add regression tests for backend API,QA wants automated E2E coverage for reporting before launch. Important for the client demo next week.,Testing,HIGH,1,2026-08-14
Coordinate reporting kickoff meeting,Prepare status update for reporting to share with leadership. This is high priority for the upcoming release.,Meeting/Admin,HIGH,3,2026-08-16
Coordinate SSO kickoff meeting,Need to align stakeholders on billing module before next sprint.,Meeting/Admin,MEDIUM,14,2026-08-27
Investigate SSO performance issue in payments service,"Unclear why React frontend is slow under OAuth token; needs investigation. Needed before end of sprint, please prioritize.",Research,HIGH,5,2026-08-18
Increase test coverage on admin dashboard,"Coverage on reporting engine is below target; add tests before release. Customer-facing outage, top priority.",Testing,URGENT,0,2026-08-13
Fix exposed export endpoint in payments service,"Pen test found an exposed payment in the admin dashboard API. Someday/maybe, not time sensitive.",Security,LOW,36,2026-09-18
Set up monitoring for mobile app service,"mobile app deploys are manual and error-prone; automate with CI/CD. Critical: production is down, all hands on this now.",DevOps/Infrastructure,URGENT,0,2026-08-13
Clean up unused SSO in billing module,Remove dead search code left over from the old user service implementation.,Maintenance,MEDIUM,4,2026-08-17
Write unit tests for reporting engine module,QA wants automated E2E coverage for session before launch.,Testing,MEDIUM,7,2026-08-20
Document chat setup process,"The search process isn't documented anywhere; write a guide. Urgent request from the CEO, needs to ship today.",Documentation,URGENT,-2,2026-08-11
Migrate backend API to new cluster,payments service deploys are manual and error-prone; automate with CI/CD.,DevOps/Infrastructure,MEDIUM,7,2026-08-20
Fix race condition in reporting engine module,Stack trace shows a payment exception thrown from the notification service handler.,Bug Fix,MEDIUM,6,2026-08-19
Write API docs for notification service endpoints,New engineers need clearer docs on how checkout flow works.,Documentation,MEDIUM,10,2026-08-23
Evaluate authentication libraries for payments service,Explore whether upload is viable for the user service rewrite.,Research,MEDIUM,9,2026-08-22
Redesign admin dashboard settings page,"Current reporting UI feels dated, redesign requested by stakeholders. Nice to have, low priority.",Design,LOW,34,2026-09-16
Clean up unused checkout in reporting engine,"reporting engine dependencies are several versions behind and need upgrading. Needed before end of sprint, please prioritize.",Maintenance,HIGH,5,2026-08-18
Write API docs for billing module endpoints,"API consumers are confused about billing module usage, needs docs. Needed before end of sprint, please prioritize.",Documentation,HIGH,2,2026-08-15
Provision new OAuth token environment,"Need to migrate checkout flow off legacy infrastructure this quarter. Someday/maybe, not time sensitive.",DevOps/Infrastructure,LOW,53,2026-10-05
Set up retro for user service team,Need to align stakeholders on backend API before next sprint.,Meeting/Admin,MEDIUM,11,2026-08-24
Fix broken billing button on reporting engine page,Stack trace shows a checkout exception thrown from the auth service handler.,Bug Fix,MEDIUM,14,2026-08-27
Redesign reporting engine settings page,Need updated mockups for checkout flow before dev starts.,Design,MEDIUM,14,2026-08-27
Create onboarding guide for auth service,The user profile process isn't documented anywhere; write a guide.,Documentation,MEDIUM,7,2026-08-20
Migrate billing module to new cluster,Need to migrate billing module off legacy infrastructure this quarter. Can be picked up next quarter.,DevOps/Infrastructure,LOW,14,2026-08-27
Patch analytics vulnerability in mobile app,Compliance requires rotating checkout used by React frontend this month.,Security,MEDIUM,11,2026-08-24
Evaluate analytics libraries for notification service,"Team needs a recommendation on upload approach for payments service. No rush, whenever you get a chance.",Research,LOW,55,2026-10-07
Schedule sprint planning for React frontend,"Need to align stakeholders on checkout flow before next sprint. Someday/maybe, not time sensitive.",Meeting/Admin,LOW,40,2026-09-22
Spike on search feasibility for mobile app,Team needs a recommendation on checkout approach for admin dashboard.,Research,MEDIUM,14,2026-08-27
Investigate billing performance issue in React frontend,Team needs a recommendation on user profile approach for user service. Important for the client demo next week.,Research,HIGH,1,2026-08-14
Set up monitoring for React frontend service,"Ops wants alerting configured for backend API before it handles more traffic. No rush, whenever you get a chance.",DevOps/Infrastructure,LOW,49,2026-10-01
Fix broken checkout button on payments service page,"Users report chat fails intermittently after the latest deploy to backend API. Customer-facing outage, top priority.",Bug Fix,URGENT,0,2026-08-13
Fix broken OAuth token button on React frontend page,Stack trace shows a payment exception thrown from the auth service handler.,Bug Fix,MEDIUM,5,2026-08-18
Refactor legacy React frontend code,Remove dead session code left over from the old payments service implementation.,Maintenance,MEDIUM,12,2026-08-25
Create onboarding guide for payments service,"API consumers are confused about search service usage, needs docs. This is blocking the release and needs to be fixed ASAP.",Documentation,URGENT,-2,2026-08-11
Redesign mobile app settings page,Create a design spec for the new checkout flow experience.,Design,MEDIUM,4,2026-08-17
Prepare slides for payments service review,"Book time with mobile app team to discuss session plan. Someday/maybe, not time sensitive.",Meeting/Admin,LOW,42,2026-09-24
Implement dark mode for React frontend,Design has finalized mockups for the payment feature in mobile app. Important for the client demo next week.,Feature Development,HIGH,2,2026-08-15
Research reporting options for backend API,"Unclear why auth service is slow under SSO; needs investigation. No rush, whenever you get a chance.",Research,LOW,47,2026-09-29
Implement dark mode for mobile app,Customer requested SSO functionality for billing module.,Feature Development,MEDIUM,7,2026-08-20
Migrate notification service to new cluster,Need to migrate user service off legacy infrastructure this quarter.,DevOps/Infrastructure,MEDIUM,9,2026-08-22
Create mobile integration with search service,Product wants reporting support added to the billing module module this quarter.,Feature Development,MEDIUM,9,2026-08-22
Design icon set for admin dashboard,Create a design spec for the new backend API experience.,Design,MEDIUM,3,2026-08-16
Write unit tests for checkout flow module,QA wants automated E2E coverage for session before launch.,Testing,MEDIUM,13,2026-08-26
Set up CI/CD pipeline for backend API,"user service deploys are manual and error-prone; automate with CI/CD. Needed before end of sprint, please prioritize.",DevOps/Infrastructure,HIGH,1,2026-08-14
Evaluate chat libraries for mobile app,"Explore whether analytics is viable for the backend API rewrite. No rush, whenever you get a chance.",Research,LOW,43,2026-09-25
Update README for mobile app service,New engineers need clearer docs on how notification service works.,Documentation,MEDIUM,12,2026-08-25
Patch mobile vulnerability in user service,"Security scan flagged a session vulnerability in reporting engine. Urgent request from the CEO, needs to ship today.",Security,URGENT,-2,2026-08-11
Increase test coverage on user service,"Coverage on user service is below target; add tests before release. Critical: production is down, all hands on this now.",Testing,URGENT,-1,2026-08-12
Audit user service for security issues,Compliance requires rotating upload used by reporting engine this month. Can be picked up next quarter.,Security,LOW,27,2026-09-09
Design icon set for backend API,"Current OAuth token UI feels dated, redesign requested by stakeholders.",Design,MEDIUM,6,2026-08-19
Coordinate upload kickoff meeting,"Book time with user service team to discuss analytics plan. Customer-facing outage, top priority.",Meeting/Admin,URGENT,-1,2026-08-12
Write unit tests for React frontend module,Coverage on search service is below target; add tests before release. This is a P0 blocker for the launch tomorrow.,Testing,URGENT,0,2026-08-13
Document export setup process,"API consumers are confused about admin dashboard usage, needs docs.",Documentation,MEDIUM,7,2026-08-20
Audit React frontend for security issues,"Pen test found an exposed OAuth token in the notification service API. Someday/maybe, not time sensitive.",Security,LOW,26,2026-09-08
Write architecture doc for search service,The checkout process isn't documented anywhere; write a guide. Important for the client demo next week.,Documentation,HIGH,2,2026-08-15
Implement dark mode for React frontend,New requirement from sales: checkout flow needs authentication capability.,Feature Development,MEDIUM,14,2026-08-27
Create onboarding guide for backend API,"API consumers are confused about billing module usage, needs docs. Nice to have, low priority.",Documentation,LOW,27,2026-09-09
Set up CI/CD pipeline for backend API,admin dashboard deploys are manual and error-prone; automate with CI/CD. Can be picked up next quarter.,DevOps/Infrastructure,LOW,43,2026-09-25
Write unit tests for user service module,"Coverage on billing module is below target; add tests before release. Critical: production is down, all hands on this now.",Testing,URGENT,-1,2026-08-12
Set up monitoring for search service service,notification service deploys are manual and error-prone; automate with CI/CD.,DevOps/Infrastructure,MEDIUM,7,2026-08-20
Refactor legacy billing module code,"Tech debt in React frontend is slowing down feature work, needs refactor.",Maintenance,MEDIUM,9,2026-08-22
Upgrade reporting engine dependencies,mobile app dependencies are several versions behind and need upgrading.,Maintenance,MEDIUM,5,2026-08-18
Implement dark mode for backend API,"Customer requested mobile functionality for checkout flow. Customer-facing outage, top priority.",Feature Development,URGENT,-2,2026-08-11
Write unit tests for billing module module,"Coverage on auth service is below target; add tests before release. Someday/maybe, not time sensitive.",Testing,LOW,50,2026-10-02
Investigate export performance issue in checkout flow,Unclear why reporting engine is slow under billing; needs investigation. Important for the client demo next week.,Research,HIGH,5,2026-08-18
Redesign search service settings page,"Current session UI feels dated, redesign requested by stakeholders.",Design,MEDIUM,8,2026-08-21
Add integration tests for user profile flow,"QA wants automated E2E coverage for search before launch. Nice to have, low priority.",Testing,LOW,37,2026-09-19
Resolve data corruption in admin dashboard,Stack trace shows a mobile exception thrown from the search service handler.,Bug Fix,MEDIUM,11,2026-08-24
Write E2E tests for search checkout,"The payment flow has no automated tests, causing repeat regressions.",Testing,MEDIUM,9,2026-08-22
Set up retro for user service team,Prepare status update for reporting to share with leadership. Important for the client demo next week.,Meeting/Admin,HIGH,2,2026-08-15
Refactor legacy notification service code,"Remove dead payment code left over from the old checkout flow implementation. Needed before end of sprint, please prioritize.",Maintenance,HIGH,5,2026-08-18
Set up monitoring for user service service,Need to migrate admin dashboard off legacy infrastructure this quarter. This is high priority for the upcoming release.,DevOps/Infrastructure,HIGH,4,2026-08-17
Add support for export in search service,Design has finalized mockups for the session feature in checkout flow.,Feature Development,MEDIUM,6,2026-08-19
Increase test coverage on payments service,QA wants automated E2E coverage for authentication before launch.,Testing,MEDIUM,10,2026-08-23
Fix incorrect authentication calculation in checkout flow,Stack trace shows a user profile exception thrown from the reporting engine handler.,Bug Fix,MEDIUM,5,2026-08-18
Evaluate search libraries for user service,"Unclear why notification service is slow under billing; needs investigation. Nice to have, low priority.",Research,LOW,45,2026-09-27
Provision new session environment,"Ops wants alerting configured for auth service before it handles more traffic. No rush, whenever you get a chance.",DevOps/Infrastructure,LOW,18,2026-08-31
Implement mobile export for backend API,Design has finalized mockups for the OAuth token feature in React frontend. Important for the client demo next week.,Feature Development,HIGH,2,2026-08-15
Update README for React frontend service,The upload process isn't documented anywhere; write a guide.,Documentation,MEDIUM,10,2026-08-23
Coordinate analytics kickoff meeting,"Prepare status update for user profile to share with leadership. Nice to have, low priority.",Meeting/Admin,LOW,23,2026-09-05
Create onboarding guide for billing module,"API consumers are confused about payments service usage, needs docs.",Documentation,MEDIUM,13,2026-08-26
Coordinate analytics kickoff meeting,"Need to align stakeholders on payments service before next sprint. No rush, whenever you get a chance.",Meeting/Admin,LOW,16,2026-08-29
Create onboarding guide for user service,The search process isn't documented anywhere; write a guide.,Documentation,MEDIUM,8,2026-08-21
Prepare slides for backend API review,Prepare status update for export to share with leadership. Important for the client demo next week.,Meeting/Admin,HIGH,1,2026-08-14
Set up CI/CD pipeline for payments service,Ops wants alerting configured for auth service before it handles more traffic.,DevOps/Infrastructure,MEDIUM,5,2026-08-18
Implement dark mode for auth service,"Design has finalized mockups for the user profile feature in reporting engine. No rush, whenever you get a chance.",Feature Development,LOW,36,2026-09-18
Fix exposed mobile endpoint in checkout flow,Compliance requires rotating authentication used by payments service this month.,Security,MEDIUM,7,2026-08-20
Add regression tests for billing module,"Coverage on mobile app is below target; add tests before release. No rush, whenever you get a chance.",Testing,LOW,55,2026-10-07
Increase test coverage on search service,"The reporting flow has no automated tests, causing repeat regressions. Needed before end of sprint, please prioritize.",Testing,HIGH,4,2026-08-17
Build new backend API onboarding flow,New requirement from sales: checkout flow needs OAuth token capability. This is a P0 blocker for the launch tomorrow.,Feature Development,URGENT,-2,2026-08-11
Design icon set for search service,"Current authentication UI feels dated, redesign requested by stakeholders.",Design,MEDIUM,7,2026-08-20
Investigate reporting performance issue in billing module,Unclear why reporting engine is slow under authentication; needs investigation. Important for the client demo next week.,Research,HIGH,3,2026-08-16
Refactor legacy admin dashboard code,"Tech debt in search service is slowing down feature work, needs refactor. No rush, whenever you get a chance.",Maintenance,LOW,56,2026-10-08
Provision new session environment,"payments service deploys are manual and error-prone; automate with CI/CD. No rush, whenever you get a chance.",DevOps/Infrastructure,LOW,29,2026-09-11
Add reporting filtering to React frontend dashboard,"New requirement from sales: notification service needs upload capability. No rush, whenever you get a chance.",Feature Development,LOW,14,2026-08-27
Fix broken OAuth token button on checkout flow page,Users report search fails intermittently after the latest deploy to checkout flow.,Bug Fix,MEDIUM,10,2026-08-23
Set up CI/CD pipeline for React frontend,"payments service deploys are manual and error-prone; automate with CI/CD. Needed before end of sprint, please prioritize.",DevOps/Infrastructure,HIGH,1,2026-08-14
Write API docs for React frontend endpoints,New engineers need clearer docs on how auth service works. This is high priority for the upcoming release.,Documentation,HIGH,1,2026-08-14
Investigate export performance issue in billing module,"Team needs a recommendation on billing approach for notification service. Someday/maybe, not time sensitive.",Research,LOW,52,2026-10-04
Create onboarding guide for reporting engine,"API consumers are confused about backend API usage, needs docs.",Documentation,MEDIUM,11,2026-08-24
Resolve login failure for search users,Regression introduced by last sprint's changes to billing module; needs a hotfix.,Bug Fix,MEDIUM,6,2026-08-19
Implement dark mode for React frontend,"New requirement from sales: mobile app needs search capability. Nice to have, low priority.",Feature Development,LOW,24,2026-09-06
Investigate upload performance issue in user service,Explore whether export is viable for the admin dashboard rewrite. Important for the client demo next week.,Research,HIGH,3,2026-08-16
Add regression tests for auth service,"QA wants automated E2E coverage for user profile before launch. No rush, whenever you get a chance.",Testing,LOW,17,2026-08-30
Create reporting integration with reporting engine,"Product wants upload support added to the user service module this quarter. Customer-facing outage, top priority.",Feature Development,URGENT,-2,2026-08-11
Build new mobile app onboarding flow,Product wants upload support added to the admin dashboard module this quarter. Can be picked up next quarter.,Feature Development,LOW,42,2026-09-24
Set up monitoring for search service service,"Need to migrate search service off legacy infrastructure this quarter. Needed before end of sprint, please prioritize.",DevOps/Infrastructure,HIGH,2,2026-08-15
Add regression tests for backend API,QA wants automated E2E coverage for reporting before launch.,Testing,MEDIUM,10,2026-08-23
Set up monitoring for search service service,"Need to migrate payments service off legacy infrastructure this quarter. Someday/maybe, not time sensitive.",DevOps/Infrastructure,LOW,40,2026-09-22
Patch memory leak in mobile app service,QA found this reproducible on auth service under OAuth token load. Important for the client demo next week.,Bug Fix,HIGH,1,2026-08-14
Evaluate search libraries for checkout flow,"Team needs a recommendation on payment approach for React frontend. Customer-facing outage, top priority.",Research,URGENT,-1,2026-08-12
Redesign backend API settings page,"Current authentication UI feels dated, redesign requested by stakeholders. Needed before end of sprint, please prioritize.",Design,HIGH,3,2026-08-16
Add integration tests for billing flow,QA wants automated E2E coverage for billing before launch.,Testing,MEDIUM,5,2026-08-18
Schedule sprint planning for React frontend,Need to align stakeholders on reporting engine before next sprint.,Meeting/Admin,MEDIUM,7,2026-08-20
Update README for search service service,"New engineers need clearer docs on how search service works. Urgent request from the CEO, needs to ship today.",Documentation,URGENT,-1,2026-08-12
Configure autoscaling for checkout flow,Need to migrate React frontend off legacy infrastructure this quarter.,DevOps/Infrastructure,MEDIUM,11,2026-08-24
Redesign mobile app settings page,Create a design spec for the new payments service experience.,Design,MEDIUM,10,2026-08-23
Implement billing export for mobile app,"Customer requested payment functionality for notification service. Nice to have, low priority.",Feature Development,LOW,34,2026-09-16
Coordinate chat kickoff meeting,Book time with mobile app team to discuss SSO plan.,Meeting/Admin,MEDIUM,5,2026-08-18
Provision new session environment,Ops wants alerting configured for checkout flow before it handles more traffic. This is high priority for the upcoming release.,DevOps/Infrastructure,HIGH,4,2026-08-17
Fix exposed session endpoint in backend API,Pen test found an exposed chat in the React frontend API.,Security,MEDIUM,5,2026-08-18
Audit billing module for security issues,Pen test found an exposed billing in the checkout flow API. Can be picked up next quarter.,Security,LOW,18,2026-08-31
Set up retro for notification service team,Prepare status update for analytics to share with leadership.,Meeting/Admin,MEDIUM,3,2026-08-16
Prepare slides for auth service review,"Need to align stakeholders on mobile app before next sprint. Someday/maybe, not time sensitive.",Meeting/Admin,LOW,49,2026-10-01
Document reporting setup process,"The upload process isn't documented anywhere; write a guide. Needed before end of sprint, please prioritize.",Documentation,HIGH,2,2026-08-15
Patch user profile vulnerability in reporting engine,Security scan flagged a analytics vulnerability in notification service.,Security,MEDIUM,11,2026-08-24
Create wireframes for SSO flow,"Current analytics UI feels dated, redesign requested by stakeholders. This is high priority for the upcoming release.",Design,HIGH,2,2026-08-15
Design UI mockups for auth service,"Create a design spec for the new user service experience. Customer-facing outage, top priority.",Design,URGENT,-1,2026-08-12
Set up retro for payments service team,"Book time with mobile app team to discuss billing plan. Urgent request from the CEO, needs to ship today.",Meeting/Admin,URGENT,1,2026-08-14
Create wireframes for analytics flow,"Current user profile UI feels dated, redesign requested by stakeholders.",Design,MEDIUM,8,2026-08-21
Resolve login failure for mobile users,"QA found this reproducible on payments service under reporting load. Needed before end of sprint, please prioritize.",Bug Fix,HIGH,4,2026-08-17
Upgrade user service dependencies,"Remove dead reporting code left over from the old user service implementation. Needed before end of sprint, please prioritize.",Maintenance,HIGH,1,2026-08-14
Redesign checkout flow settings page,"Need updated mockups for billing module before dev starts. Critical: production is down, all hands on this now.",Design,URGENT,1,2026-08-14
Implement search export for payments service,"Product wants chat support added to the payments service module this quarter. Nice to have, low priority.",Feature Development,LOW,19,2026-09-01
Configure autoscaling for React frontend,Need to migrate React frontend off legacy infrastructure this quarter.,DevOps/Infrastructure,MEDIUM,11,2026-08-24
Resolve data corruption in user service,"Stack trace shows a chat exception thrown from the React frontend handler. Someday/maybe, not time sensitive.",Bug Fix,LOW,24,2026-09-06
Build new notification service onboarding flow,Product wants export support added to the auth service module this quarter.,Feature Development,MEDIUM,3,2026-08-16
Write E2E tests for mobile checkout,"Coverage on notification service is below target; add tests before release. Nice to have, low priority.",Testing,LOW,46,2026-09-28
Configure autoscaling for auth service,Ops wants alerting configured for backend API before it handles more traffic.,DevOps/Infrastructure,MEDIUM,7,2026-08-20
Schedule sprint planning for reporting engine,"Book time with billing module team to discuss authentication plan. Critical: production is down, all hands on this now.",Meeting/Admin,URGENT,-2,2026-08-11
Add integration tests for upload flow,"Coverage on reporting engine is below target; add tests before release. Urgent request from the CEO, needs to ship today.",Testing,URGENT,-1,2026-08-12
Evaluate search libraries for billing module,Team needs a recommendation on session approach for auth service. Can be picked up next quarter.,Research,LOW,31,2026-09-13
Clean up unused chat in user service,notification service dependencies are several versions behind and need upgrading. Can be picked up next quarter.,Maintenance,LOW,35,2026-09-17
Increase test coverage on admin dashboard,"The checkout flow has no automated tests, causing repeat regressions. This is high priority for the upcoming release.",Testing,HIGH,4,2026-08-17
Fix exposed payment endpoint in payments service,"Security scan flagged a mobile vulnerability in user service. Nice to have, low priority.",Security,LOW,26,2026-09-08
Audit reporting engine for security issues,Compliance requires rotating payment used by checkout flow this month. Can be picked up next quarter.,Security,LOW,43,2026-09-25
Fix incorrect upload calculation in admin dashboard,Stack trace shows a chat exception thrown from the backend API handler. This is high priority for the upcoming release.,Bug Fix,HIGH,2,2026-08-15
Migrate reporting engine to new cluster,Need to migrate mobile app off legacy infrastructure this quarter.,DevOps/Infrastructure,MEDIUM,9,2026-08-22
Rotate session credentials for search service,"Pen test found an exposed chat in the checkout flow API. Needed before end of sprint, please prioritize.",Security,HIGH,2,2026-08-15
Add support for checkout in backend API,Product wants upload support added to the backend API module this quarter. Can be picked up next quarter.,Feature Development,LOW,14,2026-08-27
Design icon set for reporting engine,"Create a design spec for the new React frontend experience. Critical: production is down, all hands on this now.",Design,URGENT,-1,2026-08-12
Investigate checkout performance issue in admin dashboard,Unclear why backend API is slow under export; needs investigation. This is high priority for the upcoming release.,Research,HIGH,1,2026-08-14
Create wireframes for user profile flow,"Need updated mockups for auth service before dev starts. No rush, whenever you get a chance.",Design,LOW,44,2026-09-26
Write API docs for React frontend endpoints,"API consumers are confused about search service usage, needs docs. Can be picked up next quarter.",Documentation,LOW,31,2026-09-13
Fix race condition in reporting engine module,Stack trace shows a payment exception thrown from the React frontend handler.,Bug Fix,MEDIUM,9,2026-08-22
Fix crash when billing on user service,"QA found this reproducible on payments service under authentication load. No rush, whenever you get a chance.",Bug Fix,LOW,56,2026-10-08
Build new admin dashboard onboarding flow,"Customer requested payment functionality for admin dashboard. Urgent request from the CEO, needs to ship today.",Feature Development,URGENT,-1,2026-08-12
Write E2E tests for SSO checkout,"QA wants automated E2E coverage for mobile before launch. Someday/maybe, not time sensitive.",Testing,LOW,49,2026-10-01
Prepare slides for reporting engine review,"Need to align stakeholders on mobile app before next sprint. Urgent request from the CEO, needs to ship today.",Meeting/Admin,URGENT,1,2026-08-14
Prepare slides for auth service review,Prepare status update for analytics to share with leadership.,Meeting/Admin,MEDIUM,8,2026-08-21
Set up monitoring for checkout flow service,Need to migrate search service off legacy infrastructure this quarter. Can be picked up next quarter.,DevOps/Infrastructure,LOW,23,2026-09-05
Set up retro for user service team,Need to align stakeholders on admin dashboard before next sprint. Can be picked up next quarter.,Meeting/Admin,LOW,36,2026-09-18
Set up retro for billing module team,"Book time with backend API team to discuss search plan. Needed before end of sprint, please prioritize.",Meeting/Admin,HIGH,2,2026-08-15
Audit auth service for security issues,Compliance requires rotating search used by checkout flow this month. This is high priority for the upcoming release.,Security,HIGH,4,2026-08-17
Create session integration with React frontend,Product wants chat support added to the React frontend module this quarter.,Feature Development,MEDIUM,7,2026-08-20
Refactor legacy notification service code,Remove dead analytics code left over from the old mobile app implementation.,Maintenance,MEDIUM,8,2026-08-21
Provision new session environment,Ops wants alerting configured for user service before it handles more traffic. Important for the client demo next week.,DevOps/Infrastructure,HIGH,4,2026-08-17
Add export filtering to auth service dashboard,"Customer requested search functionality for reporting engine. Nice to have, low priority.",Feature Development,LOW,59,2026-10-11
Resolve login failure for billing users,Users report analytics fails intermittently after the latest deploy to admin dashboard. Important for the client demo next week.,Bug Fix,HIGH,3,2026-08-16
Add regression tests for React frontend,Coverage on backend API is below target; add tests before release. This is blocking the release and needs to be fixed ASAP.,Testing,URGENT,-1,2026-08-12
Write API docs for admin dashboard endpoints,"The checkout process isn't documented anywhere; write a guide. Someday/maybe, not time sensitive.",Documentation,LOW,14,2026-08-27
Audit user service for security issues,Pen test found an exposed payment in the admin dashboard API.,Security,MEDIUM,12,2026-08-25
Schedule sprint planning for search service,Need to align stakeholders on mobile app before next sprint.,Meeting/Admin,MEDIUM,7,2026-08-20
Set up retro for billing module team,Need to align stakeholders on reporting engine before next sprint.,Meeting/Admin,MEDIUM,8,2026-08-21
Schedule sprint planning for backend API,Prepare status update for SSO to share with leadership.,Meeting/Admin,MEDIUM,11,2026-08-24
Implement payment export for reporting engine,"Product wants billing support added to the user service module this quarter. Nice to have, low priority.",Feature Development,LOW,52,2026-10-04
Schedule sprint planning for admin dashboard,"Book time with reporting engine team to discuss SSO plan. Nice to have, low priority.",Meeting/Admin,LOW,53,2026-10-05
Research mobile options for auth service,"Team needs a recommendation on upload approach for auth service. Someday/maybe, not time sensitive.",Research,LOW,18,2026-08-31
Refactor legacy admin dashboard code,"Remove dead upload code left over from the old user service implementation. No rush, whenever you get a chance.",Maintenance,LOW,30,2026-09-12
Patch analytics vulnerability in billing module,Pen test found an exposed search in the search service API. This is high priority for the upcoming release.,Security,HIGH,1,2026-08-14
Redesign React frontend settings page,Create a design spec for the new React frontend experience. Important for the client demo next week.,Design,HIGH,2,2026-08-15
Resolve data corruption in reporting engine,"Stack trace shows a SSO exception thrown from the user service handler. Critical: production is down, all hands on this now.",Bug Fix,URGENT,-1,2026-08-12
Provision new OAuth token environment,"search service deploys are manual and error-prone; automate with CI/CD. No rush, whenever you get a chance.",DevOps/Infrastructure,LOW,20,2026-09-02
Update README for reporting engine service,"API consumers are confused about backend API usage, needs docs.",Documentation,MEDIUM,8,2026-08-21
Research analytics options for billing module,Explore whether reporting is viable for the auth service rewrite.,Research,MEDIUM,9,2026-08-22
Schedule sprint planning for user service,Book time with user service team to discuss analytics plan. This is blocking the release and needs to be fixed ASAP.,Meeting/Admin,URGENT,0,2026-08-13
Set up monitoring for billing module service,payments service deploys are manual and error-prone; automate with CI/CD. This is high priority for the upcoming release.,DevOps/Infrastructure,HIGH,1,2026-08-14
Rotate export credentials for notification service,Pen test found an exposed export in the billing module API.,Security,MEDIUM,7,2026-08-20
Schedule sprint planning for auth service,Need to align stakeholders on user service before next sprint. This is blocking the release and needs to be fixed ASAP.,Meeting/Admin,URGENT,-1,2026-08-12
Add integration tests for user profile flow,QA wants automated E2E coverage for analytics before launch. This is blocking the release and needs to be fixed ASAP.,Testing,URGENT,-2,2026-08-11
Add support for export in admin dashboard,Product wants user profile support added to the payments service module this quarter. This is high priority for the upcoming release.,Feature Development,HIGH,4,2026-08-17
Add integration tests for export flow,"The billing flow has no automated tests, causing repeat regressions. Customer-facing outage, top priority.",Testing,URGENT,-2,2026-08-11
Update README for billing module service,New engineers need clearer docs on how React frontend works.,Documentation,MEDIUM,4,2026-08-17
Rotate payment credentials for auth service,Pen test found an exposed OAuth token in the auth service API.,Security,MEDIUM,6,2026-08-19
Design icon set for user service,"Need updated mockups for mobile app before dev starts. No rush, whenever you get a chance.",Design,LOW,26,2026-09-08
Set up monitoring for checkout flow service,payments service deploys are manual and error-prone; automate with CI/CD.,DevOps/Infrastructure,MEDIUM,11,2026-08-24
Evaluate payment libraries for checkout flow,"Explore whether user profile is viable for the search service rewrite. Someday/maybe, not time sensitive.",Research,LOW,52,2026-10-04
Resolve data corruption in billing module,"Users report analytics fails intermittently after the latest deploy to payments service. No rush, whenever you get a chance.",Bug Fix,LOW,37,2026-09-19
Design icon set for search service,"Create a design spec for the new mobile app experience. Needed before end of sprint, please prioritize.",Design,HIGH,5,2026-08-18
Configure autoscaling for search service,"Ops wants alerting configured for user service before it handles more traffic. Nice to have, low priority.",DevOps/Infrastructure,LOW,44,2026-09-26
Set up CI/CD pipeline for search service,Need to migrate billing module off legacy infrastructure this quarter.,DevOps/Infrastructure,MEDIUM,4,2026-08-17
Redesign admin dashboard settings page,"Current upload UI feels dated, redesign requested by stakeholders. Important for the client demo next week.",Design,HIGH,2,2026-08-15
Rotate reporting credentials for admin dashboard,Security scan flagged a OAuth token vulnerability in mobile app.,Security,MEDIUM,9,2026-08-22
Redesign user service settings page,"Create a design spec for the new notification service experience. Nice to have, low priority.",Design,LOW,58,2026-10-10
Create wireframes for export flow,"Current analytics UI feels dated, redesign requested by stakeholders.",Design,MEDIUM,6,2026-08-19
Prepare slides for reporting engine review,Book time with admin dashboard team to discuss session plan.,Meeting/Admin,MEDIUM,6,2026-08-19
Audit auth service for security issues,Pen test found an exposed reporting in the notification service API.,Security,MEDIUM,14,2026-08-27
Design icon set for mobile app,Need updated mockups for checkout flow before dev starts. This is blocking the release and needs to be fixed ASAP.,Design,URGENT,1,2026-08-14
Update React frontend to latest framework version,"admin dashboard dependencies are several versions behind and need upgrading. Someday/maybe, not time sensitive.",Maintenance,LOW,49,2026-10-01
Audit checkout flow for security issues,"Pen test found an exposed payment in the admin dashboard API. Customer-facing outage, top priority.",Security,URGENT,1,2026-08-14
Patch billing vulnerability in user service,Pen test found an exposed reporting in the React frontend API. This is high priority for the upcoming release.,Security,HIGH,3,2026-08-16
Fix crash when OAuth token on React frontend,Regression introduced by last sprint's changes to billing module; needs a hotfix.,Bug Fix,MEDIUM,5,2026-08-18
Implement dark mode for user service,New requirement from sales: auth service needs mobile capability.,Feature Development,MEDIUM,3,2026-08-16
Build new reporting engine onboarding flow,Design has finalized mockups for the user profile feature in user service. This is high priority for the upcoming release.,Feature Development,HIGH,5,2026-08-18
Audit billing module for security issues,"Pen test found an exposed OAuth token in the notification service API. Needed before end of sprint, please prioritize.",Security,HIGH,5,2026-08-18
Migrate user service to new cluster,"checkout flow deploys are manual and error-prone; automate with CI/CD. Critical: production is down, all hands on this now.",DevOps/Infrastructure,URGENT,-2,2026-08-11
Audit search service for security issues,"Security scan flagged a checkout vulnerability in notification service. Nice to have, low priority.",Security,LOW,29,2026-09-11
Prepare slides for payments service review,"Need to align stakeholders on React frontend before next sprint. Urgent request from the CEO, needs to ship today.",Meeting/Admin,URGENT,1,2026-08-14
Fix exposed billing endpoint in notification service,Security scan flagged a checkout vulnerability in React frontend.,Security,MEDIUM,10,2026-08-23
Prepare slides for user service review,"Book time with user service team to discuss SSO plan. Urgent request from the CEO, needs to ship today.",Meeting/Admin,URGENT,-1,2026-08-12
Set up retro for billing module team,Prepare status update for reporting to share with leadership.,Meeting/Admin,MEDIUM,12,2026-08-25
Spike on upload feasibility for notification service,"Unclear why reporting engine is slow under search; needs investigation. Customer-facing outage, top priority.",Research,URGENT,-1,2026-08-12
Evaluate payment libraries for mobile app,Unclear why admin dashboard is slow under authentication; needs investigation. Important for the client demo next week.,Research,HIGH,2,2026-08-15
Spike on mobile feasibility for auth service,Explore whether payment is viable for the auth service rewrite.,Research,MEDIUM,10,2026-08-23
Resolve data corruption in mobile app,Regression introduced by last sprint's changes to backend API; needs a hotfix.,Bug Fix,MEDIUM,14,2026-08-27
Set up retro for user service team,Prepare status update for reporting to share with leadership. Important for the client demo next week.,Meeting/Admin,HIGH,4,2026-08-17
Update README for checkout flow service,"API consumers are confused about checkout flow usage, needs docs.",Documentation,MEDIUM,6,2026-08-19
Resolve data corruption in backend API,"Stack trace shows a checkout exception thrown from the reporting engine handler. No rush, whenever you get a chance.",Bug Fix,LOW,53,2026-10-05
Upgrade React frontend dependencies,Remove dead session code left over from the old admin dashboard implementation.,Maintenance,MEDIUM,7,2026-08-20
Create onboarding guide for payments service,New engineers need clearer docs on how admin dashboard works. This is high priority for the upcoming release.,Documentation,HIGH,2,2026-08-15
Add support for mobile in checkout flow,New requirement from sales: billing module needs user profile capability.,Feature Development,MEDIUM,9,2026-08-22
Update README for notification service service,"API consumers are confused about React frontend usage, needs docs. This is blocking the release and needs to be fixed ASAP.",Documentation,URGENT,0,2026-08-13
Write architecture doc for search service,"API consumers are confused about mobile app usage, needs docs. Nice to have, low priority.",Documentation,LOW,48,2026-09-30
Update README for backend API service,"The OAuth token process isn't documented anywhere; write a guide. No rush, whenever you get a chance.",Documentation,LOW,46,2026-09-28
Upgrade payments service dependencies,search service dependencies are several versions behind and need upgrading. This is high priority for the upcoming release.,Maintenance,HIGH,2,2026-08-15
Audit admin dashboard for security issues,Pen test found an exposed payment in the search service API. This is high priority for the upcoming release.,Security,HIGH,2,2026-08-15
Write architecture doc for backend API,"New engineers need clearer docs on how payments service works. Customer-facing outage, top priority.",Documentation,URGENT,1,2026-08-14
Spike on session feasibility for billing module,Unclear why billing module is slow under export; needs investigation.,Research,MEDIUM,12,2026-08-25
Fix exposed SSO endpoint in admin dashboard,Compliance requires rotating session used by user service this month. Important for the client demo next week.,Security,HIGH,2,2026-08-15
Fix incorrect checkout calculation in checkout flow,"Regression introduced by last sprint's changes to admin dashboard; needs a hotfix. Customer-facing outage, top priority.",Bug Fix,URGENT,1,2026-08-14
Investigate reporting performance issue in backend API,"Unclear why notification service is slow under billing; needs investigation. Nice to have, low priority.",Research,LOW,41,2026-09-23
Create onboarding guide for checkout flow,"API consumers are confused about auth service usage, needs docs. Someday/maybe, not time sensitive.",Documentation,LOW,29,2026-09-11
Write API docs for notification service endpoints,The user profile process isn't documented anywhere; write a guide.,Documentation,MEDIUM,14,2026-08-27
Coordinate session kickoff meeting,"Prepare status update for search to share with leadership. Nice to have, low priority.",Meeting/Admin,LOW,23,2026-09-05
Build new backend API onboarding flow,"Design has finalized mockups for the billing feature in user service. Someday/maybe, not time sensitive.",Feature Development,LOW,18,2026-08-31
Audit billing module for security issues,"Compliance requires rotating billing used by backend API this month. Someday/maybe, not time sensitive.",Security,LOW,18,2026-08-31
Configure autoscaling for admin dashboard,"Ops wants alerting configured for backend API before it handles more traffic. Nice to have, low priority.",DevOps/Infrastructure,LOW,59,2026-10-11
Clean up unused mobile in backend API,Remove dead payment code left over from the old auth service implementation.,Maintenance,MEDIUM,3,2026-08-16
Set up retro for checkout flow team,Prepare status update for reporting to share with leadership. Important for the client demo next week.,Meeting/Admin,HIGH,1,2026-08-14
Upgrade search service dependencies,"Tech debt in billing module is slowing down feature work, needs refactor. This is a P0 blocker for the launch tomorrow.",Maintenance,URGENT,-2,2026-08-11
Create onboarding guide for auth service,"API consumers are confused about reporting engine usage, needs docs. Can be picked up next quarter.",Documentation,LOW,23,2026-09-05
Update README for checkout flow service,The user profile process isn't documented anywhere; write a guide. This is high priority for the upcoming release.,Documentation,HIGH,3,2026-08-16
Patch memory leak in user service service,Stack trace shows a authentication exception thrown from the payments service handler.,Bug Fix,MEDIUM,12,2026-08-25
Create wireframes for mobile flow,Need updated mockups for backend API before dev starts. Important for the client demo next week.,Design,HIGH,1,2026-08-14
Write E2E tests for session checkout,"QA wants automated E2E coverage for billing before launch. Customer-facing outage, top priority.",Testing,URGENT,0,2026-08-13
Audit search service for security issues,Pen test found an exposed upload in the billing module API.,Security,MEDIUM,14,2026-08-27
Configure autoscaling for payments service,Ops wants alerting configured for reporting engine before it handles more traffic.,DevOps/Infrastructure,MEDIUM,13,2026-08-26
Create wireframes for payment flow,"Current billing UI feels dated, redesign requested by stakeholders. Needed before end of sprint, please prioritize.",Design,HIGH,3,2026-08-16
Set up retro for checkout flow team,"Prepare status update for SSO to share with leadership. Critical: production is down, all hands on this now.",Meeting/Admin,URGENT,-1,2026-08-12
Add integration tests for billing flow,Coverage on billing module is below target; add tests before release.,Testing,MEDIUM,9,2026-08-22
Spike on upload feasibility for mobile app,Unclear why notification service is slow under checkout; needs investigation. Important for the client demo next week.,Research,HIGH,1,2026-08-14
Set up CI/CD pipeline for user service,Need to migrate user service off legacy infrastructure this quarter.,DevOps/Infrastructure,MEDIUM,3,2026-08-16
Configure autoscaling for admin dashboard,"search service deploys are manual and error-prone; automate with CI/CD. Someday/maybe, not time sensitive.",DevOps/Infrastructure,LOW,51,2026-10-03
Write E2E tests for authentication checkout,"The payment flow has no automated tests, causing repeat regressions. Can be picked up next quarter.",Testing,LOW,24,2026-09-06
Audit user service for security issues,Security scan flagged a checkout vulnerability in React frontend. This is blocking the release and needs to be fixed ASAP.,Security,URGENT,-1,2026-08-12
Update React frontend to latest framework version,"Remove dead export code left over from the old payments service implementation. No rush, whenever you get a chance.",Maintenance,LOW,44,2026-09-26
Write API docs for admin dashboard endpoints,The export process isn't documented anywhere; write a guide. Can be picked up next quarter.,Documentation,LOW,56,2026-10-08
Patch mobile vulnerability in payments service,Pen test found an exposed reporting in the React frontend API. This is a P0 blocker for the launch tomorrow.,Security,URGENT,-2,2026-08-11
Fix crash when OAuth token on notification service,"Stack trace shows a session exception thrown from the user service handler. Someday/maybe, not time sensitive.",Bug Fix,LOW,20,2026-09-02
Redesign billing module settings page,Need updated mockups for checkout flow before dev starts. This is high priority for the upcoming release.,Design,HIGH,4,2026-08-17
Audit auth service for security issues,Compliance requires rotating chat used by React frontend this month.,Security,MEDIUM,6,2026-08-19
Design UI mockups for mobile app,Create a design spec for the new reporting engine experience.,Design,MEDIUM,10,2026-08-23
Provision new user profile environment,Ops wants alerting configured for user service before it handles more traffic.,DevOps/Infrastructure,MEDIUM,6,2026-08-19
Redesign notification service settings page,"Current search UI feels dated, redesign requested by stakeholders. This is high priority for the upcoming release.",Design,HIGH,1,2026-08-14
Patch search vulnerability in React frontend,Pen test found an exposed search in the payments service API. Can be picked up next quarter.,Security,LOW,35,2026-09-17
Provision new payment environment,"Need to migrate user service off legacy infrastructure this quarter. Needed before end of sprint, please prioritize.",DevOps/Infrastructure,HIGH,5,2026-08-18
Audit reporting engine for security issues,Security scan flagged a session vulnerability in search service.,Security,MEDIUM,8,2026-08-21
Create onboarding guide for mobile app,New engineers need clearer docs on how backend API works. Can be picked up next quarter.,Documentation,LOW,38,2026-09-20
Create onboarding guide for auth service,"The SSO process isn't documented anywhere; write a guide. Someday/maybe, not time sensitive.",Documentation,LOW,22,2026-09-04
Set up monitoring for mobile app service,Ops wants alerting configured for reporting engine before it handles more traffic. This is high priority for the upcoming release.,DevOps/Infrastructure,HIGH,3,2026-08-16
Research billing options for mobile app,"Team needs a recommendation on mobile approach for payments service. Needed before end of sprint, please prioritize.",Research,HIGH,4,2026-08-17
Create wireframes for analytics flow,"Current mobile UI feels dated, redesign requested by stakeholders.",Design,MEDIUM,14,2026-08-27
Provision new reporting environment,"search service deploys are manual and error-prone; automate with CI/CD. Nice to have, low priority.",DevOps/Infrastructure,LOW,27,2026-09-09
Document export setup process,"API consumers are confused about billing module usage, needs docs. Important for the client demo next week.",Documentation,HIGH,5,2026-08-18
Rotate authentication credentials for reporting engine,Security scan flagged a billing vulnerability in reporting engine.,Security,MEDIUM,7,2026-08-20
Update admin dashboard to latest framework version,"Tech debt in user service is slowing down feature work, needs refactor.",Maintenance,MEDIUM,4,2026-08-17
Set up retro for search service team,"Book time with notification service team to discuss upload plan. Nice to have, low priority.",Meeting/Admin,LOW,42,2026-09-24
Redesign auth service settings page,Need updated mockups for notification service before dev starts.,Design,MEDIUM,12,2026-08-25
Design icon set for backend API,Create a design spec for the new backend API experience. Important for the client demo next week.,Design,HIGH,2,2026-08-15
Research authentication options for backend API,Team needs a recommendation on SSO approach for admin dashboard.,Research,MEDIUM,11,2026-08-24
Research chat options for reporting engine,"Explore whether SSO is viable for the admin dashboard rewrite. No rush, whenever you get a chance.",Research,LOW,45,2026-09-27
Rotate chat credentials for auth service,"Compliance requires rotating user profile used by React frontend this month. Someday/maybe, not time sensitive.",Security,LOW,49,2026-10-01
Migrate auth service to new cluster,auth service deploys are manual and error-prone; automate with CI/CD.,DevOps/Infrastructure,MEDIUM,8,2026-08-21
Write E2E tests for mobile checkout,"Coverage on reporting engine is below target; add tests before release. Nice to have, low priority.",Testing,LOW,56,2026-10-08
Redesign payments service settings page,"Current payment UI feels dated, redesign requested by stakeholders. This is high priority for the upcoming release.",Design,HIGH,3,2026-08-16
Design UI mockups for payments service,"Need updated mockups for backend API before dev starts. No rush, whenever you get a chance.",Design,LOW,31,2026-09-13
Write API docs for search service endpoints,"The checkout process isn't documented anywhere; write a guide. Someday/maybe, not time sensitive.",Documentation,LOW,46,2026-09-28
Create export integration with checkout flow,Design has finalized mockups for the SSO feature in React frontend.,Feature Development,MEDIUM,4,2026-08-17
Migrate notification service to new cluster,Ops wants alerting configured for reporting engine before it handles more traffic. This is a P0 blocker for the launch tomorrow.,DevOps/Infrastructure,URGENT,-2,2026-08-11
Add search filtering to mobile app dashboard,New requirement from sales: reporting engine needs chat capability.,Feature Development,MEDIUM,10,2026-08-23
Set up CI/CD pipeline for user service,"Need to migrate billing module off legacy infrastructure this quarter. Someday/maybe, not time sensitive.",DevOps/Infrastructure,LOW,27,2026-09-09
Update README for auth service service,"The SSO process isn't documented anywhere; write a guide. No rush, whenever you get a chance.",Documentation,LOW,28,2026-09-10
Set up retro for mobile app team,"Book time with notification service team to discuss reporting plan. No rush, whenever you get a chance.",Meeting/Admin,LOW,42,2026-09-24
Write unit tests for mobile app module,Coverage on mobile app is below target; add tests before release.,Testing,MEDIUM,9,2026-08-22
Fix broken OAuth token button on search service page,Users report search fails intermittently after the latest deploy to React frontend.,Bug Fix,MEDIUM,11,2026-08-24
Add support for search in search service,Customer requested chat functionality for billing module. Can be picked up next quarter.,Feature Development,LOW,21,2026-09-03
Patch SSO vulnerability in auth service,Pen test found an exposed payment in the admin dashboard API.,Security,MEDIUM,9,2026-08-22
Design UI mockups for React frontend,"Need updated mockups for auth service before dev starts. Nice to have, low priority.",Design,LOW,58,2026-10-10
Design icon set for admin dashboard,"Current OAuth token UI feels dated, redesign requested by stakeholders. Can be picked up next quarter.",Design,LOW,18,2026-08-31
Coordinate analytics kickoff meeting,Prepare status update for mobile to share with leadership. Can be picked up next quarter.,Meeting/Admin,LOW,25,2026-09-07
Add session filtering to billing module dashboard,"Product wants reporting support added to the React frontend module this quarter. Urgent request from the CEO, needs to ship today.",Feature Development,URGENT,0,2026-08-13
Set up CI/CD pipeline for checkout flow,React frontend deploys are manual and error-prone; automate with CI/CD. Important for the client demo next week.,DevOps/Infrastructure,HIGH,3,2026-08-16
Upgrade reporting engine dependencies,Remove dead session code left over from the old checkout flow implementation. Can be picked up next quarter.,Maintenance,LOW,49,2026-10-01
Design UI mockups for user service,"Need updated mockups for user service before dev starts. Urgent request from the CEO, needs to ship today.",Design,URGENT,0,2026-08-13
Patch memory leak in React frontend service,"Users report checkout fails intermittently after the latest deploy to search service. Urgent request from the CEO, needs to ship today.",Bug Fix,URGENT,1,2026-08-14
Upgrade payments service dependencies,"Remove dead chat code left over from the old notification service implementation. Critical: production is down, all hands on this now.",Maintenance,URGENT,-1,2026-08-12
Patch export vulnerability in backend API,"Pen test found an exposed payment in the reporting engine API. Nice to have, low priority.",Security,LOW,57,2026-10-09
Refactor legacy backend API code,Remove dead chat code left over from the old admin dashboard implementation.,Maintenance,MEDIUM,14,2026-08-27
Write E2E tests for chat checkout,Coverage on notification service is below target; add tests before release.,Testing,MEDIUM,9,2026-08-22
Add regression tests for mobile app,Coverage on checkout flow is below target; add tests before release.,Testing,MEDIUM,12,2026-08-25
Redesign checkout flow settings page,"Need updated mockups for user service before dev starts. Needed before end of sprint, please prioritize.",Design,HIGH,4,2026-08-17
Resolve login failure for authentication users,Stack trace shows a analytics exception thrown from the admin dashboard handler.,Bug Fix,MEDIUM,12,2026-08-25
Write architecture doc for auth service,"New engineers need clearer docs on how reporting engine works. Critical: production is down, all hands on this now.",Documentation,URGENT,-2,2026-08-11
Implement dark mode for payments service,New requirement from sales: React frontend needs user profile capability.,Feature Development,MEDIUM,13,2026-08-26
Write unit tests for reporting engine module,Coverage on React frontend is below target; add tests before release. Important for the client demo next week.,Testing,HIGH,2,2026-08-15
Write API docs for mobile app endpoints,The authentication process isn't documented anywhere; write a guide.,Documentation,MEDIUM,13,2026-08-26
Design icon set for notification service,Create a design spec for the new notification service experience.,Design,MEDIUM,6,2026-08-19
Write E2E tests for billing checkout,"The mobile flow has no automated tests, causing repeat regressions. Customer-facing outage, top priority.",Testing,URGENT,-1,2026-08-12
Fix crash when analytics on search service,"Regression introduced by last sprint's changes to user service; needs a hotfix. Urgent request from the CEO, needs to ship today.",Bug Fix,URGENT,-1,2026-08-12
Redesign user service settings page,"Need updated mockups for billing module before dev starts. Customer-facing outage, top priority.",Design,URGENT,0,2026-08-13
Create wireframes for billing flow,"Create a design spec for the new admin dashboard experience. Someday/maybe, not time sensitive.",Design,LOW,31,2026-09-13
Create onboarding guide for search service,New engineers need clearer docs on how notification service works.,Documentation,MEDIUM,9,2026-08-22
Add regression tests for auth service,Coverage on admin dashboard is below target; add tests before release. Can be picked up next quarter.,Testing,LOW,58,2026-10-10
Build new auth service onboarding flow,Design has finalized mockups for the analytics feature in user service. This is a P0 blocker for the launch tomorrow.,Feature Development,URGENT,-2,2026-08-11
Increase test coverage on notification service,"QA wants automated E2E coverage for session before launch. Nice to have, low priority.",Testing,LOW,54,2026-10-06
Schedule sprint planning for backend API,"Prepare status update for SSO to share with leadership. Someday/maybe, not time sensitive.",Meeting/Admin,LOW,50,2026-10-02
Set up CI/CD pipeline for notification service,reporting engine deploys are manual and error-prone; automate with CI/CD. Important for the client demo next week.,DevOps/Infrastructure,HIGH,3,2026-08-16
Create wireframes for export flow,Create a design spec for the new checkout flow experience.,Design,MEDIUM,8,2026-08-21
Create billing integration with checkout flow,New requirement from sales: notification service needs session capability. Important for the client demo next week.,Feature Development,HIGH,3,2026-08-16
Prepare slides for mobile app review,"Prepare status update for payment to share with leadership. No rush, whenever you get a chance.",Meeting/Admin,LOW,58,2026-10-10
Implement upload export for payments service,New requirement from sales: backend API needs authentication capability. Important for the client demo next week.,Feature Development,HIGH,5,2026-08-18
Implement export export for billing module,Customer requested analytics functionality for payments service. This is high priority for the upcoming release.,Feature Development,HIGH,2,2026-08-15
Set up CI/CD pipeline for admin dashboard,checkout flow deploys are manual and error-prone; automate with CI/CD.,DevOps/Infrastructure,MEDIUM,7,2026-08-20
Fix exposed session endpoint in notification service,Security scan flagged a reporting vulnerability in notification service.,Security,MEDIUM,4,2026-08-17
Create wireframes for mobile flow,"Create a design spec for the new billing module experience. Needed before end of sprint, please prioritize.",Design,HIGH,1,2026-08-14
Prepare slides for user service review,Prepare status update for checkout to share with leadership.,Meeting/Admin,MEDIUM,6,2026-08-19
Audit user service for security issues,"Compliance requires rotating reporting used by mobile app this month. Nice to have, low priority.",Security,LOW,15,2026-08-28
Implement dark mode for backend API,"Design has finalized mockups for the payment feature in payments service. Nice to have, low priority.",Feature Development,LOW,16,2026-08-29
Update README for notification service service,New engineers need clearer docs on how admin dashboard works.,Documentation,MEDIUM,13,2026-08-26
Prepare slides for payments service review,"Need to align stakeholders on reporting engine before next sprint. Nice to have, low priority.",Meeting/Admin,LOW,37,2026-09-19
Design icon set for reporting engine,Need updated mockups for payments service before dev starts.,Design,MEDIUM,3,2026-08-16
Document mobile setup process,"New engineers need clearer docs on how user service works. Critical: production is down, all hands on this now.",Documentation,URGENT,-1,2026-08-12
Add authentication filtering to React frontend dashboard,Customer requested payment functionality for reporting engine. Can be picked up next quarter.,Feature Development,LOW,59,2026-10-11
Clean up unused session in search service,checkout flow dependencies are several versions behind and need upgrading.,Maintenance,MEDIUM,12,2026-08-25
Write E2E tests for authentication checkout,QA wants automated E2E coverage for OAuth token before launch. Important for the client demo next week.,Testing,HIGH,5,2026-08-18
Write unit tests for user service module,"The authentication flow has no automated tests, causing repeat regressions.",Testing,MEDIUM,4,2026-08-17
Patch SSO vulnerability in reporting engine,"Security scan flagged a session vulnerability in backend API. Needed before end of sprint, please prioritize.",Security,HIGH,5,2026-08-18
Add support for billing in user service,New requirement from sales: billing module needs mobile capability. This is high priority for the upcoming release.,Feature Development,HIGH,2,2026-08-15
Write unit tests for checkout flow module,"QA wants automated E2E coverage for session before launch. Needed before end of sprint, please prioritize.",Testing,HIGH,1,2026-08-14
Provision new chat environment,Need to migrate mobile app off legacy infrastructure this quarter.,DevOps/Infrastructure,MEDIUM,5,2026-08-18
Resolve data corruption in notification service,Stack trace shows a SSO exception thrown from the notification service handler.,Bug Fix,MEDIUM,4,2026-08-17
Refactor legacy search service code,reporting engine dependencies are several versions behind and need upgrading.,Maintenance,MEDIUM,4,2026-08-17
Set up monitoring for auth service service,Need to migrate mobile app off legacy infrastructure this quarter. This is blocking the release and needs to be fixed ASAP.,DevOps/Infrastructure,URGENT,-2,2026-08-11
Fix crash when checkout on mobile app,"Stack trace shows a SSO exception thrown from the reporting engine handler. No rush, whenever you get a chance.",Bug Fix,LOW,19,2026-09-01
Write E2E tests for SSO checkout,"The SSO flow has no automated tests, causing repeat regressions.",Testing,MEDIUM,3,2026-08-16
Patch analytics vulnerability in payments service,Pen test found an exposed reporting in the user service API.,Security,MEDIUM,11,2026-08-24
Redesign payments service settings page,Need updated mockups for payments service before dev starts.,Design,MEDIUM,12,2026-08-25
Update search service to latest framework version,Remove dead session code left over from the old React frontend implementation. Important for the client demo next week.,Maintenance,HIGH,5,2026-08-18
Patch reporting vulnerability in user service,Pen test found an exposed mobile in the billing module API.,Security,MEDIUM,3,2026-08-16
Fix crash when mobile on auth service,Regression introduced by last sprint's changes to notification service; needs a hotfix.,Bug Fix,MEDIUM,13,2026-08-26
Set up CI/CD pipeline for reporting engine,Ops wants alerting configured for billing module before it handles more traffic. Important for the client demo next week.,DevOps/Infrastructure,HIGH,5,2026-08-18
Add authentication filtering to payments service dashboard,Design has finalized mockups for the chat feature in notification service. Can be picked up next quarter.,Feature Development,LOW,56,2026-10-08
Fix broken user profile button on payments service page,QA found this reproducible on backend API under analytics load.,Bug Fix,MEDIUM,3,2026-08-16
Schedule sprint planning for notification service,"Need to align stakeholders on checkout flow before next sprint. Someday/maybe, not time sensitive.",Meeting/Admin,LOW,53,2026-10-05
Set up CI/CD pipeline for checkout flow,Ops wants alerting configured for billing module before it handles more traffic. This is high priority for the upcoming release.,DevOps/Infrastructure,HIGH,1,2026-08-14
Design UI mockups for React frontend,"Current user profile UI feels dated, redesign requested by stakeholders. Needed before end of sprint, please prioritize.",Design,HIGH,5,2026-08-18
Address null pointer exception in reporting engine,Regression introduced by last sprint's changes to auth service; needs a hotfix. Important for the client demo next week.,Bug Fix,HIGH,4,2026-08-17
Add regression tests for user service,QA wants automated E2E coverage for SSO before launch.,Testing,MEDIUM,4,2026-08-17
Investigate payment performance issue in payments service,Explore whether checkout is viable for the payments service rewrite.,Research,MEDIUM,12,2026-08-25
Create wireframes for chat flow,"Create a design spec for the new auth service experience. Someday/maybe, not time sensitive.",Design,LOW,33,2026-09-15
Write API docs for user service endpoints,"API consumers are confused about mobile app usage, needs docs. Someday/maybe, not time sensitive.",Documentation,LOW,27,2026-09-09
Build new admin dashboard onboarding flow,Product wants billing support added to the backend API module this quarter. Can be picked up next quarter.,Feature Development,LOW,54,2026-10-06
Evaluate reporting libraries for mobile app,Unclear why backend API is slow under OAuth token; needs investigation. This is high priority for the upcoming release.,Research,HIGH,3,2026-08-16
Provision new export environment,Need to migrate reporting engine off legacy infrastructure this quarter. This is blocking the release and needs to be fixed ASAP.,DevOps/Infrastructure,URGENT,1,2026-08-14
Investigate authentication performance issue in admin dashboard,"Unclear why checkout flow is slow under chat; needs investigation. No rush, whenever you get a chance.",Research,LOW,28,2026-09-10
Build new billing module onboarding flow,New requirement from sales: admin dashboard needs OAuth token capability. This is high priority for the upcoming release.,Feature Development,HIGH,4,2026-08-17
Patch export vulnerability in reporting engine,Pen test found an exposed mobile in the admin dashboard API.,Security,MEDIUM,3,2026-08-16
Create wireframes for payment flow,"Need updated mockups for mobile app before dev starts. Needed before end of sprint, please prioritize.",Design,HIGH,3,2026-08-16
Audit reporting engine for security issues,Security scan flagged a authentication vulnerability in reporting engine. This is high priority for the upcoming release.,Security,HIGH,1,2026-08-14
Implement analytics export for checkout flow,"Customer requested chat functionality for search service. No rush, whenever you get a chance.",Feature Development,LOW,48,2026-09-30
Fix incorrect payment calculation in checkout flow,Users report export fails intermittently after the latest deploy to auth service. This is high priority for the upcoming release.,Bug Fix,HIGH,2,2026-08-15
Investigate payment performance issue in backend API,"Unclear why backend API is slow under OAuth token; needs investigation. No rush, whenever you get a chance.",Research,LOW,53,2026-10-05
Update mobile app to latest framework version,"Tech debt in search service is slowing down feature work, needs refactor. Someday/maybe, not time sensitive.",Maintenance,LOW,49,2026-10-01
Upgrade payments service dependencies,"backend API dependencies are several versions behind and need upgrading. No rush, whenever you get a chance.",Maintenance,LOW,51,2026-10-03
Build new user service onboarding flow,"Product wants chat support added to the payments service module this quarter. No rush, whenever you get a chance.",Feature Development,LOW,29,2026-09-11
Investigate billing performance issue in auth service,"Explore whether billing is viable for the admin dashboard rewrite. No rush, whenever you get a chance.",Research,LOW,60,2026-10-12
Research session options for checkout flow,Explore whether payment is viable for the user service rewrite.,Research,MEDIUM,8,2026-08-21
Write API docs for admin dashboard endpoints,"API consumers are confused about React frontend usage, needs docs. Can be picked up next quarter.",Documentation,LOW,20,2026-09-02
Clean up unused payment in notification service,"Tech debt in search service is slowing down feature work, needs refactor. This is high priority for the upcoming release.",Maintenance,HIGH,5,2026-08-18
Create onboarding guide for payments service,"API consumers are confused about notification service usage, needs docs.",Documentation,MEDIUM,11,2026-08-24
Write API docs for search service endpoints,The reporting process isn't documented anywhere; write a guide.,Documentation,MEDIUM,4,2026-08-17
Design UI mockups for reporting engine,Create a design spec for the new payments service experience.,Design,MEDIUM,9,2026-08-22
Fix broken export button on backend API page,"Regression introduced by last sprint's changes to search service; needs a hotfix. Someday/maybe, not time sensitive.",Bug Fix,LOW,41,2026-09-23
Resolve login failure for checkout users,"Stack trace shows a authentication exception thrown from the backend API handler. Nice to have, low priority.",Bug Fix,LOW,17,2026-08-30
Refactor legacy user service code,"Tech debt in checkout flow is slowing down feature work, needs refactor. This is blocking the release and needs to be fixed ASAP.",Maintenance,URGENT,1,2026-08-14
Create onboarding guide for mobile app,"API consumers are confused about React frontend usage, needs docs. Nice to have, low priority.",Documentation,LOW,30,2026-09-12
Configure autoscaling for user service,Ops wants alerting configured for payments service before it handles more traffic.,DevOps/Infrastructure,MEDIUM,4,2026-08-17
Set up retro for billing module team,Book time with payments service team to discuss session plan.,Meeting/Admin,MEDIUM,11,2026-08-24
Redesign backend API settings page,"Need updated mockups for admin dashboard before dev starts. No rush, whenever you get a chance.",Design,LOW,47,2026-09-29
Prepare slides for admin dashboard review,"Need to align stakeholders on auth service before next sprint. Nice to have, low priority.",Meeting/Admin,LOW,40,2026-09-22
Fix incorrect payment calculation in auth service,Regression introduced by last sprint's changes to reporting engine; needs a hotfix. This is high priority for the upcoming release.,Bug Fix,HIGH,3,2026-08-16
Schedule sprint planning for backend API,Book time with checkout flow team to discuss reporting plan.,Meeting/Admin,MEDIUM,4,2026-08-17
Redesign payments service settings page,"Need updated mockups for search service before dev starts. Nice to have, low priority.",Design,LOW,39,2026-09-21
Fix exposed SSO endpoint in checkout flow,Compliance requires rotating SSO used by user service this month. Can be picked up next quarter.,Security,LOW,49,2026-10-01
Fix exposed checkout endpoint in billing module,"Pen test found an exposed search in the billing module API. Someday/maybe, not time sensitive.",Security,LOW,54,2026-10-06
Rotate search credentials for mobile app,Compliance requires rotating checkout used by admin dashboard this month. This is a P0 blocker for the launch tomorrow.,Security,URGENT,0,2026-08-13
Rotate search credentials for notification service,Security scan flagged a search vulnerability in notification service. This is high priority for the upcoming release.,Security,HIGH,4,2026-08-17
Research authentication options for checkout flow,Explore whether mobile is viable for the billing module rewrite.,Research,MEDIUM,9,2026-08-22
Create SSO integration with user service,Product wants export support added to the search service module this quarter. This is high priority for the upcoming release.,Feature Development,HIGH,3,2026-08-16
Refactor legacy checkout flow code,auth service dependencies are several versions behind and need upgrading.,Maintenance,MEDIUM,8,2026-08-21
Add regression tests for auth service,QA wants automated E2E coverage for SSO before launch. Can be picked up next quarter.,Testing,LOW,14,2026-08-27
Set up monitoring for auth service service,reporting engine deploys are manual and error-prone; automate with CI/CD.,DevOps/Infrastructure,MEDIUM,9,2026-08-22
Set up CI/CD pipeline for payments service,Need to migrate mobile app off legacy infrastructure this quarter.,DevOps/Infrastructure,MEDIUM,5,2026-08-18
Investigate checkout performance issue in billing module,"Unclear why user service is slow under upload; needs investigation. Needed before end of sprint, please prioritize.",Research,HIGH,1,2026-08-14
Write unit tests for search service module,"The checkout flow has no automated tests, causing repeat regressions. Nice to have, low priority.",Testing,LOW,26,2026-09-08
Clean up unused upload in mobile app,"notification service dependencies are several versions behind and need upgrading. Someday/maybe, not time sensitive.",Maintenance,LOW,48,2026-09-30
Update README for admin dashboard service,"API consumers are confused about auth service usage, needs docs. No rush, whenever you get a chance.",Documentation,LOW,24,2026-09-06
Prepare slides for backend API review,Book time with billing module team to discuss OAuth token plan.,Meeting/Admin,MEDIUM,9,2026-08-22
Research mobile options for React frontend,"Unclear why notification service is slow under chat; needs investigation. Critical: production is down, all hands on this now.",Research,URGENT,0,2026-08-13
Fix crash when checkout on user service,Users report upload fails intermittently after the latest deploy to auth service. Important for the client demo next week.,Bug Fix,HIGH,5,2026-08-18
Implement dark mode for backend API,"Customer requested authentication functionality for payments service. Nice to have, low priority.",Feature Development,LOW,51,2026-10-03
Set up retro for payments service team,Need to align stakeholders on mobile app before next sprint. Important for the client demo next week.,Meeting/Admin,HIGH,3,2026-08-16
Fix race condition in search service module,"Regression introduced by last sprint's changes to payments service; needs a hotfix. Customer-facing outage, top priority.",Bug Fix,URGENT,-1,2026-08-12
Spike on export feasibility for payments service,Explore whether search is viable for the mobile app rewrite. This is blocking the release and needs to be fixed ASAP.,Research,URGENT,1,2026-08-14
Set up retro for backend API team,"Need to align stakeholders on reporting engine before next sprint. No rush, whenever you get a chance.",Meeting/Admin,LOW,30,2026-09-12
Resolve data corruption in billing module,Regression introduced by last sprint's changes to notification service; needs a hotfix. Important for the client demo next week.,Bug Fix,HIGH,2,2026-08-15
Add session filtering to mobile app dashboard,Design has finalized mockups for the analytics feature in payments service. Important for the client demo next week.,Feature Development,HIGH,1,2026-08-14
Schedule sprint planning for backend API,Need to align stakeholders on payments service before next sprint.,Meeting/Admin,MEDIUM,4,2026-08-17
Rotate mobile credentials for user service,"Security scan flagged a payment vulnerability in user service. Needed before end of sprint, please prioritize.",Security,HIGH,3,2026-08-16
Create onboarding guide for billing module,"API consumers are confused about user service usage, needs docs. This is high priority for the upcoming release.",Documentation,HIGH,4,2026-08-17
Implement dark mode for admin dashboard,"Design has finalized mockups for the user profile feature in checkout flow. Critical: production is down, all hands on this now.",Feature Development,URGENT,0,2026-08-13
Patch memory leak in user service service,"Regression introduced by last sprint's changes to backend API; needs a hotfix. No rush, whenever you get a chance.",Bug Fix,LOW,41,2026-09-23
Redesign notification service settings page,"Current payment UI feels dated, redesign requested by stakeholders. This is high priority for the upcoming release.",Design,HIGH,4,2026-08-17
Schedule sprint planning for payments service,Prepare status update for analytics to share with leadership.,Meeting/Admin,MEDIUM,5,2026-08-18
Write API docs for payments service endpoints,"API consumers are confused about search service usage, needs docs. Nice to have, low priority.",Documentation,LOW,20,2026-09-02
Increase test coverage on user service,Coverage on billing module is below target; add tests before release. Important for the client demo next week.,Testing,HIGH,5,2026-08-18
Prepare slides for user service review,Need to align stakeholders on billing module before next sprint. This is high priority for the upcoming release.,Meeting/Admin,HIGH,5,2026-08-18
Write architecture doc for mobile app,The mobile process isn't documented anywhere; write a guide. Important for the client demo next week.,Documentation,HIGH,1,2026-08-14
Set up retro for auth service team,"Need to align stakeholders on search service before next sprint. Someday/maybe, not time sensitive.",Meeting/Admin,LOW,45,2026-09-27
Write E2E tests for chat checkout,Coverage on backend API is below target; add tests before release.,Testing,MEDIUM,5,2026-08-18
Implement dark mode for payments service,"New requirement from sales: auth service needs payment capability. Needed before end of sprint, please prioritize.",Feature Development,HIGH,2,2026-08-15
Create export integration with auth service,Design has finalized mockups for the mobile feature in mobile app.,Feature Development,MEDIUM,10,2026-08-23
Implement dark mode for user service,New requirement from sales: React frontend needs analytics capability.,Feature Development,MEDIUM,5,2026-08-18
Add support for search in mobile app,Customer requested billing functionality for checkout flow. Can be picked up next quarter.,Feature Development,LOW,29,2026-09-11
Investigate SSO performance issue in billing module,"Team needs a recommendation on search approach for payments service. No rush, whenever you get a chance.",Research,LOW,35,2026-09-17
Fix incorrect export calculation in billing module,QA found this reproducible on checkout flow under analytics load. Can be picked up next quarter.,Bug Fix,LOW,46,2026-09-28
Create wireframes for user profile flow,"Current OAuth token UI feels dated, redesign requested by stakeholders.",Design,MEDIUM,11,2026-08-24
Implement dark mode for admin dashboard,Design has finalized mockups for the billing feature in auth service.,Feature Development,MEDIUM,10,2026-08-23
Fix race condition in mobile app module,Stack trace shows a payment exception thrown from the billing module handler.,Bug Fix,MEDIUM,9,2026-08-22
Prepare slides for auth service review,Need to align stakeholders on checkout flow before next sprint.,Meeting/Admin,MEDIUM,9,2026-08-22
Add support for checkout in reporting engine,Customer requested billing functionality for checkout flow.,Feature Development,MEDIUM,9,2026-08-22
Refactor legacy checkout flow code,Remove dead session code left over from the old user service implementation.,Maintenance,MEDIUM,14,2026-08-27
Update README for billing module service,"API consumers are confused about search service usage, needs docs. No rush, whenever you get a chance.",Documentation,LOW,55,2026-10-07
Clean up unused export in billing module,"auth service dependencies are several versions behind and need upgrading. Needed before end of sprint, please prioritize.",Maintenance,HIGH,2,2026-08-15
Set up CI/CD pipeline for admin dashboard,"mobile app deploys are manual and error-prone; automate with CI/CD. Someday/maybe, not time sensitive.",DevOps/Infrastructure,LOW,38,2026-09-20
Audit search service for security issues,Compliance requires rotating mobile used by backend API this month.,Security,MEDIUM,5,2026-08-18
Create wireframes for SSO flow,"Current OAuth token UI feels dated, redesign requested by stakeholders. This is high priority for the upcoming release.",Design,HIGH,5,2026-08-18
Spike on upload feasibility for user service,Team needs a recommendation on search approach for mobile app. Can be picked up next quarter.,Research,LOW,25,2026-09-07
Add integration tests for export flow,"QA wants automated E2E coverage for upload before launch. Nice to have, low priority.",Testing,LOW,26,2026-09-08
Upgrade user service dependencies,React frontend dependencies are several versions behind and need upgrading.,Maintenance,MEDIUM,8,2026-08-21
Write architecture doc for mobile app,"API consumers are confused about search service usage, needs docs. Important for the client demo next week.",Documentation,HIGH,4,2026-08-17
Write architecture doc for user service,"API consumers are confused about reporting engine usage, needs docs. Needed before end of sprint, please prioritize.",Documentation,HIGH,5,2026-08-18
Set up CI/CD pipeline for billing module,reporting engine deploys are manual and error-prone; automate with CI/CD.,DevOps/Infrastructure,MEDIUM,8,2026-08-21
Fix race condition in admin dashboard module,"QA found this reproducible on billing module under OAuth token load. Needed before end of sprint, please prioritize.",Bug Fix,HIGH,3,2026-08-16
Coordinate OAuth token kickoff meeting,"Need to align stakeholders on notification service before next sprint. Needed before end of sprint, please prioritize.",Meeting/Admin,HIGH,1,2026-08-14
Upgrade React frontend dependencies,"Tech debt in search service is slowing down feature work, needs refactor. This is high priority for the upcoming release.",Maintenance,HIGH,5,2026-08-18
Provision new payment environment,mobile app deploys are manual and error-prone; automate with CI/CD. Important for the client demo next week.,DevOps/Infrastructure,HIGH,1,2026-08-14
Configure autoscaling for React frontend,Need to migrate mobile app off legacy infrastructure this quarter. This is high priority for the upcoming release.,DevOps/Infrastructure,HIGH,2,2026-08-15
Provision new session environment,"Need to migrate reporting engine off legacy infrastructure this quarter. No rush, whenever you get a chance.",DevOps/Infrastructure,LOW,29,2026-09-11
Spike on OAuth token feasibility for mobile app,Team needs a recommendation on mobile approach for checkout flow. This is high priority for the upcoming release.,Research,HIGH,1,2026-08-14
Design UI mockups for mobile app,Need updated mockups for user service before dev starts.,Design,MEDIUM,4,2026-08-17
Fix exposed chat endpoint in backend API,"Compliance requires rotating analytics used by payments service this month. No rush, whenever you get a chance.",Security,LOW,31,2026-09-13
Migrate billing module to new cluster,Ops wants alerting configured for mobile app before it handles more traffic.,DevOps/Infrastructure,MEDIUM,5,2026-08-18
Provision new SSO environment,"Need to migrate mobile app off legacy infrastructure this quarter. Someday/maybe, not time sensitive.",DevOps/Infrastructure,LOW,42,2026-09-24
Update admin dashboard to latest framework version,search service dependencies are several versions behind and need upgrading. Can be picked up next quarter.,Maintenance,LOW,56,2026-10-08
Redesign checkout flow settings page,"Current reporting UI feels dated, redesign requested by stakeholders. Can be picked up next quarter.",Design,LOW,25,2026-09-07
Refactor legacy checkout flow code,reporting engine dependencies are several versions behind and need upgrading.,Maintenance,MEDIUM,8,2026-08-21
Patch memory leak in backend API service,Users report mobile fails intermittently after the latest deploy to payments service. Can be picked up next quarter.,Bug Fix,LOW,54,2026-10-06
Add regression tests for notification service,Coverage on payments service is below target; add tests before release.,Testing,MEDIUM,4,2026-08-17
Configure autoscaling for notification service,mobile app deploys are manual and error-prone; automate with CI/CD.,DevOps/Infrastructure,MEDIUM,11,2026-08-24
Write E2E tests for chat checkout,Coverage on React frontend is below target; add tests before release. Important for the client demo next week.,Testing,HIGH,5,2026-08-18
Update checkout flow to latest framework version,"Remove dead analytics code left over from the old search service implementation. Needed before end of sprint, please prioritize.",Maintenance,HIGH,2,2026-08-15
Spike on session feasibility for auth service,Unclear why admin dashboard is slow under analytics; needs investigation.,Research,MEDIUM,5,2026-08-18
Patch memory leak in billing module service,Stack trace shows a session exception thrown from the mobile app handler. This is high priority for the upcoming release.,Bug Fix,HIGH,5,2026-08-18
Add integration tests for analytics flow,Coverage on payments service is below target; add tests before release. This is high priority for the upcoming release.,Testing,HIGH,2,2026-08-15
Add regression tests for auth service,Coverage on admin dashboard is below target; add tests before release.,Testing,MEDIUM,3,2026-08-16
Research session options for React frontend,Explore whether payment is viable for the user service rewrite. This is high priority for the upcoming release.,Research,HIGH,2,2026-08-15
Update backend API to latest framework version,Remove dead search code left over from the old search service implementation.,Maintenance,MEDIUM,14,2026-08-27
Implement dark mode for payments service,New requirement from sales: mobile app needs session capability.,Feature Development,MEDIUM,8,2026-08-21
Redesign auth service settings page,"Current billing UI feels dated, redesign requested by stakeholders.",Design,MEDIUM,12,2026-08-25
Fix broken search button on checkout flow page,"Users report chat fails intermittently after the latest deploy to auth service. Someday/maybe, not time sensitive.",Bug Fix,LOW,56,2026-10-08
Refactor legacy React frontend code,"Tech debt in billing module is slowing down feature work, needs refactor. Someday/maybe, not time sensitive.",Maintenance,LOW,21,2026-09-03
Prepare slides for search service review,Book time with notification service team to discuss payment plan.,Meeting/Admin,MEDIUM,14,2026-08-27
Add regression tests for checkout flow,Coverage on backend API is below target; add tests before release. This is high priority for the upcoming release.,Testing,HIGH,2,2026-08-15
Rotate analytics credentials for user service,Security scan flagged a checkout vulnerability in reporting engine.,Security,MEDIUM,8,2026-08-21
Patch export vulnerability in admin dashboard,Security scan flagged a chat vulnerability in billing module. This is high priority for the upcoming release.,Security,HIGH,3,2026-08-16
Migrate checkout flow to new cluster,Ops wants alerting configured for mobile app before it handles more traffic.,DevOps/Infrastructure,MEDIUM,7,2026-08-20
Design icon set for search service,"Create a design spec for the new search service experience. Someday/maybe, not time sensitive.",Design,LOW,28,2026-09-10
Create onboarding guide for notification service,New engineers need clearer docs on how mobile app works. Important for the client demo next week.,Documentation,HIGH,5,2026-08-18
Schedule sprint planning for search service,Book time with checkout flow team to discuss OAuth token plan.,Meeting/Admin,MEDIUM,5,2026-08-18
Rotate billing credentials for React frontend,"Security scan flagged a mobile vulnerability in mobile app. Needed before end of sprint, please prioritize.",Security,HIGH,4,2026-08-17
Update React frontend to latest framework version,reporting engine dependencies are several versions behind and need upgrading. Can be picked up next quarter.,Maintenance,LOW,22,2026-09-04
Rotate search credentials for payments service,"Security scan flagged a SSO vulnerability in auth service. No rush, whenever you get a chance.",Security,LOW,22,2026-09-04
Set up monitoring for reporting engine service,notification service deploys are manual and error-prone; automate with CI/CD. This is high priority for the upcoming release.,DevOps/Infrastructure,HIGH,3,2026-08-16
Update auth service to latest framework version,"Tech debt in billing module is slowing down feature work, needs refactor.",Maintenance,MEDIUM,12,2026-08-25
Coordinate export kickoff meeting,Book time with reporting engine team to discuss analytics plan. Can be picked up next quarter.,Meeting/Admin,LOW,56,2026-10-08
Clean up unused search in notification service,"Remove dead chat code left over from the old user service implementation. No rush, whenever you get a chance.",Maintenance,LOW,26,2026-09-08
Address null pointer exception in notification service,QA found this reproducible on React frontend under export load. Can be picked up next quarter.,Bug Fix,LOW,21,2026-09-03
Schedule sprint planning for payments service,Need to align stakeholders on reporting engine before next sprint.,Meeting/Admin,MEDIUM,4,2026-08-17
Patch memory leak in checkout flow service,Stack trace shows a SSO exception thrown from the reporting engine handler. Can be picked up next quarter.,Bug Fix,LOW,56,2026-10-08
Resolve login failure for user profile users,"QA found this reproducible on auth service under user profile load. Nice to have, low priority.",Bug Fix,LOW,17,2026-08-30
Rotate session credentials for backend API,Compliance requires rotating authentication used by search service this month. This is a P0 blocker for the launch tomorrow.,Security,URGENT,1,2026-08-14
Add support for checkout in payments service,Customer requested mobile functionality for auth service. This is high priority for the upcoming release.,Feature Development,HIGH,1,2026-08-14
Add integration tests for checkout flow,QA wants automated E2E coverage for billing before launch.,Testing,MEDIUM,13,2026-08-26
Write API docs for checkout flow endpoints,"API consumers are confused about React frontend usage, needs docs. Customer-facing outage, top priority.",Documentation,URGENT,1,2026-08-14
Add session filtering to payments service dashboard,"Product wants checkout support added to the checkout flow module this quarter. Someday/maybe, not time sensitive.",Feature Development,LOW,22,2026-09-04
Provision new SSO environment,"checkout flow deploys are manual and error-prone; automate with CI/CD. Nice to have, low priority.",DevOps/Infrastructure,LOW,16,2026-08-29
Create wireframes for authentication flow,"Current payment UI feels dated, redesign requested by stakeholders. Critical: production is down, all hands on this now.",Design,URGENT,1,2026-08-14
Design UI mockups for admin dashboard,"Need updated mockups for React frontend before dev starts. Needed before end of sprint, please prioritize.",Design,HIGH,4,2026-08-17
Refactor legacy mobile app code,auth service dependencies are several versions behind and need upgrading. This is high priority for the upcoming release.,Maintenance,HIGH,2,2026-08-15
Audit payments service for security issues,Security scan flagged a OAuth token vulnerability in checkout flow. Important for the client demo next week.,Security,HIGH,3,2026-08-16
Research SSO options for reporting engine,"Explore whether export is viable for the backend API rewrite. Nice to have, low priority.",Research,LOW,59,2026-10-11
Audit reporting engine for security issues,"Compliance requires rotating billing used by backend API this month. Nice to have, low priority.",Security,LOW,43,2026-09-25
Add user profile filtering to notification service dashboard,Customer requested session functionality for mobile app.,Feature Development,MEDIUM,11,2026-08-24
Set up monitoring for payments service service,backend API deploys are manual and error-prone; automate with CI/CD. This is high priority for the upcoming release.,DevOps/Infrastructure,HIGH,2,2026-08-15
Patch memory leak in backend API service,QA found this reproducible on mobile app under checkout load.,Bug Fix,MEDIUM,10,2026-08-23
Add regression tests for admin dashboard,Coverage on checkout flow is below target; add tests before release.,Testing,MEDIUM,10,2026-08-23
Create authentication integration with checkout flow,Product wants authentication support added to the notification service module this quarter. Important for the client demo next week.,Feature Development,HIGH,5,2026-08-18
Build new admin dashboard onboarding flow,New requirement from sales: auth service needs OAuth token capability.,Feature Development,MEDIUM,3,2026-08-16
Increase test coverage on notification service,Coverage on backend API is below target; add tests before release.,Testing,MEDIUM,9,2026-08-22
Set up retro for user service team,Prepare status update for upload to share with leadership.,Meeting/Admin,MEDIUM,12,2026-08-25
Configure autoscaling for user service,admin dashboard deploys are manual and error-prone; automate with CI/CD.,DevOps/Infrastructure,MEDIUM,4,2026-08-17
Document billing setup process,New engineers need clearer docs on how backend API works.,Documentation,MEDIUM,4,2026-08-17
Upgrade notification service dependencies,"reporting engine dependencies are several versions behind and need upgrading. Nice to have, low priority.",Maintenance,LOW,20,2026-09-02
Set up retro for React frontend team,Prepare status update for search to share with leadership.,Meeting/Admin,MEDIUM,11,2026-08-24
Resolve login failure for SSO users,Regression introduced by last sprint's changes to React frontend; needs a hotfix. This is high priority for the upcoming release.,Bug Fix,HIGH,1,2026-08-14
Set up CI/CD pipeline for React frontend,backend API deploys are manual and error-prone; automate with CI/CD.,DevOps/Infrastructure,MEDIUM,4,2026-08-17
Write unit tests for reporting engine module,Coverage on React frontend is below target; add tests before release. Can be picked up next quarter.,Testing,LOW,37,2026-09-19
Clean up unused billing in admin dashboard,"user service dependencies are several versions behind and need upgrading. Needed before end of sprint, please prioritize.",Maintenance,HIGH,2,2026-08-15
Fix crash when upload on user service,Stack trace shows a reporting exception thrown from the billing module handler. Can be picked up next quarter.,Bug Fix,LOW,42,2026-09-24
Spike on upload feasibility for admin dashboard,Unclear why notification service is slow under mobile; needs investigation. This is high priority for the upcoming release.,Research,HIGH,3,2026-08-16
Add integration tests for upload flow,"Coverage on search service is below target; add tests before release. Someday/maybe, not time sensitive.",Testing,LOW,39,2026-09-21
Evaluate checkout libraries for mobile app,Explore whether checkout is viable for the billing module rewrite. This is high priority for the upcoming release.,Research,HIGH,4,2026-08-17
Fix crash when mobile on admin dashboard,"QA found this reproducible on user service under authentication load. Urgent request from the CEO, needs to ship today.",Bug Fix,URGENT,-2,2026-08-11
Implement mobile export for search service,Customer requested export functionality for search service. Important for the client demo next week.,Feature Development,HIGH,1,2026-08-14
Address null pointer exception in notification service,Users report OAuth token fails intermittently after the latest deploy to reporting engine.,Bug Fix,MEDIUM,14,2026-08-27
Design UI mockups for notification service,Create a design spec for the new React frontend experience. This is high priority for the upcoming release.,Design,HIGH,1,2026-08-14
Design UI mockups for checkout flow,"Current export UI feels dated, redesign requested by stakeholders. Someday/maybe, not time sensitive.",Design,LOW,52,2026-10-04
Update notification service to latest framework version,Remove dead checkout code left over from the old notification service implementation.,Maintenance,MEDIUM,10,2026-08-23
Create authentication integration with checkout flow,"Design has finalized mockups for the checkout feature in user service. No rush, whenever you get a chance.",Feature Development,LOW,23,2026-09-05
Write E2E tests for user profile checkout,"The billing flow has no automated tests, causing repeat regressions. This is high priority for the upcoming release.",Testing,HIGH,2,2026-08-15
Set up monitoring for notification service service,Ops wants alerting configured for billing module before it handles more traffic.,DevOps/Infrastructure,MEDIUM,12,2026-08-25
Design UI mockups for search service,Need updated mockups for reporting engine before dev starts. Can be picked up next quarter.,Design,LOW,24,2026-09-06
Evaluate mobile libraries for notification service,Unclear why billing module is slow under mobile; needs investigation.,Research,MEDIUM,11,2026-08-24
Write API docs for user service endpoints,New engineers need clearer docs on how payments service works.,Documentation,MEDIUM,13,2026-08-26
Address null pointer exception in billing module,Users report payment fails intermittently after the latest deploy to mobile app.,Bug Fix,MEDIUM,12,2026-08-25
Fix exposed session endpoint in payments service,Security scan flagged a checkout vulnerability in search service. Can be picked up next quarter.,Security,LOW,56,2026-10-08
Upgrade React frontend dependencies,Remove dead session code left over from the old user service implementation. Can be picked up next quarter.,Maintenance,LOW,48,2026-09-30
Update README for React frontend service,The session process isn't documented anywhere; write a guide.,Documentation,MEDIUM,14,2026-08-27
Add regression tests for billing module,"The billing flow has no automated tests, causing repeat regressions.",Testing,MEDIUM,3,2026-08-16
Address null pointer exception in backend API,QA found this reproducible on mobile app under billing load.,Bug Fix,MEDIUM,4,2026-08-17
Update README for checkout flow service,New engineers need clearer docs on how checkout flow works.,Documentation,MEDIUM,13,2026-08-26
Add chat filtering to search service dashboard,Design has finalized mockups for the SSO feature in payments service.,Feature Development,MEDIUM,9,2026-08-22
Refactor legacy reporting engine code,"Tech debt in auth service is slowing down feature work, needs refactor. Someday/maybe, not time sensitive.",Maintenance,LOW,56,2026-10-08
Address null pointer exception in checkout flow,Regression introduced by last sprint's changes to reporting engine; needs a hotfix. This is blocking the release and needs to be fixed ASAP.,Bug Fix,URGENT,1,2026-08-14
Build new backend API onboarding flow,Customer requested session functionality for billing module.,Feature Development,MEDIUM,5,2026-08-18
Coordinate export kickoff meeting,Book time with notification service team to discuss chat plan. Important for the client demo next week.,Meeting/Admin,HIGH,3,2026-08-16
Create upload integration with auth service,Customer requested search functionality for admin dashboard.,Feature Development,MEDIUM,12,2026-08-25
Investigate OAuth token performance issue in checkout flow,Unclear why billing module is slow under authentication; needs investigation. Important for the client demo next week.,Research,HIGH,5,2026-08-18
Research user profile options for search service,Explore whether user profile is viable for the payments service rewrite. This is blocking the release and needs to be fixed ASAP.,Research,URGENT,-1,2026-08-12
Clean up unused checkout in user service,mobile app dependencies are several versions behind and need upgrading.,Maintenance,MEDIUM,6,2026-08-19
Investigate chat performance issue in billing module,"Team needs a recommendation on mobile approach for billing module. Nice to have, low priority.",Research,LOW,31,2026-09-13
Update reporting engine to latest framework version,"Remove dead payment code left over from the old checkout flow implementation. Customer-facing outage, top priority.",Maintenance,URGENT,-1,2026-08-12
Design icon set for payments service,Create a design spec for the new checkout flow experience.,Design,MEDIUM,9,2026-08-22
Resolve login failure for checkout users,Users report payment fails intermittently after the latest deploy to React frontend.,Bug Fix,MEDIUM,14,2026-08-27
Increase test coverage on checkout flow,"QA wants automated E2E coverage for OAuth token before launch. Nice to have, low priority.",Testing,LOW,59,2026-10-11
Research payment options for notification service,Unclear why user service is slow under analytics; needs investigation. Can be picked up next quarter.,Research,LOW,25,2026-09-07
Write unit tests for admin dashboard module,"The chat flow has no automated tests, causing repeat regressions. Urgent request from the CEO, needs to ship today.",Testing,URGENT,-2,2026-08-11
Document session setup process,"The billing process isn't documented anywhere; write a guide. Needed before end of sprint, please prioritize.",Documentation,HIGH,1,2026-08-14
Investigate export performance issue in backend API,"Team needs a recommendation on analytics approach for admin dashboard. Needed before end of sprint, please prioritize.",Research,HIGH,4,2026-08-17
Research billing options for reporting engine,Unclear why reporting engine is slow under session; needs investigation. This is a P0 blocker for the launch tomorrow.,Research,URGENT,-1,2026-08-12
Design UI mockups for billing module,Create a design spec for the new user service experience.,Design,MEDIUM,11,2026-08-24
Write API docs for React frontend endpoints,The user profile process isn't documented anywhere; write a guide.,Documentation,MEDIUM,4,2026-08-17
Increase test coverage on payments service,"The export flow has no automated tests, causing repeat regressions. Someday/maybe, not time sensitive.",Testing,LOW,53,2026-10-05
Refactor legacy checkout flow code,"Tech debt in checkout flow is slowing down feature work, needs refactor.",Maintenance,MEDIUM,7,2026-08-20
Update admin dashboard to latest framework version,"Remove dead session code left over from the old React frontend implementation. Needed before end of sprint, please prioritize.",Maintenance,HIGH,3,2026-08-16
Set up CI/CD pipeline for React frontend,Ops wants alerting configured for reporting engine before it handles more traffic.,DevOps/Infrastructure,MEDIUM,5,2026-08-18
Fix race condition in notification service module,QA found this reproducible on reporting engine under session load. This is blocking the release and needs to be fixed ASAP.,Bug Fix,URGENT,-2,2026-08-11
Schedule sprint planning for auth service,"Book time with notification service team to discuss mobile plan. Someday/maybe, not time sensitive.",Meeting/Admin,LOW,27,2026-09-09
Investigate payment performance issue in user service,Explore whether export is viable for the payments service rewrite. This is a P0 blocker for the launch tomorrow.,Research,URGENT,0,2026-08-13
Configure autoscaling for backend API,Need to migrate backend API off legacy infrastructure this quarter. This is a P0 blocker for the launch tomorrow.,DevOps/Infrastructure,URGENT,0,2026-08-13
Document chat setup process,The search process isn't documented anywhere; write a guide. Important for the client demo next week.,Documentation,HIGH,4,2026-08-17
Design icon set for search service,"Current mobile UI feels dated, redesign requested by stakeholders. Can be picked up next quarter.",Design,LOW,24,2026-09-06
Address null pointer exception in user service,Regression introduced by last sprint's changes to search service; needs a hotfix. This is high priority for the upcoming release.,Bug Fix,HIGH,5,2026-08-18
Coordinate SSO kickoff meeting,"Need to align stakeholders on billing module before next sprint. No rush, whenever you get a chance.",Meeting/Admin,LOW,41,2026-09-23
Update README for mobile app service,"The SSO process isn't documented anywhere; write a guide. Nice to have, low priority.",Documentation,LOW,54,2026-10-06
Create onboarding guide for reporting engine,The mobile process isn't documented anywhere; write a guide.,Documentation,MEDIUM,8,2026-08-21
Audit backend API for security issues,Security scan flagged a analytics vulnerability in auth service.,Security,MEDIUM,5,2026-08-18
Add search filtering to admin dashboard dashboard,New requirement from sales: search service needs SSO capability.,Feature Development,MEDIUM,10,2026-08-23
Coordinate authentication kickoff meeting,Prepare status update for upload to share with leadership.,Meeting/Admin,MEDIUM,4,2026-08-17
Add user profile filtering to reporting engine dashboard,Product wants checkout support added to the mobile app module this quarter. Can be picked up next quarter.,Feature Development,LOW,48,2026-09-30
Update backend API to latest framework version,Remove dead mobile code left over from the old React frontend implementation.,Maintenance,MEDIUM,11,2026-08-24
Spike on analytics feasibility for search service,"Explore whether search is viable for the notification service rewrite. Nice to have, low priority.",Research,LOW,50,2026-10-02
Audit backend API for security issues,"Pen test found an exposed billing in the payments service API. Someday/maybe, not time sensitive.",Security,LOW,30,2026-09-12
Create onboarding guide for payments service,"API consumers are confused about payments service usage, needs docs. This is a P0 blocker for the launch tomorrow.",Documentation,URGENT,0,2026-08-13
Write E2E tests for reporting checkout,"The reporting flow has no automated tests, causing repeat regressions.",Testing,MEDIUM,9,2026-08-22
Upgrade billing module dependencies,"Tech debt in auth service is slowing down feature work, needs refactor. Important for the client demo next week.",Maintenance,HIGH,5,2026-08-18
Document search setup process,"API consumers are confused about reporting engine usage, needs docs. Can be picked up next quarter.",Documentation,LOW,30,2026-09-12
Configure autoscaling for backend API,Ops wants alerting configured for admin dashboard before it handles more traffic. Important for the client demo next week.,DevOps/Infrastructure,HIGH,3,2026-08-16
Coordinate analytics kickoff meeting,"Need to align stakeholders on React frontend before next sprint. Critical: production is down, all hands on this now.",Meeting/Admin,URGENT,-1,2026-08-12
Coordinate SSO kickoff meeting,"Book time with reporting engine team to discuss SSO plan. Someday/maybe, not time sensitive.",Meeting/Admin,LOW,57,2026-10-09
Patch billing vulnerability in search service,Pen test found an exposed SSO in the notification service API. Important for the client demo next week.,Security,HIGH,2,2026-08-15
Prepare slides for notification service review,Book time with user service team to discuss chat plan.,Meeting/Admin,MEDIUM,4,2026-08-17
Coordinate analytics kickoff meeting,"Book time with backend API team to discuss chat plan. No rush, whenever you get a chance.",Meeting/Admin,LOW,52,2026-10-04
Evaluate OAuth token libraries for backend API,Unclear why reporting engine is slow under reporting; needs investigation.,Research,MEDIUM,3,2026-08-16
Evaluate reporting libraries for reporting engine,Explore whether chat is viable for the payments service rewrite. This is high priority for the upcoming release.,Research,HIGH,3,2026-08-16
Increase test coverage on backend API,"QA wants automated E2E coverage for SSO before launch. No rush, whenever you get a chance.",Testing,LOW,59,2026-10-11
Spike on billing feasibility for billing module,Unclear why React frontend is slow under chat; needs investigation. Can be picked up next quarter.,Research,LOW,25,2026-09-07
Redesign auth service settings page,"Current user profile UI feels dated, redesign requested by stakeholders.",Design,MEDIUM,11,2026-08-24
Add regression tests for mobile app,QA wants automated E2E coverage for checkout before launch.,Testing,MEDIUM,6,2026-08-19
Schedule sprint planning for auth service,Book time with reporting engine team to discuss export plan.,Meeting/Admin,MEDIUM,6,2026-08-19
Patch search vulnerability in billing module,Pen test found an exposed chat in the billing module API.,Security,MEDIUM,11,2026-08-24
Spike on upload feasibility for billing module,"Explore whether SSO is viable for the payments service rewrite. No rush, whenever you get a chance.",Research,LOW,33,2026-09-15
Set up monitoring for reporting engine service,"search service deploys are manual and error-prone; automate with CI/CD. Customer-facing outage, top priority.",DevOps/Infrastructure,URGENT,-1,2026-08-12
Design icon set for backend API,"Need updated mockups for reporting engine before dev starts. Someday/maybe, not time sensitive.",Design,LOW,59,2026-10-11
Create wireframes for user profile flow,Need updated mockups for billing module before dev starts.,Design,MEDIUM,12,2026-08-25
Prepare slides for notification service review,Need to align stakeholders on React frontend before next sprint. This is high priority for the upcoming release.,Meeting/Admin,HIGH,5,2026-08-18
Schedule sprint planning for payments service,Book time with payments service team to discuss payment plan.,Meeting/Admin,MEDIUM,11,2026-08-24
Fix incorrect search calculation in payments service,"Users report mobile fails intermittently after the latest deploy to React frontend. Critical: production is down, all hands on this now.",Bug Fix,URGENT,-1,2026-08-12
Fix crash when checkout on reporting engine,QA found this reproducible on user service under billing load.,Bug Fix,MEDIUM,3,2026-08-16
Fix race condition in user service module,"Users report mobile fails intermittently after the latest deploy to billing module. Urgent request from the CEO, needs to ship today.",Bug Fix,URGENT,-1,2026-08-12
Set up monitoring for React frontend service,"Need to migrate reporting engine off legacy infrastructure this quarter. Needed before end of sprint, please prioritize.",DevOps/Infrastructure,HIGH,3,2026-08-16
Migrate React frontend to new cluster,Ops wants alerting configured for backend API before it handles more traffic. Can be picked up next quarter.,DevOps/Infrastructure,LOW,40,2026-09-22
Refactor legacy mobile app code,"Tech debt in checkout flow is slowing down feature work, needs refactor. Needed before end of sprint, please prioritize.",Maintenance,HIGH,1,2026-08-14
Fix crash when payment on reporting engine,"Users report billing fails intermittently after the latest deploy to user service. No rush, whenever you get a chance.",Bug Fix,LOW,37,2026-09-19
Redesign checkout flow settings page,"Current billing UI feels dated, redesign requested by stakeholders. Needed before end of sprint, please prioritize.",Design,HIGH,1,2026-08-14
Spike on session feasibility for auth service,Unclear why admin dashboard is slow under authentication; needs investigation. This is blocking the release and needs to be fixed ASAP.,Research,URGENT,1,2026-08-14
Configure autoscaling for React frontend,"Ops wants alerting configured for reporting engine before it handles more traffic. Nice to have, low priority.",DevOps/Infrastructure,LOW,32,2026-09-14
Fix race condition in mobile app module,Users report authentication fails intermittently after the latest deploy to checkout flow. Can be picked up next quarter.,Bug Fix,LOW,53,2026-10-05
Schedule sprint planning for checkout flow,"Need to align stakeholders on billing module before next sprint. Someday/maybe, not time sensitive.",Meeting/Admin,LOW,40,2026-09-22
Refactor legacy billing module code,"billing module dependencies are several versions behind and need upgrading. Someday/maybe, not time sensitive.",Maintenance,LOW,24,2026-09-06
Spike on SSO feasibility for backend API,Explore whether payment is viable for the billing module rewrite.,Research,MEDIUM,11,2026-08-24
Upgrade billing module dependencies,Remove dead export code left over from the old auth service implementation.,Maintenance,MEDIUM,12,2026-08-25
Build new mobile app onboarding flow,Customer requested search functionality for mobile app.,Feature Development,MEDIUM,4,2026-08-17
Fix exposed session endpoint in user service,Security scan flagged a analytics vulnerability in checkout flow. This is high priority for the upcoming release.,Security,HIGH,1,2026-08-14
Create onboarding guide for reporting engine,The billing process isn't documented anywhere; write a guide.,Documentation,MEDIUM,11,2026-08-24
Create onboarding guide for admin dashboard,New engineers need clearer docs on how backend API works. Can be picked up next quarter.,Documentation,LOW,22,2026-09-04
Create reporting integration with mobile app,Design has finalized mockups for the checkout feature in search service.,Feature Development,MEDIUM,7,2026-08-20
Implement dark mode for payments service,Customer requested user profile functionality for user service.,Feature Development,MEDIUM,4,2026-08-17
Add support for export in auth service,New requirement from sales: React frontend needs user profile capability.,Feature Development,MEDIUM,12,2026-08-25
Evaluate authentication libraries for admin dashboard,Team needs a recommendation on search approach for payments service.,Research,MEDIUM,10,2026-08-23
Provision new upload environment,Need to migrate reporting engine off legacy infrastructure this quarter. Can be picked up next quarter.,DevOps/Infrastructure,LOW,60,2026-10-12
Configure autoscaling for payments service,billing module deploys are manual and error-prone; automate with CI/CD. Important for the client demo next week.,DevOps/Infrastructure,HIGH,3,2026-08-16
Schedule sprint planning for user service,"Book time with backend API team to discuss search plan. Nice to have, low priority.",Meeting/Admin,LOW,22,2026-09-04
Set up monitoring for backend API service,"Ops wants alerting configured for backend API before it handles more traffic. No rush, whenever you get a chance.",DevOps/Infrastructure,LOW,18,2026-08-31
Evaluate session libraries for reporting engine,"Unclear why admin dashboard is slow under authentication; needs investigation. Someday/maybe, not time sensitive.",Research,LOW,24,2026-09-06
Add integration tests for user profile flow,Coverage on payments service is below target; add tests before release. Can be picked up next quarter.,Testing,LOW,60,2026-10-12
Design UI mockups for React frontend,"Current chat UI feels dated, redesign requested by stakeholders. Nice to have, low priority.",Design,LOW,24,2026-09-06
Design icon set for React frontend,Need updated mockups for React frontend before dev starts.,Design,MEDIUM,11,2026-08-24
Set up CI/CD pipeline for React frontend,"mobile app deploys are manual and error-prone; automate with CI/CD. No rush, whenever you get a chance.",DevOps/Infrastructure,LOW,19,2026-09-01
Add support for reporting in backend API,"New requirement from sales: search service needs OAuth token capability. No rush, whenever you get a chance.",Feature Development,LOW,56,2026-10-08
Build new user service onboarding flow,"Product wants analytics support added to the backend API module this quarter. Nice to have, low priority.",Feature Development,LOW,42,2026-09-24
Patch memory leak in backend API service,Users report billing fails intermittently after the latest deploy to React frontend. Can be picked up next quarter.,Bug Fix,LOW,57,2026-10-09
Fix crash when billing on admin dashboard,Users report session fails intermittently after the latest deploy to billing module.,Bug Fix,MEDIUM,7,2026-08-20
Clean up unused analytics in admin dashboard,"auth service dependencies are several versions behind and need upgrading. Needed before end of sprint, please prioritize.",Maintenance,HIGH,5,2026-08-18
Set up retro for billing module team,"Book time with user service team to discuss payment plan. Needed before end of sprint, please prioritize.",Meeting/Admin,HIGH,3,2026-08-16
Design icon set for React frontend,"Current OAuth token UI feels dated, redesign requested by stakeholders. This is a P0 blocker for the launch tomorrow.",Design,URGENT,-1,2026-08-12
Prepare slides for admin dashboard review,"Book time with notification service team to discuss checkout plan. No rush, whenever you get a chance.",Meeting/Admin,LOW,16,2026-08-29
Redesign payments service settings page,"Current SSO UI feels dated, redesign requested by stakeholders.",Design,MEDIUM,9,2026-08-22
Add integration tests for checkout flow,"The payment flow has no automated tests, causing repeat regressions.",Testing,MEDIUM,7,2026-08-20
Refactor legacy payments service code,"Tech debt in backend API is slowing down feature work, needs refactor.",Maintenance,MEDIUM,7,2026-08-20
Update reporting engine to latest framework version,"Tech debt in notification service is slowing down feature work, needs refactor.",Maintenance,MEDIUM,6,2026-08-19
Redesign billing module settings page,Create a design spec for the new billing module experience. This is high priority for the upcoming release.,Design,HIGH,3,2026-08-16
Write E2E tests for session checkout,"The authentication flow has no automated tests, causing repeat regressions.",Testing,MEDIUM,8,2026-08-21
Set up CI/CD pipeline for search service,Need to migrate backend API off legacy infrastructure this quarter.,DevOps/Infrastructure,MEDIUM,10,2026-08-23
Audit React frontend for security issues,Pen test found an exposed authentication in the payments service API. This is high priority for the upcoming release.,Security,HIGH,1,2026-08-14
Patch chat vulnerability in mobile app,Pen test found an exposed checkout in the backend API API.,Security,MEDIUM,14,2026-08-27
Design UI mockups for checkout flow,Need updated mockups for notification service before dev starts. This is blocking the release and needs to be fixed ASAP.,Design,URGENT,-2,2026-08-11
Set up retro for checkout flow team,Book time with payments service team to discuss mobile plan. Important for the client demo next week.,Meeting/Admin,HIGH,4,2026-08-17
Research export options for reporting engine,Team needs a recommendation on search approach for auth service. This is a P0 blocker for the launch tomorrow.,Research,URGENT,0,2026-08-13
Increase test coverage on admin dashboard,QA wants automated E2E coverage for checkout before launch. This is high priority for the upcoming release.,Testing,HIGH,1,2026-08-14
Update README for mobile app service,"API consumers are confused about backend API usage, needs docs. Customer-facing outage, top priority.",Documentation,URGENT,-2,2026-08-11
Build new mobile app onboarding flow,New requirement from sales: reporting engine needs OAuth token capability. Can be picked up next quarter.,Feature Development,LOW,55,2026-10-07
Audit auth service for security issues,Compliance requires rotating reporting used by backend API this month.,Security,MEDIUM,3,2026-08-16
Schedule sprint planning for search service,Book time with payments service team to discuss payment plan.,Meeting/Admin,MEDIUM,11,2026-08-24
Fix broken analytics button on reporting engine page,"Regression introduced by last sprint's changes to backend API; needs a hotfix. No rush, whenever you get a chance.",Bug Fix,LOW,17,2026-08-30
Resolve data corruption in auth service,Stack trace shows a user profile exception thrown from the reporting engine handler. This is a P0 blocker for the launch tomorrow.,Bug Fix,URGENT,-2,2026-08-11
Address null pointer exception in payments service,Users report session fails intermittently after the latest deploy to notification service.,Bug Fix,MEDIUM,11,2026-08-24
Audit React frontend for security issues,Compliance requires rotating user profile used by auth service this month.,Security,MEDIUM,4,2026-08-17
Increase test coverage on checkout flow,QA wants automated E2E coverage for session before launch. Can be picked up next quarter.,Testing,LOW,36,2026-09-18
Increase test coverage on checkout flow,"The search flow has no automated tests, causing repeat regressions.",Testing,MEDIUM,4,2026-08-17
Fix crash when authentication on search service,Users report export fails intermittently after the latest deploy to backend API.,Bug Fix,MEDIUM,9,2026-08-22
Upgrade billing module dependencies,"Tech debt in search service is slowing down feature work, needs refactor.",Maintenance,MEDIUM,3,2026-08-16
Write E2E tests for chat checkout,"QA wants automated E2E coverage for export before launch. Nice to have, low priority.",Testing,LOW,56,2026-10-08
Add regression tests for admin dashboard,"The upload flow has no automated tests, causing repeat regressions. Can be picked up next quarter.",Testing,LOW,28,2026-09-10
Fix crash when authentication on search service,QA found this reproducible on payments service under authentication load. This is high priority for the upcoming release.,Bug Fix,HIGH,2,2026-08-15
Document OAuth token setup process,New engineers need clearer docs on how notification service works. Can be picked up next quarter.,Documentation,LOW,30,2026-09-12
Create onboarding guide for admin dashboard,"New engineers need clearer docs on how billing module works. Needed before end of sprint, please prioritize.",Documentation,HIGH,1,2026-08-14
Write architecture doc for payments service,New engineers need clearer docs on how notification service works. This is high priority for the upcoming release.,Documentation,HIGH,1,2026-08-14
Fix crash when upload on backend API,"QA found this reproducible on auth service under OAuth token load. Critical: production is down, all hands on this now.",Bug Fix,URGENT,-2,2026-08-11
Update admin dashboard to latest framework version,"payments service dependencies are several versions behind and need upgrading. No rush, whenever you get a chance.",Maintenance,LOW,19,2026-09-01
Spike on billing feasibility for notification service,"Team needs a recommendation on upload approach for backend API. Needed before end of sprint, please prioritize.",Research,HIGH,3,2026-08-16
Coordinate SSO kickoff meeting,Book time with billing module team to discuss SSO plan.,Meeting/Admin,MEDIUM,12,2026-08-25
Write API docs for checkout flow endpoints,"API consumers are confused about user service usage, needs docs. Important for the client demo next week.",Documentation,HIGH,1,2026-08-14
Add integration tests for authentication flow,"Coverage on backend API is below target; add tests before release. Nice to have, low priority.",Testing,LOW,43,2026-09-25
Configure autoscaling for payments service,"search service deploys are manual and error-prone; automate with CI/CD. No rush, whenever you get a chance.",DevOps/Infrastructure,LOW,58,2026-10-10
Rotate mobile credentials for search service,"Security scan flagged a checkout vulnerability in mobile app. Nice to have, low priority.",Security,LOW,59,2026-10-11
Upgrade notification service dependencies,"Tech debt in payments service is slowing down feature work, needs refactor. This is a P0 blocker for the launch tomorrow.",Maintenance,URGENT,-1,2026-08-12
Build new billing module onboarding flow,"Product wants chat support added to the checkout flow module this quarter. No rush, whenever you get a chance.",Feature Development,LOW,57,2026-10-09
Provision new checkout environment,React frontend deploys are manual and error-prone; automate with CI/CD.,DevOps/Infrastructure,MEDIUM,6,2026-08-19
Clean up unused reporting in billing module,Remove dead checkout code left over from the old reporting engine implementation.,Maintenance,MEDIUM,8,2026-08-21
Fix exposed analytics endpoint in search service,Security scan flagged a analytics vulnerability in reporting engine. This is a P0 blocker for the launch tomorrow.,Security,URGENT,-2,2026-08-11
Fix broken session button on notification service page,QA found this reproducible on reporting engine under chat load.,Bug Fix,MEDIUM,6,2026-08-19
Add support for authentication in checkout flow,New requirement from sales: checkout flow needs chat capability.,Feature Development,MEDIUM,5,2026-08-18
Clean up unused reporting in admin dashboard,"React frontend dependencies are several versions behind and need upgrading. Nice to have, low priority.",Maintenance,LOW,24,2026-09-06
Prepare slides for backend API review,Need to align stakeholders on notification service before next sprint.,Meeting/Admin,MEDIUM,11,2026-08-24
Update README for auth service service,"New engineers need clearer docs on how admin dashboard works. Urgent request from the CEO, needs to ship today.",Documentation,URGENT,1,2026-08-14
Create wireframes for analytics flow,"Create a design spec for the new billing module experience. No rush, whenever you get a chance.",Design,LOW,40,2026-09-22
Provision new upload environment,backend API deploys are manual and error-prone; automate with CI/CD.,DevOps/Infrastructure,MEDIUM,14,2026-08-27
Patch memory leak in auth service service,"Stack trace shows a mobile exception thrown from the admin dashboard handler. Nice to have, low priority.",Bug Fix,LOW,28,2026-09-10
Update README for search service service,The reporting process isn't documented anywhere; write a guide.,Documentation,MEDIUM,4,2026-08-17
Increase test coverage on notification service,Coverage on payments service is below target; add tests before release.,Testing,MEDIUM,9,2026-08-22
Set up CI/CD pipeline for admin dashboard,Need to migrate backend API off legacy infrastructure this quarter.,DevOps/Infrastructure,MEDIUM,3,2026-08-16
Provision new payment environment,Need to migrate mobile app off legacy infrastructure this quarter.,DevOps/Infrastructure,MEDIUM,12,2026-08-25
Add support for chat in notification service,New requirement from sales: React frontend needs SSO capability.,Feature Development,MEDIUM,13,2026-08-26
Write architecture doc for user service,"API consumers are confused about auth service usage, needs docs. No rush, whenever you get a chance.",Documentation,LOW,44,2026-09-26
Design icon set for checkout flow,Need updated mockups for payments service before dev starts.,Design,MEDIUM,11,2026-08-24
Write unit tests for backend API module,"The payment flow has no automated tests, causing repeat regressions.",Testing,MEDIUM,7,2026-08-20
Add support for authentication in user service,"New requirement from sales: checkout flow needs search capability. Critical: production is down, all hands on this now.",Feature Development,URGENT,-2,2026-08-11
Spike on mobile feasibility for billing module,Team needs a recommendation on reporting approach for user service.,Research,MEDIUM,8,2026-08-21
Spike on billing feasibility for backend API,Unclear why reporting engine is slow under payment; needs investigation.,Research,MEDIUM,5,2026-08-18
Add support for chat in user service,Design has finalized mockups for the reporting feature in backend API. Important for the client demo next week.,Feature Development,HIGH,3,2026-08-16
Design UI mockups for user service,"Current payment UI feels dated, redesign requested by stakeholders. This is high priority for the upcoming release.",Design,HIGH,2,2026-08-15
Fix exposed reporting endpoint in backend API,Pen test found an exposed export in the checkout flow API.,Security,MEDIUM,10,2026-08-23
Add integration tests for OAuth token flow,"The search flow has no automated tests, causing repeat regressions. No rush, whenever you get a chance.",Testing,LOW,19,2026-09-01
Create wireframes for user profile flow,"Current export UI feels dated, redesign requested by stakeholders. Can be picked up next quarter.",Design,LOW,55,2026-10-07
Clean up unused user profile in auth service,auth service dependencies are several versions behind and need upgrading.,Maintenance,MEDIUM,11,2026-08-24
Fix race condition in auth service module,"Users report analytics fails intermittently after the latest deploy to checkout flow. Nice to have, low priority.",Bug Fix,LOW,54,2026-10-06
Increase test coverage on reporting engine,Coverage on checkout flow is below target; add tests before release.,Testing,MEDIUM,9,2026-08-22
Create wireframes for payment flow,"Current SSO UI feels dated, redesign requested by stakeholders. Can be picked up next quarter.",Design,LOW,43,2026-09-25
Document export setup process,The chat process isn't documented anywhere; write a guide. Important for the client demo next week.,Documentation,HIGH,2,2026-08-15
Fix incorrect checkout calculation in React frontend,Regression introduced by last sprint's changes to auth service; needs a hotfix.,Bug Fix,MEDIUM,9,2026-08-22
Fix broken analytics button on admin dashboard page,"Regression introduced by last sprint's changes to search service; needs a hotfix. Someday/maybe, not time sensitive.",Bug Fix,LOW,58,2026-10-10
Audit mobile app for security issues,Pen test found an exposed authentication in the checkout flow API. Can be picked up next quarter.,Security,LOW,60,2026-10-12
Migrate notification service to new cluster,Need to migrate checkout flow off legacy infrastructure this quarter.,DevOps/Infrastructure,MEDIUM,7,2026-08-20
Spike on session feasibility for reporting engine,Explore whether SSO is viable for the billing module rewrite.,Research,MEDIUM,4,2026-08-17
Evaluate session libraries for admin dashboard,Team needs a recommendation on checkout approach for payments service. Important for the client demo next week.,Research,HIGH,1,2026-08-14
Upgrade mobile app dependencies,Remove dead session code left over from the old admin dashboard implementation.,Maintenance,MEDIUM,8,2026-08-21
Create onboarding guide for payments service,The SSO process isn't documented anywhere; write a guide.,Documentation,MEDIUM,9,2026-08-22
Design icon set for React frontend,Need updated mockups for search service before dev starts. Can be picked up next quarter.,Design,LOW,22,2026-09-04
Increase test coverage on reporting engine,QA wants automated E2E coverage for checkout before launch. This is high priority for the upcoming release.,Testing,HIGH,3,2026-08-16
Address null pointer exception in billing module,"Stack trace shows a payment exception thrown from the payments service handler. No rush, whenever you get a chance.",Bug Fix,LOW,33,2026-09-15
Configure autoscaling for reporting engine,checkout flow deploys are manual and error-prone; automate with CI/CD.,DevOps/Infrastructure,MEDIUM,13,2026-08-26
Prepare slides for auth service review,Need to align stakeholders on billing module before next sprint.,Meeting/Admin,MEDIUM,14,2026-08-27
Create chat integration with mobile app,New requirement from sales: React frontend needs search capability. This is a P0 blocker for the launch tomorrow.,Feature Development,URGENT,1,2026-08-14
Add support for user profile in mobile app,New requirement from sales: mobile app needs payment capability. Can be picked up next quarter.,Feature Development,LOW,25,2026-09-07
Spike on user profile feasibility for admin dashboard,Explore whether export is viable for the auth service rewrite.,Research,MEDIUM,4,2026-08-17
Prepare slides for payments service review,Book time with auth service team to discuss session plan. This is a P0 blocker for the launch tomorrow.,Meeting/Admin,URGENT,1,2026-08-14
Migrate search service to new cluster,Need to migrate payments service off legacy infrastructure this quarter.,DevOps/Infrastructure,MEDIUM,9,2026-08-22
Set up monitoring for notification service service,Need to migrate React frontend off legacy infrastructure this quarter. This is high priority for the upcoming release.,DevOps/Infrastructure,HIGH,1,2026-08-14
Migrate search service to new cluster,Ops wants alerting configured for backend API before it handles more traffic. Can be picked up next quarter.,DevOps/Infrastructure,LOW,34,2026-09-16
Upgrade backend API dependencies,auth service dependencies are several versions behind and need upgrading. This is high priority for the upcoming release.,Maintenance,HIGH,1,2026-08-14
Create wireframes for reporting flow,Create a design spec for the new notification service experience. This is blocking the release and needs to be fixed ASAP.,Design,URGENT,0,2026-08-13
Add regression tests for React frontend,Coverage on user service is below target; add tests before release.,Testing,MEDIUM,13,2026-08-26
Create search integration with backend API,New requirement from sales: notification service needs checkout capability.,Feature Development,MEDIUM,8,2026-08-21
Migrate user service to new cluster,"reporting engine deploys are manual and error-prone; automate with CI/CD. Critical: production is down, all hands on this now.",DevOps/Infrastructure,URGENT,1,2026-08-14
Increase test coverage on reporting engine,"The upload flow has no automated tests, causing repeat regressions. Nice to have, low priority.",Testing,LOW,29,2026-09-11
Update README for auth service service,"API consumers are confused about search service usage, needs docs. Needed before end of sprint, please prioritize.",Documentation,HIGH,2,2026-08-15
Refactor legacy admin dashboard code,"Tech debt in search service is slowing down feature work, needs refactor.",Maintenance,MEDIUM,6,2026-08-19
Migrate notification service to new cluster,Need to migrate React frontend off legacy infrastructure this quarter.,DevOps/Infrastructure,MEDIUM,3,2026-08-16
Set up retro for backend API team,Book time with backend API team to discuss billing plan.,Meeting/Admin,MEDIUM,9,2026-08-22
Fix exposed SSO endpoint in React frontend,"Compliance requires rotating SSO used by payments service this month. Nice to have, low priority.",Security,LOW,38,2026-09-20
Resolve login failure for mobile users,Users report search fails intermittently after the latest deploy to user service. This is a P0 blocker for the launch tomorrow.,Bug Fix,URGENT,-1,2026-08-12
Refactor legacy React frontend code,"Tech debt in auth service is slowing down feature work, needs refactor.",Maintenance,MEDIUM,14,2026-08-27
Redesign user service settings page,"Current payment UI feels dated, redesign requested by stakeholders.",Design,MEDIUM,7,2026-08-20
Update README for notification service service,"API consumers are confused about payments service usage, needs docs. No rush, whenever you get a chance.",Documentation,LOW,54,2026-10-06
Add support for user profile in admin dashboard,"New requirement from sales: billing module needs reporting capability. Nice to have, low priority.",Feature Development,LOW,59,2026-10-11
Update README for mobile app service,"The mobile process isn't documented anywhere; write a guide. Needed before end of sprint, please prioritize.",Documentation,HIGH,3,2026-08-16
Increase test coverage on backend API,"The payment flow has no automated tests, causing repeat regressions. Someday/maybe, not time sensitive.",Testing,LOW,29,2026-09-11
Implement dark mode for billing module,Product wants user profile support added to the user service module this quarter.,Feature Development,MEDIUM,10,2026-08-23
Design UI mockups for notification service,"Need updated mockups for auth service before dev starts. Needed before end of sprint, please prioritize.",Design,HIGH,3,2026-08-16
Implement dark mode for mobile app,"New requirement from sales: auth service needs mobile capability. Customer-facing outage, top priority.",Feature Development,URGENT,-1,2026-08-12
Research chat options for admin dashboard,Explore whether authentication is viable for the notification service rewrite.,Research,MEDIUM,14,2026-08-27
Coordinate authentication kickoff meeting,"Prepare status update for analytics to share with leadership. No rush, whenever you get a chance.",Meeting/Admin,LOW,37,2026-09-19
Configure autoscaling for React frontend,auth service deploys are manual and error-prone; automate with CI/CD.,DevOps/Infrastructure,MEDIUM,8,2026-08-21
Create analytics integration with admin dashboard,Product wants checkout support added to the checkout flow module this quarter. Can be picked up next quarter.,Feature Development,LOW,35,2026-09-17
Investigate mobile performance issue in checkout flow,"Explore whether checkout is viable for the checkout flow rewrite. Nice to have, low priority.",Research,LOW,51,2026-10-03
Set up monitoring for search service service,Need to migrate payments service off legacy infrastructure this quarter. This is blocking the release and needs to be fixed ASAP.,DevOps/Infrastructure,URGENT,-1,2026-08-12
Address null pointer exception in user service,"Stack trace shows a export exception thrown from the backend API handler. Customer-facing outage, top priority.",Bug Fix,URGENT,-2,2026-08-11
Write API docs for admin dashboard endpoints,"New engineers need clearer docs on how checkout flow works. Needed before end of sprint, please prioritize.",Documentation,HIGH,4,2026-08-17
Fix exposed billing endpoint in billing module,Compliance requires rotating export used by search service this month.,Security,MEDIUM,12,2026-08-25
Update React frontend to latest framework version,"search service dependencies are several versions behind and need upgrading. Nice to have, low priority.",Maintenance,LOW,19,2026-09-01
Rotate search credentials for search service,"Compliance requires rotating authentication used by auth service this month. Someday/maybe, not time sensitive.",Security,LOW,35,2026-09-17
Fix exposed export endpoint in billing module,"Pen test found an exposed reporting in the notification service API. Nice to have, low priority.",Security,LOW,54,2026-10-06
Audit React frontend for security issues,Compliance requires rotating checkout used by auth service this month. Can be picked up next quarter.,Security,LOW,33,2026-09-15
Write unit tests for auth service module,QA wants automated E2E coverage for SSO before launch.,Testing,MEDIUM,5,2026-08-18
Write unit tests for backend API module,Coverage on checkout flow is below target; add tests before release. This is blocking the release and needs to be fixed ASAP.,Testing,URGENT,0,2026-08-13
Set up retro for admin dashboard team,Book time with search service team to discuss export plan. Can be picked up next quarter.,Meeting/Admin,LOW,44,2026-09-26
Fix crash when mobile on payments service,QA found this reproducible on search service under chat load.,Bug Fix,MEDIUM,7,2026-08-20
Update user service to latest framework version,"Tech debt in search service is slowing down feature work, needs refactor.",Maintenance,MEDIUM,7,2026-08-20
Create OAuth token integration with notification service,Customer requested session functionality for mobile app.,Feature Development,MEDIUM,3,2026-08-16
Redesign backend API settings page,"Current payment UI feels dated, redesign requested by stakeholders. This is high priority for the upcoming release.",Design,HIGH,4,2026-08-17
Write unit tests for reporting engine module,"The user profile flow has no automated tests, causing repeat regressions.",Testing,MEDIUM,5,2026-08-18
Set up retro for React frontend team,Book time with auth service team to discuss upload plan.,Meeting/Admin,MEDIUM,12,2026-08-25
Evaluate reporting libraries for notification service,Team needs a recommendation on analytics approach for mobile app.,Research,MEDIUM,14,2026-08-27
Patch memory leak in mobile app service,Users report search fails intermittently after the latest deploy to billing module. Important for the client demo next week.,Bug Fix,HIGH,2,2026-08-15
Investigate payment performance issue in React frontend,Unclear why admin dashboard is slow under upload; needs investigation. Can be picked up next quarter.,Research,LOW,53,2026-10-05
Investigate session performance issue in admin dashboard,Unclear why user service is slow under export; needs investigation. Important for the client demo next week.,Research,HIGH,3,2026-08-16
Create wireframes for user profile flow,"Current SSO UI feels dated, redesign requested by stakeholders. Can be picked up next quarter.",Design,LOW,53,2026-10-05
Create upload integration with checkout flow,"New requirement from sales: checkout flow needs SSO capability. Needed before end of sprint, please prioritize.",Feature Development,HIGH,3,2026-08-16
Design icon set for notification service,Create a design spec for the new admin dashboard experience. Can be picked up next quarter.,Design,LOW,15,2026-08-28
Refactor legacy notification service code,mobile app dependencies are several versions behind and need upgrading.,Maintenance,MEDIUM,5,2026-08-18
Fix exposed analytics endpoint in notification service,Compliance requires rotating export used by billing module this month.,Security,MEDIUM,11,2026-08-24
Audit notification service for security issues,"Security scan flagged a checkout vulnerability in backend API. Someday/maybe, not time sensitive.",Security,LOW,22,2026-09-04
Patch memory leak in search service service,"Users report billing fails intermittently after the latest deploy to mobile app. Needed before end of sprint, please prioritize.",Bug Fix,HIGH,3,2026-08-16
Increase test coverage on reporting engine,"The reporting flow has no automated tests, causing repeat regressions.",Testing,MEDIUM,12,2026-08-25
Update README for notification service service,New engineers need clearer docs on how admin dashboard works. Important for the client demo next week.,Documentation,HIGH,3,2026-08-16
Research search options for reporting engine,Explore whether payment is viable for the checkout flow rewrite. This is blocking the release and needs to be fixed ASAP.,Research,URGENT,-1,2026-08-12
Set up CI/CD pipeline for React frontend,search service deploys are manual and error-prone; automate with CI/CD. Important for the client demo next week.,DevOps/Infrastructure,HIGH,3,2026-08-16
Update mobile app to latest framework version,Remove dead reporting code left over from the old auth service implementation.,Maintenance,MEDIUM,10,2026-08-23
Resolve data corruption in React frontend,Stack trace shows a checkout exception thrown from the admin dashboard handler. Can be picked up next quarter.,Bug Fix,LOW,26,2026-09-08
Redesign user service settings page,"Need updated mockups for React frontend before dev starts. Needed before end of sprint, please prioritize.",Design,HIGH,5,2026-08-18
Set up CI/CD pipeline for notification service,Need to migrate payments service off legacy infrastructure this quarter. Important for the client demo next week.,DevOps/Infrastructure,HIGH,2,2026-08-15
Write API docs for notification service endpoints,New engineers need clearer docs on how search service works. Important for the client demo next week.,Documentation,HIGH,4,2026-08-17
Write unit tests for admin dashboard module,"Coverage on search service is below target; add tests before release. Someday/maybe, not time sensitive.",Testing,LOW,46,2026-09-28
Research mobile options for billing module,"Explore whether reporting is viable for the reporting engine rewrite. Nice to have, low priority.",Research,LOW,50,2026-10-02
Design icon set for checkout flow,"Need updated mockups for auth service before dev starts. Customer-facing outage, top priority.",Design,URGENT,1,2026-08-14
Design UI mockups for admin dashboard,Need updated mockups for admin dashboard before dev starts. Important for the client demo next week.,Design,HIGH,1,2026-08-14
Update README for mobile app service,New engineers need clearer docs on how payments service works. Can be picked up next quarter.,Documentation,LOW,41,2026-09-23
Investigate search performance issue in search service,Unclear why payments service is slow under analytics; needs investigation. This is high priority for the upcoming release.,Research,HIGH,5,2026-08-18
Write architecture doc for notification service,New engineers need clearer docs on how backend API works. Important for the client demo next week.,Documentation,HIGH,5,2026-08-18
Add payment filtering to backend API dashboard,New requirement from sales: notification service needs mobile capability. Important for the client demo next week.,Feature Development,HIGH,4,2026-08-17
Schedule sprint planning for reporting engine,Need to align stakeholders on user service before next sprint. Can be picked up next quarter.,Meeting/Admin,LOW,14,2026-08-27
Set up retro for search service team,Book time with mobile app team to discuss upload plan. Can be picked up next quarter.,Meeting/Admin,LOW,29,2026-09-11
Patch memory leak in auth service service,"Regression introduced by last sprint's changes to backend API; needs a hotfix. Critical: production is down, all hands on this now.",Bug Fix,URGENT,-1,2026-08-12
Audit search service for security issues,"Security scan flagged a payment vulnerability in backend API. Needed before end of sprint, please prioritize.",Security,HIGH,2,2026-08-15
Patch memory leak in admin dashboard service,"QA found this reproducible on checkout flow under checkout load. No rush, whenever you get a chance.",Bug Fix,LOW,19,2026-09-01
Prepare slides for auth service review,"Need to align stakeholders on backend API before next sprint. No rush, whenever you get a chance.",Meeting/Admin,LOW,42,2026-09-24
Investigate export performance issue in billing module,"Unclear why React frontend is slow under analytics; needs investigation. Someday/maybe, not time sensitive.",Research,LOW,55,2026-10-07
Coordinate OAuth token kickoff meeting,"Prepare status update for checkout to share with leadership. Nice to have, low priority.",Meeting/Admin,LOW,30,2026-09-12
Resolve data corruption in auth service,"Stack trace shows a chat exception thrown from the search service handler. Needed before end of sprint, please prioritize.",Bug Fix,HIGH,4,2026-08-17
Document chat setup process,New engineers need clearer docs on how mobile app works.,Documentation,MEDIUM,12,2026-08-25
Set up monitoring for billing module service,"Need to migrate admin dashboard off legacy infrastructure this quarter. Nice to have, low priority.",DevOps/Infrastructure,LOW,29,2026-09-11
Prepare slides for notification service review,"Prepare status update for upload to share with leadership. No rush, whenever you get a chance.",Meeting/Admin,LOW,22,2026-09-04
Implement mobile export for React frontend,Customer requested chat functionality for backend API. Important for the client demo next week.,Feature Development,HIGH,5,2026-08-18
Research export options for React frontend,"Unclear why backend API is slow under OAuth token; needs investigation. Someday/maybe, not time sensitive.",Research,LOW,32,2026-09-14
Fix incorrect upload calculation in payments service,Regression introduced by last sprint's changes to checkout flow; needs a hotfix. Can be picked up next quarter.,Bug Fix,LOW,58,2026-10-10
Migrate mobile app to new cluster,Ops wants alerting configured for React frontend before it handles more traffic.,DevOps/Infrastructure,MEDIUM,5,2026-08-18
Update README for search service service,"The analytics process isn't documented anywhere; write a guide. Needed before end of sprint, please prioritize.",Documentation,HIGH,4,2026-08-17
Update README for mobile app service,"The search process isn't documented anywhere; write a guide. Critical: production is down, all hands on this now.",Documentation,URGENT,1,2026-08-14
Configure autoscaling for auth service,"Need to migrate notification service off legacy infrastructure this quarter. No rush, whenever you get a chance.",DevOps/Infrastructure,LOW,58,2026-10-10
Refactor legacy admin dashboard code,"Tech debt in search service is slowing down feature work, needs refactor. No rush, whenever you get a chance.",Maintenance,LOW,33,2026-09-15
Update checkout flow to latest framework version,"Remove dead session code left over from the old mobile app implementation. Customer-facing outage, top priority.",Maintenance,URGENT,-2,2026-08-11
Write API docs for mobile app endpoints,"API consumers are confused about user service usage, needs docs. Can be picked up next quarter.",Documentation,LOW,18,2026-08-31
Audit auth service for security issues,Pen test found an exposed billing in the admin dashboard API.,Security,MEDIUM,5,2026-08-18
Spike on export feasibility for auth service,"Team needs a recommendation on search approach for checkout flow. Someday/maybe, not time sensitive.",Research,LOW,28,2026-09-10
Create wireframes for billing flow,"Current reporting UI feels dated, redesign requested by stakeholders. Important for the client demo next week.",Design,HIGH,5,2026-08-18
Write API docs for React frontend endpoints,The reporting process isn't documented anywhere; write a guide. This is a P0 blocker for the launch tomorrow.,Documentation,URGENT,-1,2026-08-12
Fix broken upload button on reporting engine page,Stack trace shows a search exception thrown from the checkout flow handler. This is high priority for the upcoming release.,Bug Fix,HIGH,3,2026-08-16
Evaluate mobile libraries for payments service,"Explore whether reporting is viable for the mobile app rewrite. Someday/maybe, not time sensitive.",Research,LOW,28,2026-09-10
Evaluate billing libraries for auth service,Explore whether SSO is viable for the payments service rewrite.,Research,MEDIUM,5,2026-08-18
Audit payments service for security issues,"Security scan flagged a authentication vulnerability in user service. Urgent request from the CEO, needs to ship today.",Security,URGENT,-2,2026-08-11
Clean up unused checkout in notification service,"React frontend dependencies are several versions behind and need upgrading. Needed before end of sprint, please prioritize.",Maintenance,HIGH,1,2026-08-14
Address null pointer exception in billing module,Stack trace shows a analytics exception thrown from the payments service handler. This is blocking the release and needs to be fixed ASAP.,Bug Fix,URGENT,-1,2026-08-12
Write API docs for payments service endpoints,"New engineers need clearer docs on how reporting engine works. Needed before end of sprint, please prioritize.",Documentation,HIGH,1,2026-08-14
Provision new search environment,Ops wants alerting configured for billing module before it handles more traffic.,DevOps/Infrastructure,MEDIUM,9,2026-08-22
Design UI mockups for checkout flow,"Need updated mockups for mobile app before dev starts. Needed before end of sprint, please prioritize.",Design,HIGH,1,2026-08-14
Investigate user profile performance issue in payments service,"Explore whether mobile is viable for the backend API rewrite. Nice to have, low priority.",Research,LOW,50,2026-10-02
Update auth service to latest framework version,Remove dead billing code left over from the old notification service implementation. Can be picked up next quarter.,Maintenance,LOW,38,2026-09-20
Investigate OAuth token performance issue in user service,"Explore whether user profile is viable for the reporting engine rewrite. Customer-facing outage, top priority.",Research,URGENT,-1,2026-08-12
Increase test coverage on payments service,"Coverage on payments service is below target; add tests before release. Someday/maybe, not time sensitive.",Testing,LOW,23,2026-09-05
Write API docs for payments service endpoints,"New engineers need clearer docs on how reporting engine works. Urgent request from the CEO, needs to ship today.",Documentation,URGENT,-1,2026-08-12
Audit notification service for security issues,Security scan flagged a user profile vulnerability in reporting engine.,Security,MEDIUM,11,2026-08-24
Patch checkout vulnerability in search service,"Compliance requires rotating billing used by payments service this month. Someday/maybe, not time sensitive.",Security,LOW,51,2026-10-03
Audit reporting engine for security issues,"Compliance requires rotating checkout used by auth service this month. Needed before end of sprint, please prioritize.",Security,HIGH,2,2026-08-15
Implement dark mode for backend API,Product wants payment support added to the user service module this quarter.,Feature Development,MEDIUM,3,2026-08-16
Write API docs for backend API endpoints,The session process isn't documented anywhere; write a guide. Can be picked up next quarter.,Documentation,LOW,26,2026-09-08
Update React frontend to latest framework version,"auth service dependencies are several versions behind and need upgrading. Critical: production is down, all hands on this now.",Maintenance,URGENT,0,2026-08-13
Add regression tests for notification service,"QA wants automated E2E coverage for analytics before launch. Nice to have, low priority.",Testing,LOW,40,2026-09-22
Rotate export credentials for checkout flow,Compliance requires rotating mobile used by backend API this month.,Security,MEDIUM,11,2026-08-24
Evaluate OAuth token libraries for search service,"Unclear why notification service is slow under session; needs investigation. Nice to have, low priority.",Research,LOW,49,2026-10-01
Add regression tests for user service,QA wants automated E2E coverage for SSO before launch. Important for the client demo next week.,Testing,HIGH,4,2026-08-17
Add support for reporting in auth service,"Product wants session support added to the auth service module this quarter. Someday/maybe, not time sensitive.",Feature Development,LOW,25,2026-09-07
Spike on checkout feasibility for notification service,"Unclear why admin dashboard is slow under chat; needs investigation. No rush, whenever you get a chance.",Research,LOW,14,2026-08-27
Add search filtering to auth service dashboard,"New requirement from sales: notification service needs payment capability. Nice to have, low priority.",Feature Development,LOW,20,2026-09-02
Refactor legacy payments service code,"Tech debt in checkout flow is slowing down feature work, needs refactor. No rush, whenever you get a chance.",Maintenance,LOW,47,2026-09-29
Coordinate analytics kickoff meeting,"Book time with user service team to discuss mobile plan. Someday/maybe, not time sensitive.",Meeting/Admin,LOW,45,2026-09-27
Research export options for backend API,"Unclear why auth service is slow under SSO; needs investigation. Nice to have, low priority.",Research,LOW,14,2026-08-27
Upgrade auth service dependencies,"Tech debt in React frontend is slowing down feature work, needs refactor.",Maintenance,MEDIUM,10,2026-08-23
Fix exposed authentication endpoint in React frontend,Pen test found an exposed session in the billing module API.,Security,MEDIUM,8,2026-08-21
Fix exposed upload endpoint in billing module,Compliance requires rotating payment used by billing module this month.,Security,MEDIUM,8,2026-08-21
Prepare slides for auth service review,Need to align stakeholders on reporting engine before next sprint. Important for the client demo next week.,Meeting/Admin,HIGH,4,2026-08-17
Set up monitoring for user service service,mobile app deploys are manual and error-prone; automate with CI/CD.,DevOps/Infrastructure,MEDIUM,4,2026-08-17
Document billing setup process,The upload process isn't documented anywhere; write a guide.,Documentation,MEDIUM,5,2026-08-18
Configure autoscaling for checkout flow,Need to migrate user service off legacy infrastructure this quarter.,DevOps/Infrastructure,MEDIUM,3,2026-08-16
Coordinate session kickoff meeting,"Book time with checkout flow team to discuss OAuth token plan. Urgent request from the CEO, needs to ship today.",Meeting/Admin,URGENT,1,2026-08-14
Write architecture doc for user service,"API consumers are confused about React frontend usage, needs docs. Someday/maybe, not time sensitive.",Documentation,LOW,45,2026-09-27
Fix crash when chat on checkout flow,QA found this reproducible on auth service under user profile load.,Bug Fix,MEDIUM,7,2026-08-20
Clean up unused export in checkout flow,"Remove dead user profile code left over from the old user service implementation. Needed before end of sprint, please prioritize.",Maintenance,HIGH,2,2026-08-15
Audit user service for security issues,Pen test found an exposed payment in the admin dashboard API. Can be picked up next quarter.,Security,LOW,27,2026-09-09
Research authentication options for admin dashboard,Explore whether chat is viable for the backend API rewrite. Important for the client demo next week.,Research,HIGH,1,2026-08-14
Rotate export credentials for auth service,Compliance requires rotating SSO used by user service this month. Can be picked up next quarter.,Security,LOW,24,2026-09-06
Implement search export for user service,New requirement from sales: backend API needs billing capability.,Feature Development,MEDIUM,7,2026-08-20
Upgrade billing module dependencies,billing module dependencies are several versions behind and need upgrading. Can be picked up next quarter.,Maintenance,LOW,47,2026-09-29
Add mobile filtering to billing module dashboard,New requirement from sales: auth service needs OAuth token capability. Can be picked up next quarter.,Feature Development,LOW,44,2026-09-26
Create wireframes for upload flow,"Create a design spec for the new admin dashboard experience. No rush, whenever you get a chance.",Design,LOW,49,2026-10-01
Set up monitoring for notification service service,"search service deploys are manual and error-prone; automate with CI/CD. No rush, whenever you get a chance.",DevOps/Infrastructure,LOW,17,2026-08-30
Fix incorrect mobile calculation in auth service,"Regression introduced by last sprint's changes to user service; needs a hotfix. Someday/maybe, not time sensitive.",Bug Fix,LOW,20,2026-09-02
Audit notification service for security issues,Security scan flagged a session vulnerability in mobile app.,Security,MEDIUM,4,2026-08-17
Clean up unused SSO in checkout flow,search service dependencies are several versions behind and need upgrading. Can be picked up next quarter.,Maintenance,LOW,41,2026-09-23
Schedule sprint planning for search service,Book time with backend API team to discuss session plan.,Meeting/Admin,MEDIUM,11,2026-08-24
Prepare slides for auth service review,Need to align stakeholders on React frontend before next sprint.,Meeting/Admin,MEDIUM,6,2026-08-19
Investigate session performance issue in reporting engine,Team needs a recommendation on mobile approach for notification service. Important for the client demo next week.,Research,HIGH,3,2026-08-16
Create wireframes for upload flow,Need updated mockups for search service before dev starts. Important for the client demo next week.,Design,HIGH,4,2026-08-17
Update mobile app to latest framework version,backend API dependencies are several versions behind and need upgrading.,Maintenance,MEDIUM,5,2026-08-18
Build new mobile app onboarding flow,Customer requested OAuth token functionality for search service. Important for the client demo next week.,Feature Development,HIGH,2,2026-08-15
Update README for checkout flow service,"New engineers need clearer docs on how notification service works. Needed before end of sprint, please prioritize.",Documentation,HIGH,3,2026-08-16
Schedule sprint planning for search service,Prepare status update for billing to share with leadership. Important for the client demo next week.,Meeting/Admin,HIGH,3,2026-08-16
Provision new payment environment,"Need to migrate payments service off legacy infrastructure this quarter. Critical: production is down, all hands on this now.",DevOps/Infrastructure,URGENT,-1,2026-08-12
Set up CI/CD pipeline for React frontend,"mobile app deploys are manual and error-prone; automate with CI/CD. Nice to have, low priority.",DevOps/Infrastructure,LOW,20,2026-09-02
Write architecture doc for backend API,"API consumers are confused about user service usage, needs docs. This is high priority for the upcoming release.",Documentation,HIGH,1,2026-08-14
Implement dark mode for search service,New requirement from sales: auth service needs session capability. Important for the client demo next week.,Feature Development,HIGH,4,2026-08-17
Create onboarding guide for admin dashboard,"API consumers are confused about billing module usage, needs docs. Can be picked up next quarter.",Documentation,LOW,49,2026-10-01
Configure autoscaling for mobile app,checkout flow deploys are manual and error-prone; automate with CI/CD.,DevOps/Infrastructure,MEDIUM,5,2026-08-18
Migrate mobile app to new cluster,React frontend deploys are manual and error-prone; automate with CI/CD. Can be picked up next quarter.,DevOps/Infrastructure,LOW,45,2026-09-27
Provision new checkout environment,"mobile app deploys are manual and error-prone; automate with CI/CD. No rush, whenever you get a chance.",DevOps/Infrastructure,LOW,37,2026-09-19
Design UI mockups for search service,"Current user profile UI feels dated, redesign requested by stakeholders.",Design,MEDIUM,8,2026-08-21
Increase test coverage on payments service,"The billing flow has no automated tests, causing repeat regressions. Can be picked up next quarter.",Testing,LOW,21,2026-09-03
Schedule sprint planning for checkout flow,Prepare status update for analytics to share with leadership.,Meeting/Admin,MEDIUM,7,2026-08-20
Create wireframes for mobile flow,Need updated mockups for billing module before dev starts.,Design,MEDIUM,6,2026-08-19
Write unit tests for notification service module,"The checkout flow has no automated tests, causing repeat regressions.",Testing,MEDIUM,6,2026-08-19
Refactor legacy backend API code,Remove dead billing code left over from the old billing module implementation.,Maintenance,MEDIUM,5,2026-08-18
Upgrade payments service dependencies,"Tech debt in search service is slowing down feature work, needs refactor. Important for the client demo next week.",Maintenance,HIGH,5,2026-08-18
Evaluate reporting libraries for auth service,"Team needs a recommendation on reporting approach for payments service. Needed before end of sprint, please prioritize.",Research,HIGH,3,2026-08-16
Investigate OAuth token performance issue in auth service,"Team needs a recommendation on session approach for mobile app. Someday/maybe, not time sensitive.",Research,LOW,46,2026-09-28
Resolve login failure for chat users,Users report reporting fails intermittently after the latest deploy to user service.,Bug Fix,MEDIUM,6,2026-08-19
Redesign user service settings page,"Current checkout UI feels dated, redesign requested by stakeholders.",Design,MEDIUM,14,2026-08-27
Evaluate upload libraries for user service,"Explore whether session is viable for the React frontend rewrite. Nice to have, low priority.",Research,LOW,27,2026-09-09
Evaluate upload libraries for checkout flow,Explore whether user profile is viable for the user service rewrite.,Research,MEDIUM,9,2026-08-22
Redesign checkout flow settings page,"Create a design spec for the new checkout flow experience. No rush, whenever you get a chance.",Design,LOW,21,2026-09-03
Fix broken billing button on notification service page,Users report chat fails intermittently after the latest deploy to notification service. Can be picked up next quarter.,Bug Fix,LOW,24,2026-09-06
Implement dark mode for billing module,Customer requested export functionality for billing module. Important for the client demo next week.,Feature Development,HIGH,2,2026-08-15
Design icon set for reporting engine,"Create a design spec for the new billing module experience. Needed before end of sprint, please prioritize.",Design,HIGH,5,2026-08-18
Coordinate billing kickoff meeting,"Book time with mobile app team to discuss session plan. Someday/maybe, not time sensitive.",Meeting/Admin,LOW,35,2026-09-17
Audit billing module for security issues,Security scan flagged a chat vulnerability in reporting engine. This is a P0 blocker for the launch tomorrow.,Security,URGENT,-2,2026-08-11
Update README for search service service,"API consumers are confused about search service usage, needs docs. No rush, whenever you get a chance.",Documentation,LOW,22,2026-09-04
Create wireframes for export flow,"Current session UI feels dated, redesign requested by stakeholders.",Design,MEDIUM,8,2026-08-21
Audit admin dashboard for security issues,"Pen test found an exposed SSO in the React frontend API. Nice to have, low priority.",Security,LOW,41,2026-09-23
Prepare slides for user service review,Book time with React frontend team to discuss checkout plan. This is high priority for the upcoming release.,Meeting/Admin,HIGH,1,2026-08-14
Add regression tests for mobile app,"The OAuth token flow has no automated tests, causing repeat regressions. This is blocking the release and needs to be fixed ASAP.",Testing,URGENT,-1,2026-08-12
Fix exposed OAuth token endpoint in billing module,Security scan flagged a user profile vulnerability in mobile app.,Security,MEDIUM,3,2026-08-16
Rotate OAuth token credentials for React frontend,"Pen test found an exposed billing in the checkout flow API. Urgent request from the CEO, needs to ship today.",Security,URGENT,-1,2026-08-12
Update user service to latest framework version,Remove dead payment code left over from the old notification service implementation. Can be picked up next quarter.,Maintenance,LOW,19,2026-09-01
Provision new chat environment,"Ops wants alerting configured for reporting engine before it handles more traffic. Urgent request from the CEO, needs to ship today.",DevOps/Infrastructure,URGENT,-1,2026-08-12
Create onboarding guide for reporting engine,"API consumers are confused about React frontend usage, needs docs.",Documentation,MEDIUM,12,2026-08-25
Implement payment export for billing module,New requirement from sales: checkout flow needs OAuth token capability. Can be picked up next quarter.,Feature Development,LOW,22,2026-09-04
Configure autoscaling for notification service,Ops wants alerting configured for backend API before it handles more traffic.,DevOps/Infrastructure,MEDIUM,14,2026-08-27
Clean up unused OAuth token in billing module,"billing module dependencies are several versions behind and need upgrading. No rush, whenever you get a chance.",Maintenance,LOW,32,2026-09-14
Set up CI/CD pipeline for payments service,Need to migrate reporting engine off legacy infrastructure this quarter.,DevOps/Infrastructure,MEDIUM,9,2026-08-22
Build new reporting engine onboarding flow,"Customer requested payment functionality for user service. Nice to have, low priority.",Feature Development,LOW,42,2026-09-24
Add analytics filtering to mobile app dashboard,Customer requested upload functionality for notification service. This is high priority for the upcoming release.,Feature Development,HIGH,5,2026-08-18
Fix crash when export on mobile app,"Regression introduced by last sprint's changes to user service; needs a hotfix. Urgent request from the CEO, needs to ship today.",Bug Fix,URGENT,1,2026-08-14
Write unit tests for mobile app module,"The OAuth token flow has no automated tests, causing repeat regressions. Important for the client demo next week.",Testing,HIGH,5,2026-08-18
Document reporting setup process,"New engineers need clearer docs on how admin dashboard works. Needed before end of sprint, please prioritize.",Documentation,HIGH,5,2026-08-18
Patch memory leak in billing module service,Stack trace shows a billing exception thrown from the search service handler. This is high priority for the upcoming release.,Bug Fix,HIGH,2,2026-08-15
Update auth service to latest framework version,"Tech debt in backend API is slowing down feature work, needs refactor. This is high priority for the upcoming release.",Maintenance,HIGH,3,2026-08-16
Write architecture doc for user service,"The user profile process isn't documented anywhere; write a guide. Someday/maybe, not time sensitive.",Documentation,LOW,18,2026-08-31
Resolve login failure for upload users,QA found this reproducible on auth service under reporting load. Can be picked up next quarter.,Bug Fix,LOW,48,2026-09-30
Design icon set for admin dashboard,Need updated mockups for React frontend before dev starts. This is a P0 blocker for the launch tomorrow.,Design,URGENT,-2,2026-08-11
Create onboarding guide for backend API,The search process isn't documented anywhere; write a guide.,Documentation,MEDIUM,9,2026-08-22
Write architecture doc for React frontend,The export process isn't documented anywhere; write a guide.,Documentation,MEDIUM,10,2026-08-23
Add support for SSO in checkout flow,"New requirement from sales: mobile app needs upload capability. No rush, whenever you get a chance.",Feature Development,LOW,50,2026-10-02
Research authentication options for search service,"Unclear why reporting engine is slow under user profile; needs investigation. No rush, whenever you get a chance.",Research,LOW,50,2026-10-02
Update README for billing module service,The upload process isn't documented anywhere; write a guide.,Documentation,MEDIUM,7,2026-08-20
Configure autoscaling for reporting engine,mobile app deploys are manual and error-prone; automate with CI/CD.,DevOps/Infrastructure,MEDIUM,10,2026-08-23
Create onboarding guide for search service,"The session process isn't documented anywhere; write a guide. Customer-facing outage, top priority.",Documentation,URGENT,-2,2026-08-11
Create OAuth token integration with admin dashboard,"Product wants payment support added to the admin dashboard module this quarter. No rush, whenever you get a chance.",Feature Development,LOW,46,2026-09-28
Prepare slides for search service review,Prepare status update for export to share with leadership.,Meeting/Admin,MEDIUM,11,2026-08-24
Add integration tests for payment flow,"The SSO flow has no automated tests, causing repeat regressions.",Testing,MEDIUM,7,2026-08-20
Add analytics filtering to backend API dashboard,Product wants upload support added to the React frontend module this quarter. Can be picked up next quarter.,Feature Development,LOW,26,2026-09-08
Update payments service to latest framework version,Remove dead search code left over from the old user service implementation. Important for the client demo next week.,Maintenance,HIGH,2,2026-08-15
Address null pointer exception in auth service,"Stack trace shows a OAuth token exception thrown from the notification service handler. No rush, whenever you get a chance.",Bug Fix,LOW,60,2026-10-12
Set up monitoring for payments service service,admin dashboard deploys are manual and error-prone; automate with CI/CD. This is blocking the release and needs to be fixed ASAP.,DevOps/Infrastructure,URGENT,1,2026-08-14
Audit checkout flow for security issues,Security scan flagged a search vulnerability in admin dashboard.,Security,MEDIUM,6,2026-08-19
Upgrade checkout flow dependencies,"Tech debt in checkout flow is slowing down feature work, needs refactor. Needed before end of sprint, please prioritize.",Maintenance,HIGH,2,2026-08-15
Document chat setup process,"New engineers need clearer docs on how reporting engine works. Someday/maybe, not time sensitive.",Documentation,LOW,23,2026-09-05
Investigate OAuth token performance issue in checkout flow,Unclear why payments service is slow under payment; needs investigation. This is high priority for the upcoming release.,Research,HIGH,4,2026-08-17
Create wireframes for search flow,Need updated mockups for reporting engine before dev starts.,Design,MEDIUM,6,2026-08-19
Create onboarding guide for React frontend,"API consumers are confused about checkout flow usage, needs docs. Critical: production is down, all hands on this now.",Documentation,URGENT,0,2026-08-13
Spike on checkout feasibility for reporting engine,Unclear why backend API is slow under payment; needs investigation.,Research,MEDIUM,5,2026-08-18
Update reporting engine to latest framework version,"Remove dead search code left over from the old backend API implementation. Nice to have, low priority.",Maintenance,LOW,16,2026-08-29
Fix broken SSO button on notification service page,"QA found this reproducible on user service under session load. No rush, whenever you get a chance.",Bug Fix,LOW,50,2026-10-02
Migrate billing module to new cluster,Ops wants alerting configured for backend API before it handles more traffic. Important for the client demo next week.,DevOps/Infrastructure,HIGH,5,2026-08-18
Set up CI/CD pipeline for React frontend,"Need to migrate payments service off legacy infrastructure this quarter. Needed before end of sprint, please prioritize.",DevOps/Infrastructure,HIGH,1,2026-08-14
Fix race condition in checkout flow module,"QA found this reproducible on notification service under checkout load. No rush, whenever you get a chance.",Bug Fix,LOW,55,2026-10-07
Prepare slides for React frontend review,"Need to align stakeholders on billing module before next sprint. No rush, whenever you get a chance.",Meeting/Admin,LOW,46,2026-09-28
Schedule sprint planning for user service,"Prepare status update for search to share with leadership. Urgent request from the CEO, needs to ship today.",Meeting/Admin,URGENT,0,2026-08-13
Design icon set for React frontend,"Current checkout UI feels dated, redesign requested by stakeholders. This is high priority for the upcoming release.",Design,HIGH,4,2026-08-17
Fix race condition in admin dashboard module,"Stack trace shows a authentication exception thrown from the backend API handler. Nice to have, low priority.",Bug Fix,LOW,28,2026-09-10
Redesign payments service settings page,"Need updated mockups for payments service before dev starts. Customer-facing outage, top priority.",Design,URGENT,-2,2026-08-11
Document search setup process,"API consumers are confused about React frontend usage, needs docs. Needed before end of sprint, please prioritize.",Documentation,HIGH,1,2026-08-14
Audit reporting engine for security issues,"Pen test found an exposed SSO in the search service API. Someday/maybe, not time sensitive.",Security,LOW,53,2026-10-05
Fix incorrect export calculation in payments service,QA found this reproducible on auth service under export load.,Bug Fix,MEDIUM,4,2026-08-17
Add integration tests for billing flow,Coverage on search service is below target; add tests before release.,Testing,MEDIUM,7,2026-08-20
Upgrade payments service dependencies,"Tech debt in reporting engine is slowing down feature work, needs refactor.",Maintenance,MEDIUM,11,2026-08-24
Set up CI/CD pipeline for backend API,React frontend deploys are manual and error-prone; automate with CI/CD.,DevOps/Infrastructure,MEDIUM,4,2026-08-17
Provision new upload environment,user service deploys are manual and error-prone; automate with CI/CD.,DevOps/Infrastructure,MEDIUM,9,2026-08-22
Design icon set for search service,Create a design spec for the new billing module experience.,Design,MEDIUM,5,2026-08-18
Write E2E tests for authentication checkout,Coverage on billing module is below target; add tests before release. Important for the client demo next week.,Testing,HIGH,3,2026-08-16
Fix incorrect billing calculation in auth service,Users report upload fails intermittently after the latest deploy to React frontend.,Bug Fix,MEDIUM,10,2026-08-23
Create wireframes for checkout flow,"Current mobile UI feels dated, redesign requested by stakeholders.",Design,MEDIUM,14,2026-08-27
Refactor legacy checkout flow code,Remove dead export code left over from the old payments service implementation. Can be picked up next quarter.,Maintenance,LOW,28,2026-09-10
Redesign user service settings page,"Current billing UI feels dated, redesign requested by stakeholders.",Design,MEDIUM,4,2026-08-17
Add regression tests for user service,"The user profile flow has no automated tests, causing repeat regressions. Needed before end of sprint, please prioritize.",Testing,HIGH,1,2026-08-14
Write API docs for notification service endpoints,"API consumers are confused about search service usage, needs docs.",Documentation,MEDIUM,14,2026-08-27
Write API docs for mobile app endpoints,"New engineers need clearer docs on how notification service works. No rush, whenever you get a chance.",Documentation,LOW,17,2026-08-30
Fix crash when chat on billing module,"QA found this reproducible on admin dashboard under payment load. Someday/maybe, not time sensitive.",Bug Fix,LOW,43,2026-09-25
Add regression tests for checkout flow,Coverage on billing module is below target; add tests before release.,Testing,MEDIUM,12,2026-08-25
Implement user profile export for React frontend,Customer requested SSO functionality for backend API. This is blocking the release and needs to be fixed ASAP.,Feature Development,URGENT,1,2026-08-14
Rotate OAuth token credentials for notification service,Security scan flagged a export vulnerability in search service. Important for the client demo next week.,Security,HIGH,5,2026-08-18
Update reporting engine to latest framework version,"Remove dead mobile code left over from the old user service implementation. Urgent request from the CEO, needs to ship today.",Maintenance,URGENT,0,2026-08-13
Upgrade billing module dependencies,"Tech debt in admin dashboard is slowing down feature work, needs refactor.",Maintenance,MEDIUM,3,2026-08-16
Fix crash when session on checkout flow,Regression introduced by last sprint's changes to notification service; needs a hotfix. This is high priority for the upcoming release.,Bug Fix,HIGH,1,2026-08-14
Write E2E tests for checkout checkout,"QA wants automated E2E coverage for session before launch. Needed before end of sprint, please prioritize.",Testing,HIGH,5,2026-08-18
Clean up unused analytics in admin dashboard,"Tech debt in payments service is slowing down feature work, needs refactor. Can be picked up next quarter.",Maintenance,LOW,23,2026-09-05
Fix incorrect export calculation in admin dashboard,Users report checkout fails intermittently after the latest deploy to mobile app. This is high priority for the upcoming release.,Bug Fix,HIGH,3,2026-08-16
Spike on mobile feasibility for search service,Unclear why checkout flow is slow under authentication; needs investigation.,Research,MEDIUM,7,2026-08-20
Redesign user service settings page,"Current billing UI feels dated, redesign requested by stakeholders. No rush, whenever you get a chance.",Design,LOW,17,2026-08-30
Refactor legacy auth service code,"Remove dead mobile code left over from the old payments service implementation. No rush, whenever you get a chance.",Maintenance,LOW,58,2026-10-10
Refactor legacy payments service code,Remove dead payment code left over from the old billing module implementation.,Maintenance,MEDIUM,7,2026-08-20
Patch memory leak in user service service,Stack trace shows a mobile exception thrown from the billing module handler. This is high priority for the upcoming release.,Bug Fix,HIGH,4,2026-08-17
Redesign payments service settings page,"Current payment UI feels dated, redesign requested by stakeholders.",Design,MEDIUM,6,2026-08-19
Investigate search performance issue in notification service,Unclear why backend API is slow under billing; needs investigation. This is blocking the release and needs to be fixed ASAP.,Research,URGENT,-1,2026-08-12
Patch SSO vulnerability in billing module,"Security scan flagged a chat vulnerability in reporting engine. Needed before end of sprint, please prioritize.",Security,HIGH,1,2026-08-14
Research export options for payments service,Explore whether reporting is viable for the mobile app rewrite.,Research,MEDIUM,7,2026-08-20
Research session options for backend API,Team needs a recommendation on billing approach for checkout flow. This is high priority for the upcoming release.,Research,HIGH,3,2026-08-16
Spike on mobile feasibility for backend API,Team needs a recommendation on search approach for billing module. This is high priority for the upcoming release.,Research,HIGH,4,2026-08-17
Implement checkout export for reporting engine,New requirement from sales: payments service needs payment capability.,Feature Development,MEDIUM,13,2026-08-26
Research reporting options for React frontend,Team needs a recommendation on mobile approach for auth service. Can be picked up next quarter.,Research,LOW,14,2026-08-27
Set up retro for mobile app team,Need to align stakeholders on reporting engine before next sprint. Can be picked up next quarter.,Meeting/Admin,LOW,33,2026-09-15
Research session options for admin dashboard,"Explore whether search is viable for the payments service rewrite. Someday/maybe, not time sensitive.",Research,LOW,28,2026-09-10
Design icon set for backend API,Need updated mockups for React frontend before dev starts. This is high priority for the upcoming release.,Design,HIGH,3,2026-08-16
Prepare slides for admin dashboard review,Prepare status update for OAuth token to share with leadership. Important for the client demo next week.,Meeting/Admin,HIGH,5,2026-08-18
Research billing options for user service,"Explore whether search is viable for the payments service rewrite. No rush, whenever you get a chance.",Research,LOW,57,2026-10-09
Create onboarding guide for payments service,The billing process isn't documented anywhere; write a guide.,Documentation,MEDIUM,9,2026-08-22
Investigate session performance issue in reporting engine,Unclear why payments service is slow under search; needs investigation. This is high priority for the upcoming release.,Research,HIGH,5,2026-08-18
Set up retro for billing module team,Prepare status update for chat to share with leadership. Can be picked up next quarter.,Meeting/Admin,LOW,44,2026-09-26
Schedule sprint planning for payments service,Book time with auth service team to discuss mobile plan. This is high priority for the upcoming release.,Meeting/Admin,HIGH,1,2026-08-14
Research SSO options for billing module,Unclear why checkout flow is slow under chat; needs investigation.,Research,MEDIUM,7,2026-08-20
Update README for mobile app service,The SSO process isn't documented anywhere; write a guide. Important for the client demo next week.,Documentation,HIGH,4,2026-08-17
Evaluate checkout libraries for payments service,Team needs a recommendation on reporting approach for auth service.,Research,MEDIUM,7,2026-08-20
Audit mobile app for security issues,"Pen test found an exposed upload in the payments service API. Customer-facing outage, top priority.",Security,URGENT,0,2026-08-13
Design UI mockups for React frontend,Need updated mockups for reporting engine before dev starts.,Design,MEDIUM,6,2026-08-19
Upgrade payments service dependencies,"Tech debt in backend API is slowing down feature work, needs refactor. Someday/maybe, not time sensitive.",Maintenance,LOW,28,2026-09-10
Create wireframes for reporting flow,Create a design spec for the new admin dashboard experience.,Design,MEDIUM,11,2026-08-24
Write API docs for billing module endpoints,The upload process isn't documented anywhere; write a guide.,Documentation,MEDIUM,9,2026-08-22
Investigate OAuth token performance issue in backend API,"Unclear why React frontend is slow under OAuth token; needs investigation. No rush, whenever you get a chance.",Research,LOW,25,2026-09-07
Add OAuth token filtering to mobile app dashboard,"Design has finalized mockups for the payment feature in auth service. No rush, whenever you get a chance.",Feature Development,LOW,60,2026-10-12
Update README for backend API service,New engineers need clearer docs on how user service works. This is a P0 blocker for the launch tomorrow.,Documentation,URGENT,1,2026-08-14
Fix incorrect billing calculation in payments service,Users report analytics fails intermittently after the latest deploy to reporting engine.,Bug Fix,MEDIUM,11,2026-08-24
Research mobile options for notification service,"Team needs a recommendation on mobile approach for reporting engine. Needed before end of sprint, please prioritize.",Research,HIGH,4,2026-08-17
Upgrade React frontend dependencies,"Tech debt in backend API is slowing down feature work, needs refactor. Important for the client demo next week.",Maintenance,HIGH,1,2026-08-14
Write unit tests for reporting engine module,"The analytics flow has no automated tests, causing repeat regressions.",Testing,MEDIUM,10,2026-08-23
Update reporting engine to latest framework version,"auth service dependencies are several versions behind and need upgrading. Nice to have, low priority.",Maintenance,LOW,36,2026-09-18
Patch analytics vulnerability in billing module,Pen test found an exposed checkout in the checkout flow API.,Security,MEDIUM,13,2026-08-26
Coordinate OAuth token kickoff meeting,"Need to align stakeholders on React frontend before next sprint. Customer-facing outage, top priority.",Meeting/Admin,URGENT,0,2026-08-13
Increase test coverage on payments service,QA wants automated E2E coverage for checkout before launch.,Testing,MEDIUM,5,2026-08-18
Update reporting engine to latest framework version,"payments service dependencies are several versions behind and need upgrading. No rush, whenever you get a chance.",Maintenance,LOW,59,2026-10-11
Write E2E tests for checkout checkout,Coverage on backend API is below target; add tests before release.,Testing,MEDIUM,11,2026-08-24
Add support for billing in payments service,New requirement from sales: notification service needs session capability.,Feature Development,MEDIUM,12,2026-08-25
Investigate billing performance issue in search service,Team needs a recommendation on chat approach for notification service.,Research,MEDIUM,6,2026-08-19
Fix race condition in user service module,Users report session fails intermittently after the latest deploy to backend API. Important for the client demo next week.,Bug Fix,HIGH,5,2026-08-18
Fix broken SSO button on mobile app page,"QA found this reproducible on billing module under OAuth token load. Critical: production is down, all hands on this now.",Bug Fix,URGENT,0,2026-08-13
Create wireframes for SSO flow,"Need updated mockups for user service before dev starts. Nice to have, low priority.",Design,LOW,21,2026-09-03
Research SSO options for user service,Explore whether export is viable for the user service rewrite.,Research,MEDIUM,10,2026-08-23
Design icon set for search service,Need updated mockups for search service before dev starts.,Design,MEDIUM,8,2026-08-21
Create upload integration with reporting engine,Product wants payment support added to the checkout flow module this quarter. Can be picked up next quarter.,Feature Development,LOW,58,2026-10-10
Write API docs for backend API endpoints,"API consumers are confused about user service usage, needs docs. Nice to have, low priority.",Documentation,LOW,38,2026-09-20
Implement billing export for backend API,New requirement from sales: mobile app needs payment capability. This is a P0 blocker for the launch tomorrow.,Feature Development,URGENT,0,2026-08-13
Document OAuth token setup process,"API consumers are confused about reporting engine usage, needs docs. This is a P0 blocker for the launch tomorrow.",Documentation,URGENT,-1,2026-08-12
Rotate user profile credentials for billing module,Pen test found an exposed chat in the React frontend API. This is high priority for the upcoming release.,Security,HIGH,3,2026-08-16
Implement dark mode for checkout flow,Product wants OAuth token support added to the backend API module this quarter. This is high priority for the upcoming release.,Feature Development,HIGH,1,2026-08-14
Write API docs for React frontend endpoints,The billing process isn't documented anywhere; write a guide.,Documentation,MEDIUM,14,2026-08-27
Update admin dashboard to latest framework version,"Tech debt in notification service is slowing down feature work, needs refactor. Needed before end of sprint, please prioritize.",Maintenance,HIGH,3,2026-08-16
Increase test coverage on React frontend,Coverage on mobile app is below target; add tests before release. This is blocking the release and needs to be fixed ASAP.,Testing,URGENT,0,2026-08-13
Set up retro for payments service team,"Prepare status update for chat to share with leadership. No rush, whenever you get a chance.",Meeting/Admin,LOW,34,2026-09-16
Prepare slides for mobile app review,Prepare status update for analytics to share with leadership. This is high priority for the upcoming release.,Meeting/Admin,HIGH,4,2026-08-17
Coordinate SSO kickoff meeting,Need to align stakeholders on checkout flow before next sprint.,Meeting/Admin,MEDIUM,12,2026-08-25
Schedule sprint planning for mobile app,"Prepare status update for search to share with leadership. No rush, whenever you get a chance.",Meeting/Admin,LOW,56,2026-10-08
Fix exposed search endpoint in notification service,Compliance requires rotating authentication used by backend API this month. Important for the client demo next week.,Security,HIGH,4,2026-08-17
Configure autoscaling for search service,Need to migrate backend API off legacy infrastructure this quarter.,DevOps/Infrastructure,MEDIUM,10,2026-08-23
Implement billing export for notification service,Product wants OAuth token support added to the billing module module this quarter.,Feature Development,MEDIUM,8,2026-08-21
Investigate SSO performance issue in auth service,"Unclear why auth service is slow under chat; needs investigation. Someday/maybe, not time sensitive.",Research,LOW,56,2026-10-08
Fix incorrect checkout calculation in search service,Regression introduced by last sprint's changes to notification service; needs a hotfix.,Bug Fix,MEDIUM,5,2026-08-18
Coordinate OAuth token kickoff meeting,"Prepare status update for chat to share with leadership. Nice to have, low priority.",Meeting/Admin,LOW,38,2026-09-20
Patch memory leak in payments service service,Regression introduced by last sprint's changes to user service; needs a hotfix.,Bug Fix,MEDIUM,9,2026-08-22
Create onboarding guide for billing module,"API consumers are confused about admin dashboard usage, needs docs. Someday/maybe, not time sensitive.",Documentation,LOW,40,2026-09-22
Investigate search performance issue in backend API,Unclear why user service is slow under export; needs investigation.,Research,MEDIUM,5,2026-08-18
Schedule sprint planning for reporting engine,"Need to align stakeholders on notification service before next sprint. Someday/maybe, not time sensitive.",Meeting/Admin,LOW,44,2026-09-26
Evaluate reporting libraries for checkout flow,Team needs a recommendation on payment approach for billing module.,Research,MEDIUM,11,2026-08-24
Schedule sprint planning for auth service,Book time with admin dashboard team to discuss mobile plan.,Meeting/Admin,MEDIUM,11,2026-08-24
Evaluate search libraries for backend API,Explore whether reporting is viable for the mobile app rewrite. Can be picked up next quarter.,Research,LOW,14,2026-08-27
Set up CI/CD pipeline for billing module,Ops wants alerting configured for payments service before it handles more traffic.,DevOps/Infrastructure,MEDIUM,12,2026-08-25
Research session options for mobile app,Explore whether OAuth token is viable for the search service rewrite.,Research,MEDIUM,7,2026-08-20
Fix broken payment button on auth service page,"Regression introduced by last sprint's changes to search service; needs a hotfix. Customer-facing outage, top priority.",Bug Fix,URGENT,1,2026-08-14
Coordinate reporting kickoff meeting,Need to align stakeholders on React frontend before next sprint.,Meeting/Admin,MEDIUM,3,2026-08-16
Add regression tests for payments service,"Coverage on notification service is below target; add tests before release. Nice to have, low priority.",Testing,LOW,43,2026-09-25
Add integration tests for mobile flow,Coverage on auth service is below target; add tests before release. This is high priority for the upcoming release.,Testing,HIGH,1,2026-08-14
Create OAuth token integration with mobile app,Customer requested authentication functionality for checkout flow. Important for the client demo next week.,Feature Development,HIGH,1,2026-08-14
Evaluate mobile libraries for admin dashboard,Team needs a recommendation on upload approach for billing module.,Research,MEDIUM,7,2026-08-20
Design icon set for billing module,Need updated mockups for mobile app before dev starts. This is high priority for the upcoming release.,Design,HIGH,4,2026-08-17
Patch payment vulnerability in checkout flow,"Security scan flagged a search vulnerability in backend API. Someday/maybe, not time sensitive.",Security,LOW,50,2026-10-02
Upgrade admin dashboard dependencies,user service dependencies are several versions behind and need upgrading. This is high priority for the upcoming release.,Maintenance,HIGH,1,2026-08-14
Research OAuth token options for React frontend,"Unclear why backend API is slow under billing; needs investigation. No rush, whenever you get a chance.",Research,LOW,39,2026-09-21
Write E2E tests for session checkout,"The export flow has no automated tests, causing repeat regressions. Can be picked up next quarter.",Testing,LOW,51,2026-10-03
Add integration tests for search flow,"The search flow has no automated tests, causing repeat regressions. Someday/maybe, not time sensitive.",Testing,LOW,50,2026-10-02
Write unit tests for search service module,"Coverage on admin dashboard is below target; add tests before release. Someday/maybe, not time sensitive.",Testing,LOW,29,2026-09-11
Upgrade notification service dependencies,Remove dead mobile code left over from the old reporting engine implementation.,Maintenance,MEDIUM,8,2026-08-21
Design UI mockups for mobile app,Create a design spec for the new checkout flow experience. Can be picked up next quarter.,Design,LOW,20,2026-09-02
Rotate analytics credentials for checkout flow,"Security scan flagged a search vulnerability in search service. Someday/maybe, not time sensitive.",Security,LOW,25,2026-09-07
Upgrade checkout flow dependencies,"user service dependencies are several versions behind and need upgrading. Needed before end of sprint, please prioritize.",Maintenance,HIGH,1,2026-08-14
Design icon set for payments service,"Current analytics UI feels dated, redesign requested by stakeholders.",Design,MEDIUM,13,2026-08-26
Migrate payments service to new cluster,Ops wants alerting configured for admin dashboard before it handles more traffic.,DevOps/Infrastructure,MEDIUM,6,2026-08-19
Fix exposed user profile endpoint in checkout flow,Compliance requires rotating export used by checkout flow this month.,Security,MEDIUM,10,2026-08-23
Resolve data corruption in backend API,"QA found this reproducible on search service under analytics load. Someday/maybe, not time sensitive.",Bug Fix,LOW,15,2026-08-28
Write API docs for backend API endpoints,"API consumers are confused about React frontend usage, needs docs.",Documentation,MEDIUM,5,2026-08-18
Patch search vulnerability in payments service,Security scan flagged a session vulnerability in mobile app. Can be picked up next quarter.,Security,LOW,29,2026-09-11
Patch user profile vulnerability in admin dashboard,Compliance requires rotating upload used by backend API this month.,Security,MEDIUM,5,2026-08-18
Document payment setup process,"New engineers need clearer docs on how backend API works. Nice to have, low priority.",Documentation,LOW,36,2026-09-18
Implement search export for mobile app,"Design has finalized mockups for the reporting feature in backend API. Critical: production is down, all hands on this now.",Feature Development,URGENT,0,2026-08-13
Redesign reporting engine settings page,Create a design spec for the new backend API experience. Important for the client demo next week.,Design,HIGH,5,2026-08-18
Clean up unused analytics in notification service,Remove dead payment code left over from the old notification service implementation. This is high priority for the upcoming release.,Maintenance,HIGH,3,2026-08-16
Write E2E tests for session checkout,QA wants automated E2E coverage for authentication before launch. This is a P0 blocker for the launch tomorrow.,Testing,URGENT,-2,2026-08-11
Provision new analytics environment,Ops wants alerting configured for notification service before it handles more traffic. Important for the client demo next week.,DevOps/Infrastructure,HIGH,3,2026-08-16
Add session filtering to checkout flow dashboard,"Product wants billing support added to the mobile app module this quarter. Someday/maybe, not time sensitive.",Feature Development,LOW,34,2026-09-16
Rotate mobile credentials for React frontend,Security scan flagged a payment vulnerability in search service.,Security,MEDIUM,4,2026-08-17
Set up retro for checkout flow team,Prepare status update for user profile to share with leadership. This is blocking the release and needs to be fixed ASAP.,Meeting/Admin,URGENT,1,2026-08-14
Write architecture doc for admin dashboard,"API consumers are confused about checkout flow usage, needs docs. Important for the client demo next week.",Documentation,HIGH,3,2026-08-16
Patch upload vulnerability in payments service,"Security scan flagged a authentication vulnerability in search service. Critical: production is down, all hands on this now.",Security,URGENT,-2,2026-08-11
Coordinate payment kickoff meeting,Prepare status update for search to share with leadership. Can be picked up next quarter.,Meeting/Admin,LOW,44,2026-09-26
Migrate billing module to new cluster,Ops wants alerting configured for user service before it handles more traffic. This is high priority for the upcoming release.,DevOps/Infrastructure,HIGH,2,2026-08-15
Resolve data corruption in search service,Stack trace shows a mobile exception thrown from the backend API handler.,Bug Fix,MEDIUM,5,2026-08-18
Clean up unused reporting in payments service,"Tech debt in notification service is slowing down feature work, needs refactor. This is high priority for the upcoming release.",Maintenance,HIGH,1,2026-08-14
Migrate mobile app to new cluster,"Need to migrate mobile app off legacy infrastructure this quarter. Critical: production is down, all hands on this now.",DevOps/Infrastructure,URGENT,-1,2026-08-12
Add support for export in React frontend,"Design has finalized mockups for the payment feature in auth service. Someday/maybe, not time sensitive.",Feature Development,LOW,45,2026-09-27
Fix exposed export endpoint in payments service,Pen test found an exposed billing in the checkout flow API. Can be picked up next quarter.,Security,LOW,58,2026-10-10
Create wireframes for search flow,Create a design spec for the new notification service experience. Can be picked up next quarter.,Design,LOW,54,2026-10-06
Provision new SSO environment,"Ops wants alerting configured for reporting engine before it handles more traffic. No rush, whenever you get a chance.",DevOps/Infrastructure,LOW,33,2026-09-15
Update backend API to latest framework version,"Tech debt in auth service is slowing down feature work, needs refactor.",Maintenance,MEDIUM,12,2026-08-25
Add integration tests for session flow,"Coverage on checkout flow is below target; add tests before release. Someday/maybe, not time sensitive.",Testing,LOW,36,2026-09-18
Build new checkout flow onboarding flow,Product wants search support added to the mobile app module this quarter.,Feature Development,MEDIUM,11,2026-08-24
Design icon set for backend API,Create a design spec for the new auth service experience.,Design,MEDIUM,8,2026-08-21
Refactor legacy reporting engine code,Remove dead search code left over from the old mobile app implementation.,Maintenance,MEDIUM,14,2026-08-27
Prepare slides for payments service review,Need to align stakeholders on billing module before next sprint. Important for the client demo next week.,Meeting/Admin,HIGH,2,2026-08-15
Rotate reporting credentials for admin dashboard,Security scan flagged a OAuth token vulnerability in auth service. Can be picked up next quarter.,Security,LOW,19,2026-09-01
Fix exposed search endpoint in billing module,"Security scan flagged a search vulnerability in payments service. No rush, whenever you get a chance.",Security,LOW,20,2026-09-02
Refactor legacy reporting engine code,Remove dead session code left over from the old auth service implementation.,Maintenance,MEDIUM,7,2026-08-20
Prepare slides for user service review,"Need to align stakeholders on admin dashboard before next sprint. No rush, whenever you get a chance.",Meeting/Admin,LOW,19,2026-09-01
Update README for admin dashboard service,New engineers need clearer docs on how checkout flow works.,Documentation,MEDIUM,12,2026-08-25
Fix crash when upload on reporting engine,"QA found this reproducible on payments service under authentication load. Someday/maybe, not time sensitive.",Bug Fix,LOW,16,2026-08-29
Create onboarding guide for backend API,"The session process isn't documented anywhere; write a guide. No rush, whenever you get a chance.",Documentation,LOW,51,2026-10-03
Set up monitoring for payments service service,admin dashboard deploys are manual and error-prone; automate with CI/CD.,DevOps/Infrastructure,MEDIUM,3,2026-08-16
Add regression tests for backend API,QA wants automated E2E coverage for SSO before launch.,Testing,MEDIUM,6,2026-08-19
Migrate checkout flow to new cluster,payments service deploys are manual and error-prone; automate with CI/CD. Important for the client demo next week.,DevOps/Infrastructure,HIGH,1,2026-08-14
Add support for payment in user service,Product wants analytics support added to the backend API module this quarter.,Feature Development,MEDIUM,3,2026-08-16
Refactor legacy search service code,Remove dead mobile code left over from the old mobile app implementation.,Maintenance,MEDIUM,9,2026-08-22
Implement dark mode for user service,"Product wants billing support added to the user service module this quarter. Someday/maybe, not time sensitive.",Feature Development,LOW,32,2026-09-14
Add regression tests for mobile app,Coverage on checkout flow is below target; add tests before release. Important for the client demo next week.,Testing,HIGH,2,2026-08-15
Increase test coverage on React frontend,"The OAuth token flow has no automated tests, causing repeat regressions.",Testing,MEDIUM,6,2026-08-19
Add OAuth token filtering to notification service dashboard,Customer requested checkout functionality for backend API.,Feature Development,MEDIUM,12,2026-08-25
Redesign React frontend settings page,"Current user profile UI feels dated, redesign requested by stakeholders. No rush, whenever you get a chance.",Design,LOW,38,2026-09-20
Configure autoscaling for admin dashboard,reporting engine deploys are manual and error-prone; automate with CI/CD. This is high priority for the upcoming release.,DevOps/Infrastructure,HIGH,4,2026-08-17
Set up retro for mobile app team,Prepare status update for authentication to share with leadership.,Meeting/Admin,MEDIUM,14,2026-08-27
Increase test coverage on admin dashboard,"Coverage on backend API is below target; add tests before release. Someday/maybe, not time sensitive.",Testing,LOW,18,2026-08-31
Coordinate OAuth token kickoff meeting,Need to align stakeholders on billing module before next sprint.,Meeting/Admin,MEDIUM,4,2026-08-17
Prepare slides for admin dashboard review,Book time with backend API team to discuss search plan. Can be picked up next quarter.,Meeting/Admin,LOW,49,2026-10-01
Write E2E tests for user profile checkout,"The checkout flow has no automated tests, causing repeat regressions. Important for the client demo next week.",Testing,HIGH,3,2026-08-16
Investigate SSO performance issue in notification service,Explore whether OAuth token is viable for the user service rewrite.,Research,MEDIUM,10,2026-08-23
Patch search vulnerability in mobile app,Pen test found an exposed SSO in the billing module API.,Security,MEDIUM,6,2026-08-19
Evaluate authentication libraries for billing module,Explore whether mobile is viable for the admin dashboard rewrite.,Research,MEDIUM,5,2026-08-18
Add regression tests for reporting engine,QA wants automated E2E coverage for user profile before launch.,Testing,MEDIUM,3,2026-08-16
Audit billing module for security issues,Pen test found an exposed export in the mobile app API.,Security,MEDIUM,7,2026-08-20
Write API docs for reporting engine endpoints,"The payment process isn't documented anywhere; write a guide. No rush, whenever you get a chance.",Documentation,LOW,16,2026-08-29
Rotate billing credentials for billing module,Security scan flagged a user profile vulnerability in auth service.,Security,MEDIUM,7,2026-08-20
Set up retro for React frontend team,Prepare status update for payment to share with leadership.,Meeting/Admin,MEDIUM,11,2026-08-24
Redesign search service settings page,Need updated mockups for reporting engine before dev starts.,Design,MEDIUM,11,2026-08-24
Coordinate session kickoff meeting,"Prepare status update for session to share with leadership. Nice to have, low priority.",Meeting/Admin,LOW,57,2026-10-09
Evaluate authentication libraries for billing module,"Team needs a recommendation on reporting approach for auth service. Needed before end of sprint, please prioritize.",Research,HIGH,1,2026-08-14
Clean up unused OAuth token in billing module,Remove dead upload code left over from the old checkout flow implementation. This is blocking the release and needs to be fixed ASAP.,Maintenance,URGENT,-1,2026-08-12
Set up retro for reporting engine team,Need to align stakeholders on React frontend before next sprint. This is a P0 blocker for the launch tomorrow.,Meeting/Admin,URGENT,0,2026-08-13
Set up CI/CD pipeline for search service,Ops wants alerting configured for billing module before it handles more traffic.,DevOps/Infrastructure,MEDIUM,7,2026-08-20
Increase test coverage on user service,Coverage on backend API is below target; add tests before release. This is high priority for the upcoming release.,Testing,HIGH,4,2026-08-17
Design icon set for billing module,Need updated mockups for backend API before dev starts.,Design,MEDIUM,13,2026-08-26
Prepare slides for user service review,Prepare status update for analytics to share with leadership.,Meeting/Admin,MEDIUM,5,2026-08-18
Update README for user service service,The session process isn't documented anywhere; write a guide.,Documentation,MEDIUM,4,2026-08-17
Patch SSO vulnerability in billing module,Pen test found an exposed chat in the auth service API.,Security,MEDIUM,8,2026-08-21
Add regression tests for mobile app,QA wants automated E2E coverage for upload before launch.,Testing,MEDIUM,6,2026-08-19
Fix exposed payment endpoint in admin dashboard,Compliance requires rotating OAuth token used by payments service this month.,Security,MEDIUM,14,2026-08-27
Fix exposed authentication endpoint in backend API,Compliance requires rotating OAuth token used by mobile app this month. Can be picked up next quarter.,Security,LOW,15,2026-08-28
Create wireframes for search flow,"Create a design spec for the new backend API experience. Needed before end of sprint, please prioritize.",Design,HIGH,4,2026-08-17
Add support for OAuth token in user service,Customer requested mobile functionality for user service.,Feature Development,MEDIUM,5,2026-08-18
Resolve login failure for authentication users,"Users report billing fails intermittently after the latest deploy to notification service. Nice to have, low priority.",Bug Fix,LOW,46,2026-09-28
Patch export vulnerability in checkout flow,Compliance requires rotating session used by payments service this month.,Security,MEDIUM,11,2026-08-24
Create onboarding guide for mobile app,New engineers need clearer docs on how notification service works.,Documentation,MEDIUM,10,2026-08-23
Resolve data corruption in admin dashboard,Regression introduced by last sprint's changes to user service; needs a hotfix.,Bug Fix,MEDIUM,5,2026-08-18
Fix incorrect analytics calculation in reporting engine,Stack trace shows a session exception thrown from the React frontend handler.,Bug Fix,MEDIUM,6,2026-08-19
Configure autoscaling for auth service,"Ops wants alerting configured for backend API before it handles more traffic. Urgent request from the CEO, needs to ship today.",DevOps/Infrastructure,URGENT,1,2026-08-14
Schedule sprint planning for checkout flow,"Need to align stakeholders on checkout flow before next sprint. Needed before end of sprint, please prioritize.",Meeting/Admin,HIGH,4,2026-08-17
Write unit tests for admin dashboard module,QA wants automated E2E coverage for chat before launch. Can be picked up next quarter.,Testing,LOW,28,2026-09-10
Clean up unused export in notification service,"payments service dependencies are several versions behind and need upgrading. No rush, whenever you get a chance.",Maintenance,LOW,43,2026-09-25
Upgrade search service dependencies,Remove dead OAuth token code left over from the old backend API implementation.,Maintenance,MEDIUM,9,2026-08-22
Create wireframes for export flow,"Current session UI feels dated, redesign requested by stakeholders.",Design,MEDIUM,3,2026-08-16
Create export integration with admin dashboard,New requirement from sales: auth service needs session capability.,Feature Development,MEDIUM,8,2026-08-21
Fix incorrect billing calculation in backend API,"Users report billing fails intermittently after the latest deploy to backend API. Nice to have, low priority.",Bug Fix,LOW,40,2026-09-22
Design UI mockups for backend API,Need updated mockups for billing module before dev starts.,Design,MEDIUM,3,2026-08-16
Upgrade payments service dependencies,"Tech debt in billing module is slowing down feature work, needs refactor. Important for the client demo next week.",Maintenance,HIGH,5,2026-08-18
Document OAuth token setup process,"API consumers are confused about backend API usage, needs docs.",Documentation,MEDIUM,3,2026-08-16
Prepare slides for billing module review,"Book time with mobile app team to discuss upload plan. Nice to have, low priority.",Meeting/Admin,LOW,55,2026-10-07
Coordinate checkout kickoff meeting,Prepare status update for chat to share with leadership.,Meeting/Admin,MEDIUM,12,2026-08-25
Implement dark mode for user service,Product wants search support added to the search service module this quarter.,Feature Development,MEDIUM,5,2026-08-18
Fix crash when chat on payments service,Users report payment fails intermittently after the latest deploy to checkout flow. This is high priority for the upcoming release.,Bug Fix,HIGH,2,2026-08-15
Evaluate export libraries for admin dashboard,"Unclear why notification service is slow under user profile; needs investigation. Needed before end of sprint, please prioritize.",Research,HIGH,4,2026-08-17
Document reporting setup process,"API consumers are confused about search service usage, needs docs. No rush, whenever you get a chance.",Documentation,LOW,25,2026-09-07
Address null pointer exception in auth service,Stack trace shows a user profile exception thrown from the payments service handler.,Bug Fix,MEDIUM,8,2026-08-21
Write E2E tests for upload checkout,"QA wants automated E2E coverage for checkout before launch. Someday/maybe, not time sensitive.",Testing,LOW,37,2026-09-19
Write unit tests for billing module module,"The upload flow has no automated tests, causing repeat regressions.",Testing,MEDIUM,14,2026-08-27
Fix incorrect upload calculation in user service,QA found this reproducible on payments service under mobile load. Can be picked up next quarter.,Bug Fix,LOW,29,2026-09-11
Investigate search performance issue in reporting engine,Unclear why mobile app is slow under mobile; needs investigation.,Research,MEDIUM,14,2026-08-27
Investigate chat performance issue in React frontend,Explore whether chat is viable for the search service rewrite. Can be picked up next quarter.,Research,LOW,57,2026-10-09
Fix incorrect OAuth token calculation in user service,Regression introduced by last sprint's changes to billing module; needs a hotfix.,Bug Fix,MEDIUM,4,2026-08-17
Provision new billing environment,"mobile app deploys are manual and error-prone; automate with CI/CD. Needed before end of sprint, please prioritize.",DevOps/Infrastructure,HIGH,4,2026-08-17
Evaluate payment libraries for payments service,Team needs a recommendation on authentication approach for backend API.,Research,MEDIUM,10,2026-08-23
Fix exposed user profile endpoint in checkout flow,Security scan flagged a search vulnerability in mobile app.,Security,MEDIUM,12,2026-08-25
Prepare slides for reporting engine review,Need to align stakeholders on payments service before next sprint.,Meeting/Admin,MEDIUM,9,2026-08-22
Update README for checkout flow service,"API consumers are confused about backend API usage, needs docs.",Documentation,MEDIUM,9,2026-08-22
Create session integration with checkout flow,"Customer requested search functionality for notification service. Someday/maybe, not time sensitive.",Feature Development,LOW,53,2026-10-05
Rotate upload credentials for reporting engine,Compliance requires rotating SSO used by reporting engine this month.,Security,MEDIUM,6,2026-08-19
Provision new analytics environment,Need to migrate billing module off legacy infrastructure this quarter.,DevOps/Infrastructure,MEDIUM,10,2026-08-23
Prepare slides for user service review,"Need to align stakeholders on React frontend before next sprint. Needed before end of sprint, please prioritize.",Meeting/Admin,HIGH,2,2026-08-15
Address null pointer exception in checkout flow,"Stack trace shows a checkout exception thrown from the mobile app handler. Needed before end of sprint, please prioritize.",Bug Fix,HIGH,2,2026-08-15
Patch search vulnerability in payments service,Pen test found an exposed mobile in the backend API API. This is blocking the release and needs to be fixed ASAP.,Security,URGENT,0,2026-08-13
Design UI mockups for auth service,"Create a design spec for the new user service experience. Needed before end of sprint, please prioritize.",Design,HIGH,1,2026-08-14
Create wireframes for OAuth token flow,"Current analytics UI feels dated, redesign requested by stakeholders. Urgent request from the CEO, needs to ship today.",Design,URGENT,-2,2026-08-11
Fix incorrect chat calculation in checkout flow,"QA found this reproducible on payments service under reporting load. Someday/maybe, not time sensitive.",Bug Fix,LOW,22,2026-09-04
Resolve data corruption in mobile app,"QA found this reproducible on payments service under user profile load. Nice to have, low priority.",Bug Fix,LOW,32,2026-09-14
Fix broken upload button on reporting engine page,Stack trace shows a mobile exception thrown from the billing module handler. Important for the client demo next week.,Bug Fix,HIGH,2,2026-08-15
Fix race condition in user service module,Users report upload fails intermittently after the latest deploy to admin dashboard.,Bug Fix,MEDIUM,12,2026-08-25
Evaluate session libraries for checkout flow,Explore whether session is viable for the backend API rewrite.,Research,MEDIUM,8,2026-08-21
Evaluate session libraries for backend API,Team needs a recommendation on billing approach for auth service.,Research,MEDIUM,13,2026-08-26
Fix race condition in user service module,QA found this reproducible on billing module under checkout load.,Bug Fix,MEDIUM,8,2026-08-21
Prepare slides for auth service review,"Book time with admin dashboard team to discuss export plan. No rush, whenever you get a chance.",Meeting/Admin,LOW,33,2026-09-15
Increase test coverage on admin dashboard,Coverage on payments service is below target; add tests before release. This is high priority for the upcoming release.,Testing,HIGH,2,2026-08-15
Coordinate OAuth token kickoff meeting,Need to align stakeholders on backend API before next sprint.,Meeting/Admin,MEDIUM,10,2026-08-23
Add integration tests for checkout flow,"The mobile flow has no automated tests, causing repeat regressions.",Testing,MEDIUM,12,2026-08-25
Write API docs for reporting engine endpoints,"The OAuth token process isn't documented anywhere; write a guide. No rush, whenever you get a chance.",Documentation,LOW,51,2026-10-03
Add regression tests for notification service,"Coverage on backend API is below target; add tests before release. Needed before end of sprint, please prioritize.",Testing,HIGH,2,2026-08-15
Redesign search service settings page,"Current chat UI feels dated, redesign requested by stakeholders. Urgent request from the CEO, needs to ship today.",Design,URGENT,1,2026-08-14
Research billing options for reporting engine,Explore whether authentication is viable for the payments service rewrite. Can be picked up next quarter.,Research,LOW,18,2026-08-31
Fix race condition in mobile app module,"Users report SSO fails intermittently after the latest deploy to checkout flow. Customer-facing outage, top priority.",Bug Fix,URGENT,-2,2026-08-11
Clean up unused checkout in search service,"Remove dead payment code left over from the old auth service implementation. Needed before end of sprint, please prioritize.",Maintenance,HIGH,5,2026-08-18
Set up CI/CD pipeline for mobile app,Need to migrate admin dashboard off legacy infrastructure this quarter. This is blocking the release and needs to be fixed ASAP.,DevOps/Infrastructure,URGENT,0,2026-08-13
Upgrade mobile app dependencies,"Remove dead analytics code left over from the old React frontend implementation. No rush, whenever you get a chance.",Maintenance,LOW,34,2026-09-16
Coordinate user profile kickoff meeting,Book time with auth service team to discuss authentication plan.,Meeting/Admin,MEDIUM,12,2026-08-25
Create mobile integration with auth service,"Customer requested OAuth token functionality for search service. Urgent request from the CEO, needs to ship today.",Feature Development,URGENT,-2,2026-08-11
Rotate session credentials for backend API,"Compliance requires rotating user profile used by mobile app this month. No rush, whenever you get a chance.",Security,LOW,48,2026-09-30
Design UI mockups for notification service,Create a design spec for the new reporting engine experience.,Design,MEDIUM,5,2026-08-18
Add support for mobile in auth service,New requirement from sales: user service needs upload capability.,Feature Development,MEDIUM,5,2026-08-18
Fix incorrect chat calculation in mobile app,QA found this reproducible on admin dashboard under export load.,Bug Fix,MEDIUM,14,2026-08-27
Fix race condition in billing module module,"Users report search fails intermittently after the latest deploy to user service. Needed before end of sprint, please prioritize.",Bug Fix,HIGH,3,2026-08-16
Create user profile integration with reporting engine,Customer requested analytics functionality for checkout flow. This is high priority for the upcoming release.,Feature Development,HIGH,2,2026-08-15
Set up monitoring for notification service service,notification service deploys are manual and error-prone; automate with CI/CD.,DevOps/Infrastructure,MEDIUM,10,2026-08-23
Redesign backend API settings page,"Create a design spec for the new billing module experience. Someday/maybe, not time sensitive.",Design,LOW,45,2026-09-27
Fix race condition in checkout flow module,"Stack trace shows a mobile exception thrown from the auth service handler. No rush, whenever you get a chance.",Bug Fix,LOW,48,2026-09-30
Create wireframes for checkout flow,"Need updated mockups for payments service before dev starts. Someday/maybe, not time sensitive.",Design,LOW,20,2026-09-02
Build new admin dashboard onboarding flow,Design has finalized mockups for the chat feature in backend API. Important for the client demo next week.,Feature Development,HIGH,2,2026-08-15
Write API docs for checkout flow endpoints,"API consumers are confused about backend API usage, needs docs. Important for the client demo next week.",Documentation,HIGH,2,2026-08-15
Write API docs for notification service endpoints,"API consumers are confused about search service usage, needs docs.",Documentation,MEDIUM,10,2026-08-23
Coordinate reporting kickoff meeting,"Prepare status update for user profile to share with leadership. No rush, whenever you get a chance.",Meeting/Admin,LOW,48,2026-09-30
Update README for search service service,New engineers need clearer docs on how user service works. Can be picked up next quarter.,Documentation,LOW,60,2026-10-12
Add regression tests for user service,"The SSO flow has no automated tests, causing repeat regressions. Nice to have, low priority.",Testing,LOW,40,2026-09-22
Update README for reporting engine service,"API consumers are confused about backend API usage, needs docs.",Documentation,MEDIUM,3,2026-08-16
Create onboarding guide for reporting engine,"API consumers are confused about backend API usage, needs docs. Important for the client demo next week.",Documentation,HIGH,5,2026-08-18
Schedule sprint planning for user service,Book time with backend API team to discuss authentication plan. This is high priority for the upcoming release.,Meeting/Admin,HIGH,4,2026-08-17
Write unit tests for user service module,Coverage on backend API is below target; add tests before release.,Testing,MEDIUM,5,2026-08-18
Upgrade auth service dependencies,"Tech debt in backend API is slowing down feature work, needs refactor.",Maintenance,MEDIUM,12,2026-08-25
Implement OAuth token export for notification service,"Product wants upload support added to the React frontend module this quarter. No rush, whenever you get a chance.",Feature Development,LOW,29,2026-09-11
Patch memory leak in payments service service,"Users report upload fails intermittently after the latest deploy to admin dashboard. Needed before end of sprint, please prioritize.",Bug Fix,HIGH,2,2026-08-15
Coordinate upload kickoff meeting,Book time with mobile app team to discuss upload plan. This is high priority for the upcoming release.,Meeting/Admin,HIGH,5,2026-08-18
Create onboarding guide for backend API,"API consumers are confused about billing module usage, needs docs.",Documentation,MEDIUM,5,2026-08-18
Coordinate session kickoff meeting,Prepare status update for export to share with leadership. Important for the client demo next week.,Meeting/Admin,HIGH,5,2026-08-18
Write API docs for admin dashboard endpoints,"API consumers are confused about checkout flow usage, needs docs. Important for the client demo next week.",Documentation,HIGH,3,2026-08-16
Add regression tests for React frontend,QA wants automated E2E coverage for mobile before launch.,Testing,MEDIUM,14,2026-08-27
Update auth service to latest framework version,"Tech debt in notification service is slowing down feature work, needs refactor. Important for the client demo next week.",Maintenance,HIGH,3,2026-08-16
Spike on search feasibility for payments service,Explore whether SSO is viable for the auth service rewrite.,Research,MEDIUM,4,2026-08-17
Set up retro for mobile app team,"Book time with user service team to discuss authentication plan. Customer-facing outage, top priority.",Meeting/Admin,URGENT,-2,2026-08-11
Evaluate user profile libraries for billing module,"Unclear why search service is slow under mobile; needs investigation. Customer-facing outage, top priority.",Research,URGENT,-1,2026-08-12
Spike on mobile feasibility for payments service,Team needs a recommendation on reporting approach for React frontend.,Research,MEDIUM,8,2026-08-21
Resolve login failure for reporting users,"Users report checkout fails intermittently after the latest deploy to search service. Needed before end of sprint, please prioritize.",Bug Fix,HIGH,1,2026-08-14
Spike on SSO feasibility for React frontend,Unclear why backend API is slow under authentication; needs investigation. Important for the client demo next week.,Research,HIGH,5,2026-08-18
Fix broken search button on payments service page,"Regression introduced by last sprint's changes to React frontend; needs a hotfix. Needed before end of sprint, please prioritize.",Bug Fix,HIGH,3,2026-08-16
Design icon set for admin dashboard,Need updated mockups for user service before dev starts. Can be picked up next quarter.,Design,LOW,27,2026-09-09
Implement dark mode for mobile app,Customer requested upload functionality for backend API. Important for the client demo next week.,Feature Development,HIGH,1,2026-08-14
Patch SSO vulnerability in auth service,Compliance requires rotating export used by checkout flow this month.,Security,MEDIUM,9,2026-08-22
Design icon set for notification service,"Current reporting UI feels dated, redesign requested by stakeholders. Nice to have, low priority.",Design,LOW,26,2026-09-08
Provision new billing environment,Ops wants alerting configured for billing module before it handles more traffic.,DevOps/Infrastructure,MEDIUM,11,2026-08-24
Fix broken export button on search service page,"Users report SSO fails intermittently after the latest deploy to payments service. Someday/maybe, not time sensitive.",Bug Fix,LOW,44,2026-09-26
Add support for user profile in notification service,"Product wants SSO support added to the auth service module this quarter. Critical: production is down, all hands on this now.",Feature Development,URGENT,-1,2026-08-12
